Должность,Работодатель,ЗП от (т.р.),ЗП до (т.р.),Средний совокупный доход при графике 2/2 по 12 часов,В час,"Длительность 
смены","Требуемый
опыт",Труд-во,График,"Частота 
выплат",Льготы,Обязаности,Ссылка
Менеджер по оптовым продажам автозапчастей (начинающий специалист),ББС,,,,,,Нет опыта,ТК,5/2,Ежемесячно,премии,"Поддержание действующей клиентской базы. Выстраивание долгосрочных отношений с контрагентами. Анализ продаж и выработка предложений по их росту. Контроль отгрузок и дебиторской задолженности, работа в 1С (научим). Ключевые качества, навыки: Опытный пользователь ПК. Отличные коммуникативные навыки, активная жизненная позиция, ориентация на результат. Грамотная устная и письменная речь. Опыт работы в продажах автозапчастей в секторе B2B будет являться преимуществом.",https://hh.ru/vacancy/124259885
Менеджер по работе с клиентами,Лада-Престиж,100.0,400.0,,,'10-19,От 1 года до 3 лет,ТК,"5/2, 10/19",,"скидки, обучение","Обработка входящих запросов + активный поиск клиентов — Холодные звонки и развитие клиентской базы B2B — Консультации по техническим параметрам запчастей — Работа с договорами и контроль сделок — Составление КП, выставление счетов — Подбор и продажа автозапчастей клиентам — Консультация клиентов по подбору з/ч — Формирование возвратных грузов — Работа во внутреннем каталоге СRM (научим) — Наработка своей клиентской базы (СТО, автопарки, магазины); — Работа с действующей холодной базой клиентов в CRM; — Контроль оплаты и отгрузки товаров; — Договорная работа; — Работа с дебиторской задолженностью; — Выезд на встречу к клиентам если потребуется; — Выезд на железный рынок для переговоров офлайн с клиентами; НАШИ ПЛЮСЫ: - Минимальная бюрократия -Горизонтальное развитие + неограниченный рост дохода при результативности. -Компания готова предложить индивидуальные условия оплаты для кандидатов с выдающимися результатами в продажах -Достойную заработную плату, без задержек (оклад + KPI) -Предоставление базы работающих клиентов для быстрого старта продаж -Реальную перспективу карьерного роста",https://hh.ru/vacancy/125437418
Менеджер по работе с клиентами,Мегатрак,80.0,250.0,,,,Нет опыта,ТК,5/2,,,Разработка и внедрение стратегий по привлечению новых клиентов. Ведение и актуализация клиентской базы. Поддержание долгосрочных отношений с клиентами и обеспечение высокого уровня обслуживания. Анализ потребностей клиентов и предложение оптимальных решений. Сотрудничество с другими отделами для обеспечения качественного сервиса.,https://hh.ru/vacancy/125465444
Менеджер по обработке заявок (БЕЗ ПРОДАЖ),Аудио Коннект,55.0,70.0,,,,Нет опыта,ТК,5/2,,"форма, бонус, бонусы, обучение","Быть бизнес-консультантом: Ты будешь находить предпринимателей (ИП) и рассказывать им, как наше решение по предоставлению персонала поможет им масштабироваться и зарабатывать больше. Строить долгосрочные отношения: Ты не прощаешься с клиентом после сделки. Ты становишься для него надежным партнером, к которому можно обратиться с любым вопросом. Стать экспертом в переговорах: Ты освоишь искусство работы с возражениями и научишься находить подход к самым разным людям. Мы ищем тебя, если ты: Хочешь расти в продажах: У тебя есть амбиции и желание хорошо зарабатывать, основанное на своих достижениях. Коммуникабельный и дружелюбный: Тебе нравится общаться с людьми, ты умеешь слушать и слышать собеседника. Целеустремленный и активный: Ты не боишься challenges и готов учиться новому. Неважно, что у тебя в дипломе — важно, что у тебя в голове и в сердце. Ответственный: Ты понимаешь, что от твоей работы зависит успех реальных бизнесов. Опыт не нужен! Мы ценим твой потенциал и желание больше, чем строчки в резюме. Мы всему научим. Что мы предлагаем (твои выгоды): 💰 Выплаты и бонусы , которые зависят от тебя: Конкурентная фиксированная часть + щедрые бонусы за закрытые сделки. Чем больше результата — тем выше заработок. 🏡 Полная свобода выбора: Работай в комфортном офисе, из любой точки мира (удаленно) или совмещай форматы (гибрид). Решаешь только ты. 🧠 Инвестиция в тебя: Полное обучение с нуля, поддержка наставника и постоянное развитие навыков продаж и переговоров. Это твой бесплатный MBA. 🚀 Карьерный рост без границ: Мы растем, и ты сможешь расти вместе с нами: от менеджера до старшего менеджера, тимлида или руководителя направления. 👨👩👧👦 Команда, а не коллектив: Работать у нас — значит быть частью сплоченной команды, где поддерживают, помогают и празднуют общие победы. Кто мы? Группа компаний «Аудио Коннект» — это современный контакт-центр, где каждый голос имеет значение. Мы лидеры рынка, а значит, можем предложить тебе стабильность, надежность и масштабные проекты для работы. Готов начать карьеру в B2B-продажах и заключать серьезные сделки? Не откладывай свое будущее! Откликнись на вакансию прямо сейчас, чтобы наш HR-специалист рассказал тебе все детали. Давай строить твой успех вместе!",https://hh.ru/vacancy/125151901
Менеджер по работе с клиентами,Балу Мебель,50.0,75.0,,,,От 1 года до 3 лет,ТК,5/2,,"бонус, бонусы, обучение","подбор номенклатуры в заказ покупателя; - прием заказов оптовых клиентов по телефону, электронной почте или личном визите; - формирование сопроводительных документов; ▪️Ваши навыки: 1С УНФ приветствуется, но не обязательно. Знание номенклатуры приветствуется, но не обязательно. ▪️От нас: Обучение номенклатуре. Официальное трудоустройство. Куратор при стажировке. Оклад 35 000 + бонусы.",https://hh.ru/vacancy/125358783
Менеджер по работе с клиентами,Трансмясторг,70.0,95.0,,,,Нет опыта,ГПХ,5/2,2 раза в месяц,"обучение, транспорт","Работать с клиентами компании (с момента звонка, до момента получения груза клиентом). Отвечать за загрузку собственного транспорта компании (междугородняя перевозка...",https://hh.ru/vacancy/125296914
Менеджер по продажам,ПК Марка,150.0,,,,,От 1 года до 3 лет,ТК,5/2,2 раза в месяц,обучение,Работа с клиентской базой (без поиска); Построение и развитие долгосрочных партнерских и доверительных отношений; Проведение переговоров и онлайн-встреч; Выезд в командировки; Выполнение плана продаж; Отчетность;,https://hh.ru/vacancy/124594044
Менеджер по работе с клиентами,Негабарит Волга,70.0,200.0,,,,Нет опыта,ТК,5/2,,премии,Организация доставки грузов в обговоренные с заказчиком сроки. Достижение договоренностей с исполнителем (перевозчиком). Оформление договор-заявок и сопутствующей документации. Контроль выполнения договорных обязательств с контр агентами. Расширение базы партнеров. ​​​​​​------------------------------------------------------------------------- Если у вас есть вопросы или вы хотите прийти на интервью — звоните! Мы будем рады вам ответить и пригласить на собеседование.,https://hh.ru/vacancy/125405132
Менеджер по работе с клиентами и маркетплейсами,НМТ,150.0,,,,,От 1 года до 3 лет,ТК,"20/40, 1/2, 5/2",Еженедельно,транспорт,"Работа с маркетплейсами Wildberries, Ozon, Яндекс Маркет; - Регистрация и настройка магазинов; - Создание и оптимизация карточек товаров; - Управление рекламными кампаниями; - Мониторинг цен и акций конкурентов; - Продвижение товаров, управление акциями и скидками; - Обработка заказов с маркетплейсов; - Решение претензий и управление возвратами; - Коммуникация с покупателями; - Взаимодействие с логистикой для контроля сроков доставки; Работа в 1С: - Формирование плана продаж в системе. - Ведение документов по макреплейсам в системе. - Работа с оборачиваемостью продаваемой продукции в системе. Аналитика и планирование: - Мониторинг продаж и ключевых показателей магазинов. - Формирование отчетов. - Прогнозирование спроса и управление запасами. - Анализ эффективности рекламы и товаров. Координация с производством: - Информирование производства о заказах. - Согласование сроков изготовления. - Контроль качества продукции. Оперативная реакция на плохие отзывы. Обсуждение с производством проблем вызывающих плохие отзывы. - Оперативные изменения в карточках товаров. - Ежедневные/еженедельные отчёты о проделанной работе; - Планирование работы; - Работа в проектах; - Работа с задачами.",https://hh.ru/vacancy/125427543
Менеджер отдела продаж,СЦУ Леда,60.0,,,,,Нет опыта,ТК,5/2,,,"Поддержка клиентской базы; Работа в 1С (комплекс); Управление продажами (цены, продвижение, участие в акциях и тп); Мониторинг и анализ рынка (цены, конкуренты, ассортимент и тд); Работа с документацией (в т.ч. с договорами) Взаимодействие с покупателями (ответы на вопросы, работа с отзывами, рекламациями).",https://hh.ru/vacancy/125357345
Менеджер по продажам,ДИТЕК,100.0,200.0,,,,От 1 года до 3 лет,ТК,5/2,,"премии, подарки","Работа по существующей клиентской базе: звонки, формирование предложений. База компаний с контактами имеется! Проведение встреч с Клиентами, как на нашей...",https://hh.ru/vacancy/124730291
Менеджер по продажам,Киселев Владимир Олегович,70.0,150.0,,,,Нет опыта,ТК,5/2,2 раза в месяц,"бонус, бонусы, подарки, обучение",Работать по скриптам. Проводить презентации. Выполнять план по продажам. Взаимодействовать с клиентами. Быть уверенным пользователем ПК.,https://hh.ru/vacancy/125286944
Менеджер по работе с клиентами,ЛЮМ-ТРЕЙД,50.0,60.0,,,,От 1 года до 3 лет,ТК,5/2,,транспорт,"Первичная обработка запросов и заявок через телефонные звонки, электронные письма, CRM-систему, консультирование клиентов по заказам Ведение деловой переписки с клиентами и партнерами Оформление сопроводительных документов на продажу товаров и услуг, выставление счетов и оформление договоров Контроль дебиторской задолженности, работа с платежными документами в программе 1С Ведение учета сделок по продаже товаров Поддержка контакта с постоянными клиентами компаниями",https://hh.ru/vacancy/125397137
Менеджер по продажам,Сухачева Елизавета Сергеевна,40.0,90.0,,,,Нет опыта,ТК,5/2,,обучение,"Поиск и привлечение новых клиентов в сфере общественного питания. Проведение презентаций и демонстраций продуктов компании. Консультирование клиентов по вопросам выбора и внедрения решений RestoPNL. Ведение переговоров и заключение договоров. Поддержание и развитие долгосрочных отношений с клиентами. Анализ рынка и конкурентной среды, выявление новых возможностей для продаж. Выполнение планов по продажам и отчетность перед руководством. Работа с ERP системами",https://hh.ru/vacancy/125379076
Менеджер по продажам,ТрансКонт,70.0,120.0,,,,От 1 года до 3 лет,ТК,5/2,,"питание, премии, бонус, бонусы, обучение","Основная задача: продажа морских контейнеров. Работа с входящими и исходящими звонками. Грамотное общение с клиентами. Подготовка и согласование договоров, сопровождение...",https://hh.ru/vacancy/125424600
Менеджер по работе с клиентами,ПЕРУЗА РУС,70.0,150.0,,,,От 1 года до 3 лет,ТК,5/2,,"премии, обучение","Работа с постоянной базой клиентов, ведение заявок (расчеты, согласование заявки, сдача готового заказа); Обработка входящих звонков, выявление потребности клиента; консультирование по нашей продукции, расчёты стоимости, заключение договора, ведение клиента. работа со &quot;спящими&quot; клиентами.",https://hh.ru/vacancy/124736857
Менеджер по продажам B2B,Русский Опт,60.0,110.0,,,,От 1 года до 3 лет,ГПХ,5/2,2 раза в месяц,"форма, обучение",Холодные звонки B2B по готовой базе и входящим лидам. Полный цикл дистанционной продажи: от первичного контакта до закрытия...,https://hh.ru/vacancy/125358788
Специалист по работе с клиентами косметического бренда (чаты),Teleperformance Russia,45.0,,,,,Нет опыта,ТК,5/2,,"форма, обучение, транспорт",Принимать и обрабатывать входящие обращения Консультация по статусам заказов Помощь в оформлении заказа Вносить информацию в программу Опыт работы не требуется! Мы всему научим и оплатим обучение!,https://hh.ru/vacancy/125469462
Менеджер по продажам,ТехноВиза,150.0,,,,,От 1 года до 3 лет,ТК,5/2,,"бонус, бонусы","Активный поиск и привлечение новых клиентов, в том числе холодные звонки Поддержание и развитие отношений с существующими клиентами Проведение переговоров и заключение договоров на оказание логистических услуг Анализ потребностей клиентов и предложение оптимальных решений Ведение документооборота и отчетности в CRM",https://hh.ru/vacancy/124545301
Менеджер по продажам,ESTEL Тольятти,120.0,,,,,Нет опыта,ТК,5/2,,"подарки, скидки, обучение",Готовую клиентскую базу. Обучение продажам и развитие в индустрии красоты. Общаться с салонами красоты и парикмахерами. Помогать клиентам и делать...,https://hh.ru/vacancy/124446844
Менеджер по оптовым продажам,М5,,300.0,,,,От 3 до 6 лет,ТК,5/2,,,"Развитие и поддержание долгосрочных отношений с клиентами. Поиск и привлечение новых клиентов в B2B сегменте. Проведение переговоров и заключение договоров. Анализ рынка и конкурентной среды. Выполнение планов продаж и увеличение объема продаж. Ведение отчетности и документации по продажам. Основная задача продавать, и продавать много, а условия, поддержка и достойное вознаграждение - с нас!",https://hh.ru/vacancy/125156296
Менеджер по продажам автомобилей GEELY/BELGEE/KNEWSTAR,"Тон-Авто,  г. Тольятти",90.0,180.0,,,,От 1 года до 3 лет,ТК,2/2,,обучение,"Продажи автомобилей: от консультации до заключения сделки. Проведение тест-драйвов, презентация технических особенностей и преимуществ моделей. Подбор дополнительного оборудования, страхования, кредитных и лизинговых программ (включая trade-in). Работа с клиентской базой: от первого контакта до постпродажного сопровождения. Ведение документации в CRM-системе и 1С. Достижение личных и командных KPI. Ты нам нужен! Приходи!",https://hh.ru/vacancy/123958959
Менеджер по работе с клиентами,Asia Transit Group,90.0,200.0,,,,От 1 года до 3 лет,ТК,5/2,Ежемесячно,"обучение, транспорт","Работа с входящими заявками, переданными &quot;Колл-центром&quot; компании (первичные потребности потенциального клиента и желание произвести расчет); - Анализ потребности клиента и подготовка качественного КП по доставке груза из Китая в Россию на основе тарифов и данных; - Ведение и сопровождение клиентов на всех этапах доставки грузов; - Ежедневная коммуникация с новыми и действующими клиентами по расчетам КП и движению груза; - Развитие партнерских взаимоотношений с действующими клиентами и увеличение объема контрактов; - Ведение персонального реестра по новым и действующим клиентам; - Консультация &quot;входящих&quot; клиентов по услугам компании и последующее произведение расчетов; - Анализ потребности клиентов транспортно-логистических услуг (направление Китай); - Активное участие в выполнении плановых коммерческих показателей филиала. Качества и навыки: - Ответственность и целеустремленность; - Умение эффективно использовать рабочее время; - Опыт продаж транспортных услуг (ВЭД- значительное преимущество); - Опыт качественного общения и работы с клиентом; - Грамотная устная и письменная речь; - Владение техникой продаж и умением убеждать; - Уверенное владение основным офисным софтом (Excel, Word, Google Tab, Power Point); - Высокий уровень коммуникабельности и желание работать в команде; - Полное отсутствие конфликтности",https://hh.ru/vacancy/124422654
Менеджер по работе с клиентами в отделение банка,Банк ВТБ (ПАО),80.0,,,,,Нет опыта,ТК,5/2,,,"продажа и консультирование клиентов по продуктам Банка; операционное обслуживание клиентов; привлечение клиентов, выполнение плана продаж.",https://hh.ru/vacancy/124934946
Менеджер по проектным продажам,Завод Евровент,,350.0,,,,От 1 года до 3 лет,ГПХ,5/2,,"бонус, обучение","Взаимодействовать с проектными организациями, общаться с проектировщиками, узнавать об интересных объектах и обеспечивать применение оборудования ""Евровент"" в проектах по строительству...",https://hh.ru/vacancy/125306895
Менеджер по продажам,Айкью Групп,80.0,200.0,,,,От 1 года до 3 лет,ТК,5/2,2 раза в месяц,"обучение, транспорт, кофе, чай","Работа с горячими лидами. Клиенты ждут вашего звонка после целевой рекламы, уже заинтересованы в решении вопроса. Никаких холодных прозвонов, авралов...",https://hh.ru/vacancy/123306337
Менеджер по продажам,Kompas,30.0,200.0,,,,Нет опыта,ТК,5/2,,,Поиск и привлечение новых клиентов. Презентация товаров и услуг компании. Сбор и оформление заявок. Ведение клиентской базы и поддержание долгосрочных отношений с клиентами. Взаимодействие с контрагентами для обеспечения качественного сервиса.,https://hh.ru/vacancy/125455476
Менеджер по продажам/Торговый представитель,"Мираторг, Агропромышленный холдинг",,125.0,,,,От 1 года до 3 лет,ТК,5/2,,"подарки, скидки, обучение",Ведение постоянных клиентов и развитие территории в канале HoReCa. Переговоры и встречи с первыми лицами компаний и шеф-поварами ресторанов...,https://hh.ru/vacancy/122746262
Менеджер по продажам,Пневмостройсервис,200.0,260.0,,,,От 3 до 6 лет,ТК,5/2,,,"Работать с входящим потоком обращений; - Вести переговоры с потенциальными клиентами согласно стандарту работы; - Развитием базы и работой с текущими компаниями; - Производить расчеты заявок с техническим отделом, готовить коммерческие предложения; - Контролировать оплаты заказов; - Вести базу клиентов и сделок в CRM Bitrix24 по регламенту. Каким мы видим нашего кандидата: - Коммуникабельный, доброжелательный, ответственный; - Обладает опытом продаж и ведения переговоров; - Умеет достигать поставленных задач; - Имеет опыт нахождения ЛПР. Что мы предлагаем для Вас: - Отличный продукт с высоким спросом - аналогичные производства часто перегружены и мы легко находим новых клиентов; - Работа с входящим потоком заявок, налаженный маркетинг; - Стабильная и своевременная оплата труда; - Понятная и прозрачная система мотивации: оклад + KPI + %. - Сниженные требования по результатам на испытательном сроке, есть время погрузиться в продукт, адаптироваться, наработать клиентский портфель; - График работы 5/2 с 9:00 до 18:00; - Адекватное руководство, поддержка на всех этапах ведения сделки.",https://hh.ru/vacancy/124446627
Менеджер по продажам и работе с клиентами,БУМАГИН,70.0,,,,,От 1 года до 3 лет,ТК,5/2,,"бонус, подарки, обучение","Развивать действующую клиентскую базу. Прием и оформление заказов клиентов (как по телефону, так и через различные мессенджеры). Оформлять заказы в CRM. Выставление счетов и контроль их оплаты. Контроль отгрузок. Информирование клиентов об акциях, предложениях и т.д. Решать вопросы с клиентом в рамках правил компании, а в случае их нарушений предлагать другие подходящие решения клиенту. Отчитываться о проделанной работе и согласовывать планы с руководителем отдела. Заполнение отчетности. Разрабатывать и отправлять коммерческие предложения, прайсы, презентации и другие маркетинговые материалы",https://hh.ru/vacancy/125103994
Менеджер отдела продаж,NUTCO,80.0,,,,,От 1 года до 3 лет,ТК,5/2,2 раза в месяц,"бонус, обучение","Совершать исходящие звонки по клиентской базе. Вести действующих клиентов. Выявлять заинтересованность клиента, отправлять коммерческое предложение, вести клиента до сделки. ",https://hh.ru/vacancy/125075929
Сервис-Менеджер по работе с клиентами,Цифроград,50.0,,,,,Нет опыта,ТК,5/2,,обучение,"Вежливое консультирование клиентов - Согласование стоимости и сроков ремонта техники, принятой на ремонт в сервисном центре - Формирование документов",https://hh.ru/vacancy/125293927
Менеджер по продажам автомобилей LADA,Группа компаний АМК,110.0,,,,,Нет опыта,ТК,3/2,2 раза в месяц,"премии, скидки, обучение, кофе","Без активного поиска клиентов и ""холодных"" звонков. Продажа новых автомобилей.",https://hh.ru/vacancy/125461403
Менеджер по продажам,Волгацеммаш,60.0,,,,,От 1 года до 3 лет,ТК,64/27,,,"Переговоры с заказчиками. Подготовка тех. коммерческих предложений по поступившим заявкам. Деловая переписка, ведение клиентской базы, работа с договорами(оформление). Контроль дебиторской задолженности. Работа со службами внутри завода(после заключение контракта выдача заказа в производство, отслеживание готовности продукции, отслеживание поступления денежных средств, контроль за отгрузкой готовой продукции, оформление документов для перемещения продукции(внутренняя логистика)).",https://hh.ru/vacancy/124548529
Менеджер по продажам,Эко-Композит,95.0,140.0,,,,От 1 года до 3 лет,ТК,5/2,,,"Работа в торговом зале/с покупателями (встреча клиента, консультация, продажа). Согласование номенклатуры по заказу покупателя с поставщиками. Отгрузка товара по...",https://hh.ru/vacancy/123873062
Менеджер по работе с клиентами,Лист,45.0,,,,,От 1 года до 3 лет,ТК,5/2,,транспорт,"Полный цикл работы с клиентом от получения заказа до отгрузки (Выставление счетов, формирование ведомости на комплектацию заказа для склада, поиск машины для отгрузки, отгрузочные документы) Взаимодействие со структурными подразделениями Обработка рекламаций",https://hh.ru/vacancy/124243443
Менеджер по продажам,MAIROX,70.0,150.0,,,,От 1 года до 3 лет,ТК,5/2,Еженедельно,форма,реализация мебельного алюминиевого профиля и мебельных систем; поиск клиентов; командировки(по желанию) - полная оплата командировочных расходов; информационная поддержка клиентов; еженедельная отчетность.,https://hh.ru/vacancy/124742984
Менеджер по продажам недвижимости (новостройки),Группа компаний АМК,70.0,250.0,,,,Нет опыта,ТК,5/2,,премии,"Обработка входящих заявок (звонки, мессенджеры, email). Консультирование клиентов по условиям покупки, ипотеке, особенностям объекта. Проведение встреч и презентаций объекта. ",https://hh.ru/vacancy/122605312
Менеджер по продажам,Точка Сбора,,150.0,,,,От 1 года до 3 лет,ТК,5/2,,,"Обработка входящих лидов и действующей базы клиентов, поиск клиентов и развитие долгосрочных партнерских отношений, ведение и актуализация клиентской базы; - Анализ рынка и конкурентной среды, изучение спроса и тенденций развития отрасли; - Проведение презентаций продукции и услуг компании для потенциальных и существующих клиентов; - Подготовка коммерческих предложений и участие в переговорах с клиентами; - Консультирование клиентов по вопросам продукции, услуг и условий сотрудничества; - Ведение отчетности по продажам; - Оформление документации по сделкам; - Мониторинг выполнения планов продаж; - Анализ результатов работы и подготовка отчетов; - Координация работы с другими отделами компании при выполнении заказов; - Участие в формировании и изменении ассортимента продукции; - Соблюдение стандартов качества обслуживания клиентов; - Корректное внесение данных в CRM, согласно стандартам компании; - Соблюдение скриптов при переговорах с клиентами.",https://hh.ru/vacancy/125264686
Менеджер по работе с клиентами,Премиум реклама,60.0,,,,,Нет опыта,ТК,5/2,2 раза в месяц,"премии, обучение, транспорт","Первичное консультирование клиента по телефону (без поиска клиентов, без холодных звонков); Консультирование клиентов по условиям кредита автотранспорта, подбор кредитных программ; Назначение встречи в дилерском центре.",https://hh.ru/vacancy/120122065
Менеджер по продажам (входящие заявки),Завод КПД,,,,,,Нет опыта,ТК,5/2,2 раза в месяц,транспорт,"Работа с входящим потоком заявок (звонки, встречи, эл.почта) - Определение потребностей клиента, обсуждение условий, выведение на сделку. - Выставление счетов, коммерческих предложений, подготовка договоров",https://hh.ru/vacancy/125023421
Менеджер по продажам автозапчастей,Лягина Надежда Валентиновна,60.0,100.0,,,,От 1 года до 3 лет,ТК,5/2,,,обработка и оформление заказов подбор запчастей по каталогам консультирование клиентов сопровождение заказа до конечного состояния,https://hh.ru/vacancy/125067813
Менеджер по продажам,Автопродукт,100.0,,,,,От 1 года до 3 лет,ТК,5/2,,,"1. Работа с теплой базой действующих клиентов. Продавать и допродавать продукцию клиентам, которые уже покупали у нас. 2. Привлечение оптовых клиентов: рассылка коммерческих предложений, получение заказа, сопровождение отгрузки. Каким мы видим нашего сотрудника: Опыт работы в продаже автозапчастей от 1 года (желательно, но не обязательно); Опыт работы в продажах от 2-х лет (обязательно); Знания устройства автомобиля (обязательно); Инициативность; Условия • Средний доход от 100 тыс. руб. • График работы: с 08:30 до 17:00, 5 дневная рабочая неделя в соответствии с производственным календарем • Настроенная amoCRM • Плавная адаптация и поддержка на старте • Корпоративная связь • Доступ к внутренней библиотеке курсов и книг по продажам, переговорам и не только",https://hh.ru/vacancy/124631689
Менеджер по продажам,Awelite,120.0,,,,'1-2,От 1 года до 3 лет,ТК,1/2,,"форма, бонус, бонусы",выход на новые регионы и работа со средним и крупным бизнесом • Насыщенная корпоративная жизнь в онлайн формате.,https://hh.ru/vacancy/125136222
Менеджер по работе с клиентами (без поиска новых),ДТ Логистик,80.0,,,,,От 1 года до 3 лет,ТК,5/2,,обучение,"Сопровождение действующих и новых клиентов: развитие отношений, поддержание контакта, повышение лояльности Полное ведение сделок на всех этапах — от переговоров до заключения договора с целью установления и развития длительного партнерства Согласование условий оплаты с клиентами, обеспечение своевременного поступления платежей и информирование о предстоящих оплатах Оперативное и конструктивное решение конфликтов, связанных с перевозками, с целью минимизации рисков и поддержания высокого уровня клиентского сервиса Работа в CRM-системе Актуализация данных клиентов Формирование и оформление ежедневной отчетности в CRM согласно корпоративным стандартам Применение эффективных методик и техник продаж, включая работу с возражениями, с целью повышения уровня удовлетворенности клиентов и укрепления партнерских отношений Активное взаимодействие с отделами логистики и продаж с целью согласования действий и обеспечения высокого уровня сервиса для клиентов",https://hh.ru/vacancy/124641245
Менеджер по продажам автозапчастей,АВТОКОМПОНЕНТ,100.0,,,,,От 1 года до 3 лет,ТК,5/2,,ДМС,"Оптовая продажа автомобильных запасных частей; Консультирование клиентов. Работа с имеющейся клиентской базой; Поиск новых клиентов, расширение рынка сбыта.",https://hh.ru/vacancy/124875729
Менеджер по продажам (Без поиска клиентов),Биосфера,90.0,210.0,,,'2-4,Нет опыта,ТК,2/4,Еженедельно,"бонус, обучение",<highlighttext>Менеджер</highlighttext> <highlighttext>по</highlighttext> <highlighttext>продажам</highlighttext> (Телефонные переговоры/Без поиска). - Общаться с клиентами по нашей базе.,https://hh.ru/vacancy/125120471
Менеджер по оптовым продажам,СИНКО,,,,,,От 1 года до 3 лет,ТК,5/2,,,"Поиск новых клиентов и поддержание рабочей базы клиентов Планирование, выполнение и перевыполнение плана продаж Оформление сделок с клиентами Сопровождение клиентов от заключения договора до отзывов по итогам отгрузки Кураторство и контроль работы пункта выдачи в г.Пензе Ведение и своевременное предоставление отчетности по продажам Продвижение торговой марки «ЯФО» в локальных социальных сетях, мессенджерах и отраслевых порталах Организация склада яблочного пюре и продукции переработки в г.Пенза",https://hh.ru/vacancy/125086119
Менеджер по работе с клиентами,ТСМ-ОЙЛ,,150.0,,,,Нет опыта,ТК,5/2,,"бонус, бонусы, обучение","Продвижение и продажа Смазочных материалов. - Активный поиск клиентов и развитие долгосрочных партнерских отношений, ведение действующей клиентской базы; - Анализ рынка, мониторинг конкурентной среды; - Проведение презентаций продукции и услуг компании. - Подготовка коммерческих предложений, проведение переговоров, заключение договоров; - Контроль оплаты по договорам; - Консультации клиентов по продукции и услугам компании;",https://hh.ru/vacancy/124564573
Менеджер по продажам,Floral Charm,60.0,,,,,От 1 года до 3 лет,ТК,"2/2, 3/3",,"форма, обучение","Грамотность на высшем уровне (основные продажи у нас в чатах). С опытом в продажах от 1 года. Целеустремленный, ответственный и...",https://hh.ru/vacancy/124246860
Менеджер по продажам,Гидроизол,120.0,,,,,От 1 года до 3 лет,ТК,5/2,2 раза в месяц,"ДМС, страхование, премии","Развитие и ведение имеющейся клиентской базы; Дополнительный поиск потенциальных партнеров; Подготовка и проведение презентаций продукции; Ведение коммерческих переговоров с клиентами; Расширение ассортиментного портфеля клиента; Возможен выезд к клиенту (на объект) с целью установления контакта, поддержания деловых отношений; Заключение договоров.",https://hh.ru/vacancy/124884220
"Менеджер по продажам новых автомобилей GAC, KIA",Автолидер,70.0,,,,,От 1 года до 3 лет,ТК,5/2,,"скидки, обучение","Продажа новых автомобилей, дополнительного оборудования Проведение тестовых поездок (тест-драйв), первичные консультации клиентов в автосалоне и по телефону Сопровождение клиента на всех этапах сделки Требования к кандидату: Уверенный пользователь ПК Нацеленность на высокий результат Желание работать и зарабатывать Открытость и ориентированность на клиента",https://hh.ru/vacancy/125325213
Менеджер по продажам B2B грузовые автозапчасти,Соловьева Анастасия Алексеевна,100.0,,,,'5-5,От 1 года до 3 лет,ТК,"5/5, 5/2",,подарки,"Обработка входящих запросов + активный поиск клиентов — Холодные звонки и развитие клиентской базы B2B — Консультации по техническим параметрам запчастей — Работа с договорами и контроль сделок — Выезд к клиенту на переговоры — Составление КП, выставление счетов НАШИ ПЛЮСЫ: — Выплаты 10 и 25 числа без задержек — Минимальная бюрократия — Товар всегда в наличии на складе — Оплачиваемые обеды (300 руб./день) — Подарки на день рождения (7 000 руб.) — Возможность удаленной работы при болезни",https://hh.ru/vacancy/125252896
Менеджер по продажам,Свадебный салон Bellissimo,,,,,,От 1 года до 3 лет,ТК,"2/2, 5/2",,,Продавать Консультировать Содержать рабочее место в порядке,https://hh.ru/vacancy/124596914
Ведущий менеджер по продажам (БИТУМ -ЭКСПОРТ),НПП МАКСТОН-ТОЛЬЯТТИ,,450.0,,,,От 1 года до 3 лет,ТК,"8/30, 17/30",,обучение,География охвата поставок- Российская Федерация. Многомиллиардный суммарный годовой объем поставок. Собственный автопарк. Собственные нефтебазы. Строительство завода глубокой очистки и переработки...,https://hh.ru/vacancy/124914498
Менеджер по проектным продажам,EFLIGHT,75.0,,,,,От 1 года до 3 лет,ТК,5/2,,"форма, обучение","Проектные продажи в сфере светотехнической продукции B2B и B2G. Ведение и развитие теплой клиентской базы, работа...",https://hh.ru/vacancy/123142228
Территориальный менеджер по продажам,ANCOR,,,,,,От 1 года до 3 лет,ТК,5/2,2 раза в месяц,проезд,"Управление и развитие продаж на территории; Привлечение новых и развитие текущих клиентов; Проведение презентаций и переговоров; Разработка, согласование и проведение промо-мероприятий; Организация работы эксклюзивных мерчендайзеров, проведение собраний с торговой командой дистрибьютора; Контроль складских запасов и обеспечение необходимого ассортимента; Регулярные полевые аудиты; Ежемесячная отчетность и участие в планировании продаж.",https://hh.ru/vacancy/123196930
Менеджер по работе с клиентами/Менеджер по заявкам 1С,Дискаверускиллс,,,,,,Нет опыта,ТК,5/2,,"премии, обучение, транспорт","Работа с заявками в 1С (от получения заявки до ее отгрузки; согласование всех нюансов отгрузки, взаимодействие с производством и...",https://hh.ru/vacancy/124235503
Менеджер по работе с клиентами,Филимонов Михаил Васильевич,45.0,,,,,Нет опыта,ТК,5/2,,форма,"Описание: работа с клиентами, прием и обработка заказов, базовое знание Excel приветствуется. Можно без опыта. Подробная информация по телефону.",https://hh.ru/vacancy/125159549
Менеджер по продажам,Волкова Таиса Александровна,40.0,,,,,От 1 года до 3 лет,ТК,5/2,Ежемесячно,кофе,"Обзванивать готовую базу компаний в разных городах, чтобы узнать, актуальны ли наши услуги и находить новых клиентов. Звонить по входящим заявкам. Рассчитывать стоимость услуг по готовому калькулятору, отправлять коммерческое предложение. Вести переговоры, согласовывать и подписывать договора, закрывающие документы. После подписания договора передавать сделку в отдел аккаунт-поддержки. Вести отчетность , выполнять план по звонкам и сделкам.",https://hh.ru/vacancy/125451429
Менеджер по продажам,ТПК Лига-Маркет,70.0,,,,,От 3 до 6 лет,ТК,5/2,,"бонус, подарки, обучение","Поиск и привлечение новых клиентов (холодные звонки), активный поиск Консультирование клиентов, подготовка коммерческих предложений Проведение экономических расчетов для оценки маржинальности предложения Прием и обработка заказов клиентов, ведение деловых переговоров Подготовка и согласование договоров Увеличение объемов продаж и расширение ассортимента продаваемой продукции, ценовой мониторинг Контроль дебиторской задолженности Работа с клиентами по качеству продукции, оперативное решение всех возникающих вопросов Ведение отчетной документации Для нас важно: Высшее образование Опыт работы в сегменте B2B от 3 лет с промышленными товарами Техники холодных звонков, умение работать с возражениями Техники продаж (знание всех этапов продаж) Экономическая теория (понимание ценообразование на товар) Умение разбираться в технической документации (ТУ, ГОСТ, ТТ и т.д.) Опыт работы в производственных компаниях будет является вашим преимуществом Уверенный пользователь ПК: Excel, Word, CRM Личные качества: коммуникабельность, клиентоориентированность, стрессоустойчивость, позитивное мышление, ответственность, логическое мышление, внимание к деталям, многозадачность.",https://hh.ru/vacancy/125401447
Специалист отдела продаж,Биосфера,80.0,250.0,,,,Нет опыта,ТК,5/2,Еженедельно,"форма, бонус, скидки, обучение","Работа с целевой базой клиентов компании путем телефонных переговоров; Выявление потребности, подбор продукта; Работа с возникающими возражениями в процессе консультации; Оформление заказов в удобной CRM системе; Условия работы: Окладная часть на этапе адаптации; Заработная плата без потолка, % от продаж + фиксированная часть; Средний доход начинающего сотрудника (без опыта) от 70.000 руб; Доход опытного сотрудника от 150.000 руб; Бонус за приведенного друга до 30 000 руб; Выплаты еженедельные на карту вашего банка; Оплачиваемая стажировка (Выплаты ежедневные); Бонус за пройденное обучение 2500 руб; График работы после первого месяца выбираете сами ( Не менее 40ч в неделю); Ежемесячные конкурсы с премиями; Что необходимо для работы: Стабильный интернет; Личный компьютер/ноутбук, гарнитура; Грамотная речь и отличные навыки общения с клиентами; Тихое место для комфортного общения с клиентами. Мы точно сработаемся если Вы имеете навык активных продаж или готовы его приобрести, нацелены на высокий доход и не боитесь трудностей при выборе новой работы. Преимуществом будет для Вас если Вы имели опыт работы в колл-центре, банки, активное продвижение продукции или услуг, не испытываете дискомфорт и готовы коммуницировать с клиентами всех возрастных категорий. Для кандидатов без опыта у нас предусмотрено обучение и наставничество на всех этапах работы в компании, которое позволяет выходить на доход выше рынка даже если сотрудник не имеет опыт в продажах, но готов учиться новому.",https://hh.ru/vacancy/124833795
Менеджер по продажам (СДЭК),СДЭК,90.0,120.0,,,,От 1 года до 3 лет,ТК,5/2,Ежемесячно,,"Продавать логистические услуги различным компаниям - юридическим лицам. Искать и привлекать новых клиентов по всей России. Направлять коммерческие предложения, заключать договоры. ",https://hh.ru/vacancy/124545893
Менеджер по продажам,Мебель Люкс,60.0,80.0,,,,От 1 года до 3 лет,ТК,4/3,,,прямые продажи чистота в салоне работа в 1С,https://hh.ru/vacancy/125027024
Специалист по работе с клиентами,Полев Александр Сергеевич,50.0,70.0,,,,От 1 года до 3 лет,ТК,5/2,,форма,"Открытие и ведение брокерских счетов для клиентов(проведение процедуры верификации, в дальнейшем подготовка поручений по сделкам и внесение данных в таблицу) Консультирование клиентов по вопросам использования платформы и проведения международных платежей. Обеспечение высокого уровня обслуживания клиентов и решение возникающих вопросов. Коммуникация с клиентами и зарубежной частью команды (Telegram, WhatsApp, CRM). Организация и проведение международных платежей: SWIFT, SEPA, криптовалюты, USDT. Обработка заявок на оплату и приём средств, проверка корректности документов. Подготовка инвойсов для приёма валютных платежей. Ведение клиентских балансов (фиат и криптовалюта). Взаимодействие с комплаенсом банков, открытие расчетных счетов для группы компаний, подготовка документов для банка, ответы на запросы. Подготовка и правовая экспертиза документов, составление договоров и приложений к ним. Консультирование клиентов по юридическим вопросам Ведение коммуникации с клиентами в чате: понятно, спокойно, профессионально (Предоставление ответов на вопросы, касающиеся базовых рабочих тем) Контроль за группой компаний, в рамках своевременной сдачи бухгалтерской отчетности.",https://hh.ru/vacancy/125297790
Специалист по работе с клиентами (без продаж),Teleperformance Russia,71.0,,,,,Нет опыта,ТК,2/2,,"ДМС, форма, обучение","Осуществление исходящих коммуникаций (сбор обратной связи по оценкам пользователей, посетивших сервисные центры) Фиксация информации в CRM-системе",https://hh.ru/vacancy/125087558
Региональный проектный менеджер (по продажам кабельной продукции),Тольяттинский Кабельный Завод,,,,,,От 1 года до 3 лет,ГПХ,5/2,,"форма, обучение","активные продажи кабельной продукции строительным организациям в различных регионах России; поиск и привлечение новых клиентов, ведение переговоров, заключение договоров на поставку; сбор информации о требованиях к кабелю для строительных проектов (технические характеристики, объемы, сроки); консультация клиентов по ассортименту продукции, помощь в формировании смет и ТЗ с учетом нашей номенклатуры; взаимодействие с отделами снабжения, проектировщиками и подрядчиками; контроль исполнения договорных обязательств, решение спорных вопросов; анализ рынка и конкурентов, подготовка отчетности.",https://hh.ru/vacancy/124598570
Менеджер по продаже запасных частей,Центральная СТО,80.0,,,,,От 1 года до 3 лет,ТК,2/2,,,"Консультирование клиентов, продажа дополнительного оборудования, аксессуаров и запасных частей Выполнение целевых показателей по продажам, оформление заказов на установку дополнительного оборудования Контроль работ в цехе дополнительного оборудования, оформление документации, составление отчетности Поиск запчастей по электронному каталогу, определение стоимости",https://hh.ru/vacancy/124599552
Менеджер по продаже автозапчастей,ОМЕГА,100.0,,,,,От 1 года до 3 лет,ТК,5/2,,транспорт,"Работа с теплой базой и привлечение новых клиентов Развитие базы в сегменте B2B (СТО, предприятия с автопарком, розничные магазины) Выполнение плана по объёму продаж и продвижению брендов компании Контроль дебиторской задолженности Посещение клиентов, общение по телефону, обработка заявок",https://hh.ru/vacancy/123905701
Менеджер по продажам (строительство),ДОМА360.РФ,70.0,120.0,,,,От 1 года до 3 лет,ГПХ,5/2,2 раза в месяц,"бонус, обучение, чай",Работа с входящим трафиком и заявками. А. Входящие звонки. Б. Исходящие звонки по заявкам с сайта. В. Сообщения в чатах...,https://hh.ru/vacancy/125046639
Менеджер по продажам,Реко,70.0,150.0,,,,От 1 года до 3 лет,ТК,5/2,,,"Продажа муфт RECO для стыковки арматуры (входящий трафик); Работа с клиентами консультирование и поддержка; Проведение переговоров, презентаций и заключение договоров; Дополнительным преимуществом будет строительное, инженерно-техническое образование.",https://hh.ru/vacancy/124261114
Менеджер по продажам,Ювелирная студия MYAGKOV,70.0,,,,,От 1 года до 3 лет,ТК,5/2,,"обучение, чай","проработка базы ТЕПЛЫХ клиентов. - установление долгосрочных отношений с уже существующими клиентами. - консультация, проведение встреч с клиентами в офисе. - презентация украшений. - ",https://hh.ru/vacancy/124481266
Менеджер по оптовым продажам,Дубровский,80.0,,,,,Нет опыта,ТК,5/2,2 раза в месяц,подарки,Реализация подсолнечного масла. Работа с действующей̆ клиентской базой̆. Сбор заявок. Контроль дебиторской задолженности. Подключение новых клиентов.,https://hh.ru/vacancy/125129890
Менеджер по продажам (работа с корпоративными клиентами),BeBrand (ООО Бизбренд),75.0,,,,,От 3 до 6 лет,ГПХ,5/2,,"бонус, бонусы, обучение","Работа с клиентской базой​: поддержание, развитие, привлечение​. Консультирование представителей малого и среднего бизнеса по вопросам защиты интеллектуальной собственности. ",https://hh.ru/vacancy/124311688
Ведущий менеджер по продажам,Инженерная компания,100.0,,,,,От 1 года до 3 лет,ТК,5/2,,"бонус, бонусы","Привлекать новых крупных заказчиков, выстраивать долгосрочные доверительные отношения. Представлять компанию на профильных выставках, встречах, семинарах. Проводить переговоры с ЛПР по...",https://hh.ru/vacancy/124940127
Менеджер по продажам автомобилей (Солнечная),Группа компаний «АсАвто»,120.0,200.0,,,,От 1 года до 3 лет,ТК,4/2,,"подарки, скидки, обучение",Продажей автомобилей по стандартам бренда (от приема звонка до выдачи автомобиля); Консультацией клиентов по телефону и в салоне; Проведением тест-драйвов. От вас ждем: Опыт работы в продажах автомобилей; Презентабельный внешний вид; Уверенный пользователь ПК. Откликайся на вакансию – присоединяйся к нашей команде!,https://hh.ru/vacancy/124725824
Менеджер по продажам,ДСК-групп,,,,,,От 1 года до 3 лет,ТК,5/2,Еженедельно,"форма, обучение","Осуществлять поиск новых и развитие существующих потребителей. Проводить встречи и переговоры, а также презентации новой продукции и технологий для потенциальных и существующих потребителей (в том числе выездные). Еженедельный отчет по продажам и маркетингу по новыми текущим проектам. Подготовка коммерческих предложений. Формировать пакет документов, входящие в запрос на коммерческое предложение. Вести с потенциальными потребителями переговоры относительно цен и условий будущей продажи (поставки) продукции предприятий. Принимать участие в разработке бюджета продаж продукции на год с учетом конъюнктуры рынка. Принимать участие в разработке и осуществлении мероприятий по совершенствованию деятельности, направленной на получение новых заказов и сохранение действующих продаж продукции предприятий. Выполнять работы по формированию, внедрению и хранению базы данных внутрипроизводственной и внешней информации по новым проектам, вносить изменения в справочную базу, используемую при обработке данных. Принимать участие в подготовке отчетных презентаций и формировании отчетов.",https://hh.ru/vacancy/124859826
Менеджер по продажам техники Apple,iStudio (ООО Бэстбай),70.0,,,,,Нет опыта,ТК,4/2,,"бонус, обучение","Работа в торговом зале. Индивидуальное обслуживание и консультирование покупателей в соответствии с технологиями продаж. Грамотная презентация товара, знание ассортимента. ",https://hh.ru/vacancy/124994931
Менеджер по продажам,Автотрансформатор,100.0,,,,,От 1 года до 3 лет,ТК,5/2,2 раза в месяц,"ДМС, форма, транспорт","активный поиск клиентов и развитие долгосрочных партнерских отношений; - ведение клиентской базы; - планирование и отчетность по своей деятельности; - проведение презентаций продукции и услуг компании; - участие в выставках с целью продвижения продукции и услуг компании; - подготовка коммерческих предложений, проведение переговоров, выездных встреч, заключение договоров. - консультирование клиентов по продукции и услугам компании, работа с претензиями клиентов Мы ищем кандидата: - умеющего коммуницировать с другими коллегами и клиентами; - обладающего креативным и активным подходом к работе, профессиональными навыками в общении и продажах, системным подходом к своей деятельности; - опыт работы в сфере продаж на производственных промышленных предприятиях (в сфере энергетики будет преимуществом) или в сфере оптовой торговли промышленными товарами; - владеющий навыками работы в MS Office, 1C CRM, Битрикс24;",https://hh.ru/vacancy/124552488
Ведущий менеджер по продажам (БИТУМ),НПП МАКСТОН-ТОЛЬЯТТИ,,450.0,,,,От 1 года до 3 лет,ТК,"8/30, 17/30",,обучение,География охвата поставок- Российская Федерация. Многомиллиардный суммарный годовой объем поставок. Собственный автопарк. Собственные нефтебазы. Строительство завода глубокой очистки и переработки...,https://hh.ru/vacancy/124255668
Менеджер по продажам (медицинская сфера),Клиника плюс,180.0,,,,,От 1 года до 3 лет,ТК,"15/15, 30/15",,"форма, обучение","Работа в бригаде с врачом Заключение договоров с пациентами, работа с контрольно-кассовой техникой (пробитие чеков) Выполнение плановых показателей, отчетность Выполнение плана по продажам медицинских услуг Своевременное занесение информации в базу данных Разъездная работа",https://hh.ru/vacancy/125096055
Менеджер в отдел оптовых продаж,Хардис,75.0,150.0,,,,От 1 года до 3 лет,ТК,5/2,,"форма, бонус","Поиск и привлечение новых клиентов (клиентами являются мебельные фабрики, производства и магазины). Холодные звонки (звонки за хорошие деньги, мотивация прозрачная, за каждый перевод потенциального клиента встатус действующего выплачивается бонус). Работа в СRM системе. Заключение договоров, деловое общение с клиентами. Навыки и компетенции: Опыт в холодных звонках (примерно 50% рабочего времени) Опыт в продажах Грамотная речь Умение вести переговоры Уверенный пользователь ПК Хорошая память (готовность к освоению новой информации, наставник будет рядом, все расскажет по комплектующим мебельным и в целом по всему процессу работы).",https://hh.ru/vacancy/124481734
Менеджер по оптовым продажам (автозапчасти),ПартКом,95.0,,,,,От 1 года до 3 лет,ТК,5/2,Ежемесячно,обучение,"Поддержание и развитие продаж на закрепленной территории Выполнение ежемесячных планов продаж Продажа продукции компании, консультирование Клиентов Работа с дебиторской задолженностью Работа с рекламациями Клиентов",https://hh.ru/vacancy/123912406
Менеджер по работе с клиентами,Мастер,60.0,100.0,,,,От 1 года до 3 лет,ТК,5/2,,,"работа с наработанной базой клиентов: расчёт заказа, принятие заказа в работу, заключение договора, выставление счета, контроль сроков изготовления и отгрузки продукции, информирование клиента о готовой продукции, контроль отгрузки продукции клиенту, получение оценки качества продукции и работа с рекламациями, работа с дебиторской задолженностью, поддержание долгосрочных партнёрских отношений с клиентами; обработка заявок новых клиентов (входящие звонки, электронная почта), подготовка коммерческих предложений, ведение переговоров; поиск новых клиентов, холодные звонки;",https://hh.ru/vacancy/124624273
"Специалист по продажам (обучаем с нуля), Тольятти",2ГИС,60.0,100.0,,,,Нет опыта,ГПХ,5/2,,форма,Совершать исходящие звонки и проводить встречи с клиентами в оффлайн и онлайн-формате. Продавать рекламные возможности справочника 2GIS. ,https://hh.ru/vacancy/125445815
Менеджер по работе с клиентами (магазин печей и дымоходов),Прогресс,70.0,,,,,Нет опыта,ТК,4/2,,,помощь и консультация при работе с клиентами; продажа товара; работа в 1с; работа с кассой;,https://hh.ru/vacancy/125174640
Менеджер по продажам (ул. 40 лет Победы),BY business group (Бизнес-Юрист),60.0,,,,,От 1 года до 3 лет,ТК,5/2,,"премии, обучение","Консультировать Клиентов, которые пришли в офис на встречу; Заключать договоры с Клиентами; Передавать дело в юридический отдел для его дальнейшего ведения; Консультировать Клиентов, которые не могут приехать в офис из отдаленных населенных пунктов по видеосвязи.",https://hh.ru/vacancy/125436914
Менеджер отдела продаж,Компьютерная академия TOP (Компьютерная Академия ТОП),70.0,,,,,Нет опыта,ТК,5/2,,обучение,работа с входящим потоком звонков и онлайн-заявок по рекламе (работа только в офисе без выездов). - индивидуальное консультирование потенциальных клиентов...,https://hh.ru/vacancy/125201262
Менеджер по продажам,Макс-Газ,60.0,,,,,От 1 года до 3 лет,ТК,5/2,,транспорт,"Работа в автомобильной Испытательной лаборатории, продажа услуг лаборатории по выпуску документов на ввезенные автомобили по параллельному импорту и переоборудованию транспортных средств. поиск клиентов по холодной базе. Привлечение партнеров юридических лиц и физических лиц. отвечать на входящие звонки, сообщения в мессенджер, электронную почту, работать с кабинетом Авито, вести клиентскую базу.",https://hh.ru/vacancy/124324293
Менеджер по оптовым продажам,Евролифт Групп,90.0,130.0,,,,От 1 года до 3 лет,ТК,30/17,,,Работа с существующей клиентской базой и активный поиск новых клиентов - Проведение переговоров и выявление потребностей - Подготовка коммерческих предложений - Анализ конкурентной среды - Работа в 1С CRM,https://hh.ru/vacancy/125090922
Специалист отдела продаж,Норгау Руссланд,100.0,,,,'8-17,От 1 года до 3 лет,ТК,8/17,,форма,"Поиск новых клиентов, развитие имеющихся Анализ клиентской базы и прогноз развития территории Ведение деловых переговоров Демонстрация, презентация для продвижения ассортимента продукции на предприятиях Работа с возражениями клиента Консультирование клиентов по продукции Составление коммерческих предложений, заключение договоров, контроль всего цикла сделки Отчетность и планирование работы Выполнение плана продаж Требования : Навыки правильного проведения переговоров Навыки работы с возражениями клиента Умение работать в команде Желание личностного роста и саморазвитие Умение грамотно планировать свое время Иметь высокую самоорганизованность Желание работать на результат, а также умение работать в режиме многозадачности Стремление к самым успешным показателям продаж Опыт работы с металлообрабатывающими компаниями предпочтителен Опыт работы с базами данных, с большим объемом информации, коммуникативные навыки, грамотная речь Высшее образование (желательно техническое) Открытость и доброжелательность к людям Опыт работы продаж B2B от 2-х лет и больше Знание ПК на уровне уверенного пользователя Условия : Оформление в соответствии с ТК РФ Белая заработная плата (оклад от 100000 р + % от продаж + оплата моб.связи + предоставление ноутбука) ВЫСОКИЙ ДОХОД , который напрямую зависит от Вашего желания зарабатывать, нацеленности на результат и самоорганизации. СТАБИЛЬНОСТЬ , так как наша компания уже более 25 лет на рынке, в течение которых мы наработали высокий профессионализм. Компания Норгау входит в Оборонно-промышленный комплекс России. График работы: пн - чт с 8-17.00, пт. до 16.00 Полный спектр корпоративного обучения за счет компании Карьерный рост Офис находится по адресу: г. Тольятти, ул. Юбилейная, д.40 офис №1308 АКТИВНЫЙ ДРУЖЕЛЮБНЫЙ КОЛЛЕКТИВ , который будет содействовать Вам в достижении высоких результатов.",https://hh.ru/vacancy/120711558
"Менеджер по продажам (Производство конвекторов, В2В)",Тэпла производство,80.0,200.0,,,'5-10,От 1 года до 3 лет,ТК,5/10,,"подарки, обучение, кофе","Работа с существующей клиентской базой (основной сегмент – строительный рынок), а также привлечение новых клиентов, в т.ч. холодные звонки Проведение презентаций продукции и переговоров с первыми лицами предприятий Участие в переговорах по продажам на крупные объекты Сопровождение клиента по всем этапам воронки продаж: от заведения в базу и до закрытия сделки Развитие и поддержка продаж оборудования Занесение оборудования в ТЗ заказчика Ведение CRM",https://hh.ru/vacancy/125085067
Менеджер по продажам,АКРОН ХОЛДИНГ,60.0,150.0,,,,От 1 года до 3 лет,ТК,5/2,,"ДМС, подарки, транспорт",Переговоры с потенциальными заказчиками Ведение данных о клиентах и сделках в CRMBitrix24 Работа с клиентской базой (теплой и холодной) Обработка входящих заявок Исходящие холодные звонки и привлечение новых заказчиков по базе клиентов При необходимости встречи с крупнейшими заказчиками,https://hh.ru/vacancy/124477231
Менеджер по продажам автомобилей,АУРА (Официальный дилер LADA),85.0,,,,,От 1 года до 3 лет,ТК,5/2,,"страхование, обучение","Консультирование клиентов в автосалоне, презентация автомобилей, проведение тест-драйвов. Помощь клиентам в выборе дополнительного оборудования и аксессуаров . консультации по представленным видам услуг (trade-in, кредитование, страхование, лизинг и другие финансовые инструменты); умение создавать и работать с клиентской базой; Работа в программе 1С;.",https://hh.ru/vacancy/125245559
Менеджер по продажам бетона и раствора,ПК Евробетон,70.0,150.0,,,,От 1 года до 3 лет,ТК,6/1,,,"ВЫЕЗД НА СТРОИТЕЛЬНЫЕ ПЛОЩАДКИ ДЛЯ ПРОВЕДЕНИЯ ПЕРЕГОВОРОВ С ПОТЕНЦИАЛЬНЫМИ КЛИЕНТАМИ поиск потенциальных клиентов холодные звонки, продажи теплые продажи ведение переговоров с клиентами составление коммерческих предложений прием и обработка заявок ведение клиентской базы контроль отгрузки продукции контроль оплаты покупателями проработка клиентов по индексу удовлетворенности",https://hh.ru/vacancy/124355398
Менеджер по работе с клиентами,ЮнионТрансГрупп,100.0,,,,,От 1 года до 3 лет,ГПХ,5/2,,"форма, бонус, транспорт","самостоятельно привлекать и вести клиентов — переговоры, расчеты, заключение договоров; снижать издержки за счет грамотного планирования и работы с подрядчиками; первично согласовывать условия с клиентом: маршрут, тип транспорта, сроки, особенности груза; формировать и отправлять коммерческое предложение (КП) клиенту; получать заявку и передавать логисту; контролировать оплату от клиента (в связке с финансами); управлять ожиданиями клиента: коммуникация о статусе заявки (получил информацию от логиста -&gt; передал клиенту). Что важно: интерес к логистике + желание вести переговоры и продавать услуги (поиск клиентов, презентации, работа с возражениями); нацеленность на результат, умение увереннно держаться в звонках, вести подсчеты и анализировать; внимание к деталям и гибкость. Что предлагаем: процент от выручки + бонус при выполнении плана ; свободу в принятии решений и работа без микроменеджмента; возможность влиять на процессы и видеть итог своих решений; возможен рост до руководителя отдела/филиала; стильный open space, уютная кухня, комната отдыха, корпоративная сотовая связь; крутые корпоративы, обучения за счет компании (учим только полезному);",https://hh.ru/vacancy/123333392
Менеджер по продажам,Дентал Формула,80.0,,,,,От 1 года до 3 лет,ТК,5/2,,"бонус, бонусы, скидки, транспорт","Работать с пациентами, уже пришедшими на первичный прием у врача • Помогать пациенту разобраться в плане лечения, ориентироваться по этапам, срокам, стоимости • Сопровождать пациента на всех этапах принятия решения: от обсуждения до старта лечения • Поддерживать лояльность и доверие, быть «связующим звеном» между пациентом и клиникой • Вести коммуникации и учет в CRM, взаимодействовать с врачами и администраторами Кого мы ищем: • У вас есть опыт в продажах или клиентском сервисе (в медицине, услугах, фитнесе и т.п.) • Вы умеете находить подход к разным людям и говорить на языке клиента • Вы тактичны, внимательны, и при этом уверенно доводите до результата • Умеете разбирать возражения, не давите — а разговариваете и помогаете • Стремитесь к росту и видите в медицине — профессию с будущим Почему стоит выбрать нас: Мы — федеральная сеть стоматологических клиник, с четкими стандартами, сильной управленческой командой и настоящим вниманием к сотрудникам. Сейчас у вас есть возможность войти в эту команду и выстроить свою карьеру в перспективной и востребованной сфере. Жмите «Откликнуться», чтобы обсудить детали!",https://hh.ru/vacancy/125255251
Менеджер по продажам автомобилей,Аллюр,80.0,,,,,Нет опыта,ТК,2/2,,"обучение, транспорт","Продажа автомобилей марки JAC - проведение полного цикла сделки; - Консультирование клиентов по подбору дополнительного оборудования и аксессуаров; - Проведение тестовых поездок; - Консультирование клиентов по приобретению и продаже автомобилей по системе &quot;trade-in&quot;; - Предложение дополнительных услуг по кредитованию и страхованию автомобиля; - Работа с клиентской базой, поиск клиентов; - Выполнение и соблюдение требований и стандартов дистрибьютера; - Подготовка и ведение документов установленной отчетности.",https://hh.ru/vacancy/124898849
Менеджер по продажам,ХРОМ,80.0,120.0,,,'1-3,От 1 года до 3 лет,ТК,"1/3, 5/2",,форма,"Консультирование клиентов, заключение договоров посредством консультации в офисе и дистанционно; Оперативное реагирование на информацию, поступающую от клиента; Сбор первичной документальной информации; Работа со входящим потоком клиентов очно и по телефону; Ведение телеграм чатов с клиентами.",https://hh.ru/vacancy/124505188
Менеджер по продажам металлопроката,Металлоторг,45.0,150.0,,,'3-4,От 1 года до 3 лет,ТК,3/4,,обучение,"Выполнение планов продаж Ведение переговоров по телефону, заключение договоров. Работа с существующими клиентами. Поиск перспективных клиентов.",https://hh.ru/vacancy/123875443
Менеджер по продажам,Регионстандарт,60.0,,,,,От 1 года до 3 лет,ТК,5/2,,"форма, обучение","Обзвон по готовой теплой базе, без поиска клиентов; - Консультирование по образовательным продуктам компании, подбор и формирование предложения для клиента; - Контроль и доведение клиента до сделки; - Выполнение планов по продажам и нормы звонков; - Работа в CRM системе.",https://hh.ru/vacancy/123995315
Продавец-консультант/Менеджер по работе с клиентами,Гранит,60.0,90.0,,,,От 1 года до 3 лет,ТК,5/2,Ежемесячно,"премии, бонус, бонусы, обучение","Консультировать клиентов по ассортименту памятников и дополнительных услуг. ️ Помогать с выбором материалов, оформлением и дизайном изделий. ️ Рассчитывать стоимость заказов и...",https://hh.ru/vacancy/124916774
Менеджер активных продаж,Вектор,100.0,,,,,От 1 года до 3 лет,ТК,5/2,,,"Продажа оборудования и услуг сервиса. Холодные звонки, обработка входящих заявок. Поиск и привлечение новых клиентов. Проведение встреч на производстве заказчика. ",https://hh.ru/vacancy/124756707
Менеджер по продажам мебели и работе с клиентами,Мягкое Место,70.0,,,,,От 1 года до 3 лет,ТК,5/2,,"бонус, бонусы, скидки, обучение","Консультирование клиентов Работа с каталогами, просчеты, подготовка коммерческого предложения для клиента Презентация продукции в салоне и онлайн Заключение договоров, оформление заказов Работа с проектами",https://hh.ru/vacancy/124836126
Менеджер по работе с клиентами (Games),KingBoost,50.0,80.0,,,,От 1 года до 3 лет,ТК,"5/2, 2/4",Еженедельно,обучение,"Общение с клиентами в чате, помощь при оформлении заказа; • Консультация клиента в выборе услуги на сайте; • Работа с существующей базой клиентов; • Обработка заказов в CRM; • Помощь клиентам в проблемных ситуациях.",https://hh.ru/vacancy/124612394
Менеджер по работе с клиентами(автозапчасти),"АЛДИС, официальный дилер BMW",75.0,,,,,От 1 года до 3 лет,ТК,5/2,,,"Качественно продавать и консультировать клиентов по техническим характеристикам, комплектациям, стоимости запчастей и дополнительного оборудования. - Оформлять витрины и контролировать их состояние...",https://hh.ru/vacancy/121897390
Менеджер по продажам спецодежды,Алтын Спецодежда,80.0,,,,,От 1 года до 3 лет,ТК,5/2,,,"Выстраивание долгосрочных отношений с корпоративными клиентами; Поиск и привлечение к сотрудничеству новых клиентов; Проведение переговоров и презентаций с клиентами на их территории; Сопровождение сделок с клиентом (заключение договора, документооборот, своевременность поставки товара, контроль оплаты).",https://hh.ru/vacancy/124600874
Менеджер по продажам (B2B),Fersol,78.0,500.0,,,,От 1 года до 3 лет,ТК,5/2,,форма,"Холодный поиск и привлечение новых клиентов; Формирование коммерческих предложений клиентам, подготовка и защита предложений; Успешное закрытие сделок, увеличение продаж; Работа в CRM; Назначение и проведение встреч с ЛПР.",https://hh.ru/vacancy/125155394
Менеджер по продажам в школу дополнительного образования,Международная Школа Профессий (ИП Тенишева Татьяна Хамзяновна),50.0,75.0,,,,Нет опыта,ТК,2/2,,обучение,"Работа с входящими заявками клиентов (звонки, переписка, личное консультирование) - без &quot;холодных&quot; звонков; Консультирование клиентов по продуктам компании (онлайн и очные курсы) и их продажа (только теплые продажи) ; Выявлять потребности клиентов и находить персональный подход; Ведение CRM-системы на всех этапах взаимодействия с клиентом; Документооборот, заключение договоров с клиентом; Выполнение плана продаж.",https://hh.ru/vacancy/124562462
Менеджер по работе с клиентами,Якутина Екатерина Юрьевна,40.0,60.0,,,,От 1 года до 3 лет,ТК,2/2,,обучение,"🖌Работа с теплой и холодной базой клиентов (исходящие звонки, переписка) 🖌Продажа абонементов и путевок в хобби -клуб 🖌Заключение договоров 🖌Работа с CRM-системой Оплата: Почасовая +% от выполненного плана 15000-40000",https://hh.ru/vacancy/124893149
Региональный менеджер по продажам БОПП плёнки ПФО,ИСРАТЭК,,,,,,От 3 до 6 лет,ТК,5/2,,"ДМС, обучение","Устанавливать и развивать прочные отношения с клиентами в целом и лицами, принимающими решения. Проводить переговоры на уровне руководителей отделов, первых...",https://hh.ru/vacancy/125260998
Менеджер по продажам в розничный зал,Глобал-Авто,50.0,,,,,От 1 года до 3 лет,ТК,2/2,,,"Поддержание порядка в розничном зале - Контроль наполнения витрины, своевременное выставление ценников - Консультирование покупателей - Реализация ассортимента розничного зала 📍 Адрес: г. Тольятти, Обводное шоссе, 10 Присоединяйтесь к нам и станьте частью динамичной и успешной команды &quot;Глобал Авто&quot;! Развивайтесь вместе с нами и достигайте новых высот в сфере продаж! 🚀🔝",https://hh.ru/vacancy/124786432
Менеджер по продажам изделий из пластика (ППИ),Ол-Трейд,,150.0,,,,От 1 года до 3 лет,ТК,5/2,,,поиск клиентов (холодные звонки). ведение сделок от начала и до конца. работа в офисе или удаленка (важен результат).,https://hh.ru/vacancy/124631318
"Менеджер по продажам Wildberries (в офис, г.Тольятти)",Лялина Валерия Сергеевна,45.0,80.0,,,,Нет опыта,ТК,5/2,,обучение,"Анализ конкурентов -Работа в внутренней рекламой в кабинете -Контроль цен и остатков -Участие в акциях -Создание поставок и поиск слотов на поставки -Помощь главному менеджеру в настройке рекламы -Ответы на отзывы и вопросы -Организация и отслеживание процессов по выкупам товаров Вы наш человек, если: -Уже работали с ВБ (курсы или практика — плюс) -Уверенно владеете Excel, Google-документами -Ответственны, внимательны к деталям и готовы развиваться Что предлагаем: • З/п 45 000 – 80 000 руб. • Возможность роста по ЗП. • Работа в офисе с 8:00 до 16:00 с ПН по ПТ. • Обучение и поддержку наставника. Готовы рассмотреть резюме только от кандидатов из Тольятти в офис. Давай работать вместе!",https://hh.ru/vacancy/125286625
Менеджер по продажам техники Apple,Pro:Store,65.0,80.0,,,,От 1 года до 3 лет,ТК,2/2,2 раза в месяц,скидки,"1. Консультирование клиентов, помощь в выборе техники 2. Оформление рассрочек 3. Продажа аксессуаров 4. Ведение отчетности 5. Выполнение планов продаж 6. Идеальное обслуживание клиентов , на удовлетворенность на 100% Вам точно к нам, если вы: 1. Энергичный, эмпатичный и ответственный 2. С Опытом в прямых живых продажах 3. Умеете налаживать контакт с людьми 4. С желанием развиваться и зарабатывать 5. Профессионал своего дела",https://hh.ru/vacancy/124790414
Менеджер по продажам в стоматологию,Дентал Формула,80.0,,,,,От 1 года до 3 лет,ТК,5/2,,"бонус, бонусы, скидки, транспорт","Работать с пациентами, уже пришедшими на первичный прием у врача • Помогать пациенту разобраться в плане лечения, ориентироваться по этапам, срокам, стоимости • Сопровождать пациента на всех этапах принятия решения: от обсуждения до старта лечения • Поддерживать лояльность и доверие, быть «связующим звеном» между пациентом и клиникой • Вести коммуникации и учет в CRM, взаимодействовать с врачами и администраторами Кого мы ищем: • У вас есть опыт в продажах или клиентском сервисе (в медицине, услугах, фитнесе и т.п.) • Вы умеете находить подход к разным людям и говорить на языке клиента • Вы тактичны, внимательны, и при этом уверенно доводите до результата • Умеете разбирать возражения, не давите — а разговариваете и помогаете • Стремитесь к росту и видите в медицине — профессию с будущим Почему стоит выбрать нас: Мы — федеральная сеть стоматологических клиник, с четкими стандартами, сильной управленческой командой и настоящим вниманием к сотрудникам. Сейчас у вас есть возможность войти в эту команду и выстроить свою карьеру в перспективной и востребованной сфере. Жмите «Откликнуться», чтобы обсудить детали!",https://hh.ru/vacancy/125255602
Ведущий менеджер по продажам,Роадкард,100.0,130.0,,,,От 1 года до 3 лет,ТК,5/2,,,"продажа топлива по безналичному расчету (топливные карты) исходящие звонки потенциальным клиентам выявление потребностей, составление и отправка КП. формирование собственной базы клиентов полный цикл продаж от первого звонка до закрытия сделки ведение привлеченных клиентов",https://hh.ru/vacancy/125018294
Менеджер по работе с клиентами,Имплант.ру Глобал,60.0,,,,,От 1 года до 3 лет,ТК,5/2,,ДМС,"Прием и обработка заказов от клиентов; Оформление заказов в 1С; Ведение складского учета, мат. ответственность, работа с кассой; Контроль своевременности отгрузок и оплаты заказов; Взаимодействие с центральным офисом, отчетность, Активная работа с действующей клиентской базой, привлечение новых клиентов, телефонные звонки",https://hh.ru/vacancy/120646847
Менеджер по работе с клиентами,Кредитный Сервис,58.0,,,,,Нет опыта,ТК,5/2,,обучение,Работа по клиентской базе; Подписание договоров с клиентами в офисе или дистанционно; Внесение данных в общую базу; Отчётность пo проделанной работе.,https://hh.ru/vacancy/124997100
Менеджер по продажам,Онлайн-школа Тетрика,70.0,100.0,,,,От 1 года до 3 лет,ТК,5/2,,"скидки, обучение","Работа с базой клиентов, которые прошли первый урок с преподавателем (без холодного поиска) Консультация клиентов по продуктам Тетрики: основная задача продажа обучения в режиме телефонного диалога Показывать ученикам ценность продукта и мотивировать на обучение Исходящие звонки, общение с клиентами в мессенджерах Ведение отчетности о проделанной работе в программе amoCrm Выполнение планов продаж и нормы звонков Наши ожидания: опыт работы в b2c продажах от 6 месяцев Знание этапов продаж (воронки продаж) Умение закрыть сделку в режиме диалога, умение работать с возражениями Умение работать в режиме многозадачности",https://hh.ru/vacancy/125460917
Менеджер по продажам ТД-Лазер,ТД-Лазер,70.0,200.0,,,,От 1 года до 3 лет,ТК,5/2,,обучение,Работа с текущей клиентской базой: генерация новых продаж из существующей базы клиентов.  Привлечение новых клиентов: расширение клиентской базы.  ,https://hh.ru/vacancy/124276161
Менеджер по продаже недвижимости,СЗ ПАРК,100.0,,,,,От 1 года до 3 лет,ТК,5/2,,,Встреча гостей/покупателей Грамотное консультирование потенциальных покупателей по способам приобретения квартир Организация и проведение сделки купли-продажи по ДДУ,https://hh.ru/vacancy/124710653
Ведущий менеджер по работе с клиентами,Банк ПСБ,90.0,,,,,Нет опыта,ТК,5/2,,"ДМС, скидки","Продажа продуктов и услуг Банка (кредиты, банковские карты, вклады, страховые услуги, ПИФ) Работа с физическими лицами (обработка заявлений клиентов, консультирование клиентов) Операционная деятельность (выдача вклада, кредита, дебетовые кары, наследство) Осуществлять звонки потенциальным и действующим клиентам Выполнение плановых показателей Что важно для нас: Опыт работы на аналогичной должности приветсвуется Грамотная речь Опыт в продажах Активная жизненная позиция Тебе нравится общаться с людьми Что предлагаем: Официальное оформление в соответствии с ТК РФ График работы: 5/2 Конкурентный уровень дохода Доплата к отпуску и больничному листу «Кафетерий льгот»: ДМС для работника и членов семьи, возмещение затрат на отдых, спортивные услуги, покупки на маркетплейсе «ПСБ Маркет» Дополнительные льготы при заключении брака и рождении детей Материальная поддержка в сложных жизненных ситуациях Бесплатная программа поддержки работников: юридические, финансовые и психологические консультации, помощь в бытовых вопросах, автопомощь, корпоративные скидки, профориентация детей работников Возможность профессионального развития и прохождения внутреннего и внешнего профессионального обучения Корпоративная паритетная пенсионная программа",https://hh.ru/vacancy/125147142
Менеджер отдела продаж автомобилей,Альфа-Моторс,45.0,200.0,,,,От 1 года до 3 лет,ТК,2/2,2 раза в месяц,обучение,"Заключение контрактов; Прием входящих звонков; Консультирование клиентов в автосалоне, демонстрация автомобилей, проведение тест-драйвов; Ведение базы клиентов; Контролирование процесса оформления проданных автомобилей, постановки на учет, подготовки к выдаче, установки дополнительного оборудования и своевременно осуществление выдачи автомобилей клиентам; Выявление потребностей клиентов в дополнительном оборудовании и осуществление продажи дополнительного оборудования клиентам; Выдача автомобилей;",https://hh.ru/vacancy/124624340
Менеджер по оптовым продажам автозапчастей,Интерком-ТЛТ,70.0,,,,,От 1 года до 3 лет,ТК,5/2,2 раза в месяц,"премии, обучение","Работа в офисе, ведение переговоров с постоянными клиентами по телефону, дистанционно. Поддержка и сопровождение существующей клиентской базы (без поиска) Консультирование клиентов по товарам компании Оформление и ведение заказов в программе 1С Предприятие 8.2 Контроль отгрузки и оплаты, контроль выполнения договорных обязательств, дебиторской задолженности Отчетность в рамках корпоративных стандартов",https://hh.ru/vacancy/125097277
Начинающий менеджер по продажам,Яндекс Крауд,55.0,,,,,Нет опыта,ТК,5/2,,"страхование, бонус, бонусы, скидки, обучение",Звонить по готовой базе компаний. Общаться с руководителями компаний и договариваться о сотрудничестве. Вести клиентов до запуска.,https://hh.ru/vacancy/124741058
Менеджер активных продаж,ПОЛИКОМБ,70.0,,,,,От 1 года до 3 лет,ТК,5/2,,подарки,Развитие оптовых продаж. Поиск новых партнёров и развитие действующих клиентов. Формирование и реализация стратегии продвижения продукции. Проведение переговоров и заключение...,https://hh.ru/vacancy/124356217
Менеджер по продажам (Яндекс Поиск для турецких сайтов),Яндекс Крауд,,82.0,,,'9-18,Нет опыта,ТК,5/2,,"страхование, бонус, бонусы, скидки, обучение","Связываться с владельцами сайтов, которые подавали заявку в Яндекс Поиск, но получили отказ. Рассказывать о причинах отказа и вовлекать в...",https://hh.ru/vacancy/124477481
Менеджер по продажам морских контейнеров,Бокскипер,50.0,150.0,,,,От 1 года до 3 лет,ТК,5/2,,"обучение, транспорт",Обработка входящей линии в црм; Подбор подходящего морского контейнера в нужном регионе; Заключение договоров; Подбор транспорта если нужна доставка.,https://hh.ru/vacancy/124311591
Менеджер по продажам,ВолгаДеталь,,120.0,,,,От 1 года до 3 лет,ТК,5/2,,обучение,Построение и развитие продаж на вверенной территории. Поддержание существующей клиентской базы. Работа с дебиторской задолженностью. Отчетность о текущей деятельности.,https://hh.ru/vacancy/124410271
Менеджер по работе с клиентами,СКЦ Труд-Эксперт,80.0,200.0,,,,От 1 года до 3 лет,ТК,5/2,,"форма, бонус","изучение большого количества информации, связанной с предоставляемыми услугами звонить потенциальным клиентам, рассказывать об услугах компании по трем направлениям охрана труда, экология, учебный центр искать и привлекать новых клиентов расширять клиентскую базу, поддерживать долгосрочные отношения с клиентами проводить презентации услуг консультировать потенциальных клиентов по вопросам охраны труда, экологии и продуктам учебного центра умение работать с нормативной документацией размещать рекламные материалы договариваться о встречах, самостоятельно проводить встречи и выезжать к клиенту вести переговоры с представителями юридических лиц, предпринимателями и бизнесменами по всей России сопровождать клиента от начала до совершения сделки и подписания договора выполнять планы по продажам",https://hh.ru/vacancy/124421949
Менеджер по работе с клиентами,Глобал Тюнинг,,,,,,От 1 года до 3 лет,ТК,4/2,,"бонус, бонусы, обучение",Консультирование по автоакустике Подбор оборудования под задачи клиента Демонстрация возможностей систем Оформление заказов Развитие автозвука в городе Достижение поставленных плановых показателей,https://hh.ru/vacancy/120640400
Менеджер продаж в офис (Банкротство физических лиц),Аристократ,100.0,250.0,,,,Более 6 лет,ТК,5/2,,,Обработка только входящих теплых и горячих заявок. - Консультация клиентов в офисе. - Консультация клиентов удаленно. - Подписание договоров.,https://hh.ru/vacancy/124725927
Клиентский менеджер удаленных продаж,СБЕР,79.4,,,,,Нет опыта,ТК,5/2,,"ДМС, страхование, скидки, обучение, транспорт","Развивать бизнес клиентов, подбирая решения от Сбера. Предлагать предпринимателям продукты, персонально подобранные им системой искусственного интеллекта. Продавать продукты и услуги...",https://hh.ru/vacancy/125148340
Менеджер по продажам автозапчастей для грузовых автомобилей,ДЖЕЙКЕТ РАБОТА,80.0,120.0,,,,Нет опыта,ТК,5/2,,"форма, обучение, транспорт","подбор, консультирование и продажа запасных частей в наличии и на заказ; прием входящих звонков и сообщений, работа с интернет-заказами; работа с действующей клиентской базой и её развитие; привлечение новых клиентов (звонки, личные встречи при необходимости); контроль дебиторской задолженности; приём и отгрузка товара; участие в инвентаризации и пополнении склада.",https://hh.ru/vacancy/124374374
Менеджер по продажам,ТМК,70.0,,,,,От 1 года до 3 лет,ТК,5/2,Ежемесячно,"бонус, скидки, обучение","Продажа ассортимента товара юридическим лицам Поиск клиентской базы в регионе/регионах. Заключение договоров с потенциальными покупателями. Взаимодействие с представителями клиентов. Коммуникация с отделами компании. Ведение документации, в том числе по ЭДО. Присоединяйтесь к нашей энергичной и амбициозной команде, где ваши навыки продаж будут признаны и вознаграждены! В качестве активного менеджера по продажам в ТМК у вас будет возможность оказать существенное влияние на траекторию нашего роста, одновременно продвигая свою профессиональную карьеру. Готовы принять вызов? Подавайте заявку прямо сейчас и давайте вместе установим новые рекорды продаж!",https://hh.ru/vacancy/124084381
Специалист по работе с клиентами (физические лица),Тольяттихимбанк,,,,,,От 1 года до 3 лет,ТК,5/2,,,"консультирование клиентов, прием, оформление заявок на кредит, выдача кредита; консультирование, прием, выдача, оформление и пролонгирование договоров вкладов; работа с завещательными распоряжениями; оформление и выдача пластиковых карт, операции с использованием технологии пластиковых карт; открытие, закрытие, ведение текущих счетов; ведение приходных, расходных операций физ.лиц; привлечение клиентов; сведение кассы дополнительного офиса в конце операционного дня. Ваши навыки: опыт работы в операционной деятельности банка; знание законодательства РФ по банковской деятельности; высокий уровень клиентоориентированности, грамотная письменная и устная речь; уверенный пользователь ПК, знание пакета программ MS Office (Word,Excel,Outlook); исполнительность, ответственность, коммуникабельность, доброжелательность, стрессоустойчивость, умение работать в команде и в условиях многозадачности.",https://hh.ru/vacancy/125134167
Менеджер активных продаж,Первые Технологии,,,,,,От 3 до 6 лет,ТК,5/2,,обучение,"Пройти путь менеджера от первых сделок до руководителя отдела продаж Оперативно работать с входящим трафиком и базой! Проведение встреч с Клиентами, как на нашей, так и на их территории. Проводить презентаций оборудования и переговоры с первыми лицами компаний. Чего мы ждем от вас: Релевантный опыт в продажах ; Опыт заключения договоров со стоимостью от 1 млн. будет Вашим преимуществом; Грамотная устная и письменная речь; Знание Microsoft Office, опыт работы с CRM, знание офисной техники; Энергичность, высокий уровень эмпатии, душевность и уверенность в себе; Что предлагаем мы: Место работы: Тольятти, Новозаводская улица, 14А График работы: пн-пт с 9:00 до 18:00, суб, воск. выходные Работу в крупной динамично развивающейся компании. Свой выставочный зал. Ввод в должность и адаптация в компании. Обучение специфике бизнес-процессов. Высокий доход (выше рынка) Карьерный рост. Смелее откликайся, перезвоним в течение дня или пиши в чат hh.ru – задавай любой вопрос. Европейские производители ушли с рынка, самое время заполнить эту нишу, откликайся первым и продавай на большую долю рынка!",https://hh.ru/vacancy/125248605
Менеджер по работе с клиентами,Be/Bright,35.0,45.0,,,,От 1 года до 3 лет,ТК,5/2,,,являться контактным лицом компании - результативно взаимодействовать с клиентами компании - мониторинг и анализ использования клиентом продукта.,https://hh.ru/vacancy/124423415
Менеджер по продажам,ЭКСПРЕСС,35.0,40.0,,,,Нет опыта,ТК,64/27,2 раза в месяц,обучение,"Телефонные продажи, поддержание и развитие деловых отношений с действующими клиентами, консультирование клиентов о продукции компании, поступлении новой продукции, ее характеристиках, сфере применения; Контроль соблюдения контрактных условий; Проверка правильности заполнения договоров, УПД, контроль их наличия; Ведение переговоров и проведение презентаций; Эффективное взаимодействие с отделом закупок; Отслеживание сроков и полноты расчетов клиентов за поставленную продукцию, осуществление контроля погашения дебиторской задолженности.",https://hh.ru/vacancy/124714968
Менеджер по продаже рекламы,ГРАН,40.0,50.0,,,,Нет опыта,ТК,5/2,,обучение,Активные звонки существующим клиентам. Использование готовой базы действующих клиентов. Поддержание профессиональной коммуникации. Презентация платных инструментов приоритезации объявлений.,https://hh.ru/vacancy/125435409
Региональный менеджер по продажам,Лунда,60.0,,,,,От 1 года до 3 лет,ТК,5/2,,"форма, премии, бонус, бонусы, обучение, чай","Поиск новых клиентов, развитие клиентской базы Выстраивание взаимоотношений с представителями компаний-партнеров и клиентами Согласование встреч, поездки, активная работа «в полях» Ведение переговоров на разных уровнях Отправка коммерческих предложений, выставление счетов Контроль отгрузок и оплаты Консультации клиентов, подбор оборудования Выполнение плана личных продаж Ведение отчетности",https://hh.ru/vacancy/121392626
Менеджер по продажам B2B,Эвотор,65.0,,,,,От 1 года до 3 лет,ТК,5/2,Ежемесячно,"ДМС, форма, премии, скидки, обучение","Продавать наши ИТ-продукты (онлайн-кассы и сервисы для бизнеса) по теплой базе (исходящие звонки). Консультировать клиентов, подбирать решения под их задачи. Вести сделку от первого звонка до оплаты в CRM-системе. ВАЖНО: мы не ищем клиентов и не занимаемся холодными звонками. Что мы ожидаем: Опыт в активных продажах от 1 года. Умение общаться с клиентами, выявлять их потребности и работать с возражениями. Готовность обучаться и использовать CRM-систему. Ориентир на результат, ответственность и проактивная позиция. Наличие техники для работы (компьютер или ноутбук, гарнитура, стабильный интернет и спокойная обстановка).",https://hh.ru/vacancy/125308783
Менеджер по работе с клиентами,Росгосстрах,40.0,,,,,Нет опыта,ТК,5/2,Ежемесячно,"ДМС, страхование, скидки",Продажа страховых продуктов клиентам в офисе. Выполнение плана продаж. Работа с клиентами по продлению действующих договоров. Предоставление отчетности по продажам.,https://hh.ru/vacancy/125226705
Менеджер по оптовым продажам,Торговый дом Тракт,60.0,,,,,От 1 года до 3 лет,ТК,5/2,,"бонус, обучение, проезд, транспорт","Развитие продаж на закрепленной территории; Выстраивание взаимовыгодных и долгосрочных отношений с корпоративными клиентами Компании (промышленные, производственные предприятия); Привлечение к сотрудничеству новых клиентов; Проведение переговоров и презентаций продукции Компании; Полное сопровождение сделки с клиентом (заключение договора, документооборот, своевременность поставки товара, контроль оплаты); Выполнение утвержденных целевых показателей деятельности; Ведение клиентской базы в CRM-системе. Наши пожелания к кандидатам: Успешный опыт личных продаж на рынке B2B и опыт ведения переговоров с первыми лицами компаний будет преимуществом при рассмотрении Вашей кандидатуры; Обучаемость, т.к. предстоит досконально изучить характеристики продаваемого товара и законодательную базу, регулирующую обеспечение СИЗ в РФ Умение организовывать эффективную работу с клиентской базой, где каждый клиент уникален и имеет свою специфику. Проактивная жизненная позиция, которая поможет решать рабочие задачи, развиваться профессионально и получать желаемый финансовый результат. Если Вы только начинаете свою карьеру в сфере продаж и не боитесь трудностей, готовы учиться - мы готовы рассмотреть Вашу кандидатуру!",https://hh.ru/vacancy/99560247
Менеджер по продажам,Компания Русский Свет,,,,,,Нет опыта,ТК,5/2,,обучение,"Проведение переговоров с новыми и существующими клиентами, заключение договоров на поставку электротехники. Консультирование клиентов по ассортименту (вопросы наличия, замен, цен...",https://hh.ru/vacancy/119079102
Старший менеджер по продажам автомобилей в ДЦ CHERY,Группа компаний «АсАвто»,160.0,200.0,,,,От 1 года до 3 лет,ТК,5/2,,"подарки, скидки, обучение",Управление процессом продаж новых автомобилей; Помощь менеджерам в закрытии клиентов в продажу автомобиля; Контроль выполнения стандартов отдела продаж; Выступать наставником для новых сотрудников. От вас ждем: Опыт работы в продажах автомобилей; Опыт управления коллективом от 1 года; Презентабельный внешний вид; Уверенный пользователь ПК. Откликайся на вакансию – присоединяйся к нашей команде!,https://hh.ru/vacancy/124198501
Менеджер по продажам,Спектр,,,,,,От 1 года до 3 лет,ТК,5/2,,"ДМС, подарки","Анализ рынка, конкурентной среды и выявление новых бизнес-возможностей; Взаимодействие с ключевыми партнерами и клиентами; Участие в определении и реализации маркетинговой стратегии и планов; Выстраивание эффективного кросс-функционального взаимодействия с производством. Требуются опыт и знания в следующих областях: Высшее образование (техническое будет преимуществом); О пыт продаж в промышленном сегменте будет преимуществом! Наличие опыта личных продаж в сегменте крупного В2В; Готовность к командировкам.",https://hh.ru/vacancy/124986699
Менеджер по продажам,Хлебпром,,68.9,,,,От 1 года до 3 лет,ТК,5/2,,,"Развитие продаж продукции ОАО Хлебпром на закрепленной территории (Автозаводский район) в каналах: ФС, ЛС, Розница, проведение переговоров с клиентами, презентация продукции компании, консультирование клиентов, выполнение плана продаж.",https://hh.ru/vacancy/124714764
Менеджер по продажам,ТД Шинсервис,100.0,,,,,От 1 года до 3 лет,ТК,5/2,,скидки,Работа с существующей клиентской базой и активный поиск новых клиентов; Проведение переговоров и заключение договоров ; Командировки( по необходимости); Полное сопровождение сделок; Выполнение планов продаж и увеличение объемов реализации продукции.,https://hh.ru/vacancy/124261202
Менеджер по продажам в интернет-магазин,Callmedia,,100.0,,,,Нет опыта,ТК,"2/2, 5/2",,"премии, бонус, бонусы, обучение","Оповестить клиента о накопленных бонусах. Рассказать, как выгодно можно потратить бонусы. Предложить на выбор нашу продукцию в категориях: товары для...",https://hh.ru/vacancy/118914343
Менеджер по продажам услуг Яндекс Бизнеса и Директа,Яндекс Крауд,,117.8,,,,От 1 года до 3 лет,ТК,5/2,,"страхование, бонус, бонусы, скидки, обучение",Звонить по готовой базе контактов и рассказывать о платных возможностях Яндекс Бизнеса и Директа для компаний. Отвечать на вопросы о...,https://hh.ru/vacancy/124476227
"Менеджер по продажам мебели (ТЦ ""Планета Мебели"")",Торговый дом Лазурит,75.0,135.0,,,,Нет опыта,ТК,4/3,Еженедельно,"бонус, бонусы, скидки, обучение",Консультировать покупателей по ассортименту. Работать в нашей уникальной дизайнерской программе (обучаем). Выполнять личный план продаж.,https://hh.ru/vacancy/125300084
Персональный менеджер дистанционного развития ипотечных продаж,Банк ДОМ.РФ,105.0,,,,,От 1 года до 3 лет,ТК,5/2,,,"Взаимодействие c клиентами и ключевыми партнерами банка Сбор документов и заведение данных по предмету ипотеки в систему, подготовка кредитного дела Проверка комплектности предоставленных документов при подготовке кредитно-обеспечительной документации Продажи ипотечных и розничных продуктов Банка по заявкам от партнеров Банка НАШИ ПОЖЕЛАНИЯ К СОИСКАТЕЛЮ: Опыт работы в ипотеке от 1 года Высшее образование",https://hh.ru/vacancy/122621505
Менеджер по работе с клиентами (исходящие/входящие звонки),Force Group,80.0,158.0,,,,Нет опыта,ТК,5/2,Еженедельно,обучение,"Никаких холодных звонков и навязывания! — Вы работаете только с тёплой базой клиентов, которые уже заинтересованы в нашей продукции (входящие и...",https://hh.ru/vacancy/124472332
Менеджер по продажам автомобилей в автосалон Omoda/Jaecoo,Группа компаний «АсАвто»,100.0,200.0,,,,От 1 года до 3 лет,ТК,5/2,,"подарки, скидки, обучение",Продажей автомобилей по стандартам бренда (от приема звонка до выдачи автомобиля); Консультацией клиентов по телефону и в салоне; Проведением тест-драйвов. От вас ждем: Опыт работы в продажах автомобилей; Презентабельный внешний вид; Уверенный пользователь ПК. Откликайся на вакансию – присоединяйся к нашей команде!,https://hh.ru/vacancy/123447691
Менеджер по работе с клиентами,ВЕС-Медиа,65.0,,,,,Нет опыта,ТК,"2/2, 10/64",,"ДМС, бонус, подарки, обучение","Продажа ювелирных украшений(по наработанной базе CRM, без поиска и привлечения новых клиентов). Консультировать клиентов по ассортименту. Помогать в выборе...",https://hh.ru/vacancy/124268002
Менеджер по продажам,Prodex,,,,,,От 1 года до 3 лет,ТК,"5/2, 2/2",,"ДМС, подарки, скидки",Прием входящих звонков; Консультирование клиента; Помощь клиенту в выборе товара; Оформление заказа в программе;,https://hh.ru/vacancy/125017629
Менеджер по продажам финансовых продуктов,Яндекс Крауд,,58.0,,,'9-18,Нет опыта,ТК,5/2,,"страхование, скидки, обучение",Звонить действующим партнёрам Яндекс Маркета и рассказывать о новом продукте. Вовлекать их в использование продукта на разных этапах воронки продаж...,https://hh.ru/vacancy/124473965
Торговый представитель / Менеджер активных продаж (масла и автохимия),ROSSKO,115.0,150.0,,,,От 3 до 6 лет,ТК,5/2,Ежемесячно,"ДМС, премии, подарки, скидки, обучение","Поддержание и развитие существующей клиентской базы (магазины автозапчастей и СТО). Посещение ±10 торговых точек в день Проведение презентаций, консультирование, сопровождение продаж Подключение и обслуживание новых клиентов Продажи продукции и выполнение плана продаж Продвижение новых видов продукции Планирование работы по развитию каждого клиента Выстраивание долгосрочных отношений с клиентами Контроль дебиторской задолженности Ведение отчётности по клиентам ТРЕБОВАНИЯ : Опыт в активных продажах не менее 3-х лет . Любой рынок Опыт работы в сферах: автозапчасти, FMCG, крупные федеральные компании будет Вашим преимуществом Желательно знание устройства автомобиля Навык деловых переговоров, навык презентаций",https://hh.ru/vacancy/124683093
Менеджер по оптовым продажам,ПАУЭР,,,,,,Нет опыта,ТК,3/1,Ежемесячно,обучение,"Продажи, поддержка и развитие клиентов (без холодных звонков): Увеличение объемов продаж, с помощью доступных коммерческих инструментов; Развитие действующей клиентской базы; Отслеживание динамики продаж, выявление проблемных зон в своем периметре клиентов; Контроль дебиторской задолженности; Консультации клиентов по коммерческим условиям и функционалу b2b портала, помощь в решении оперативных задач; Подписание договоров о сотрудничестве, дополнительных соглашений итд; Мы ожидаем от кандидата: Высшее образование; Опыт работы в B2B, оптовых продажах желателен; Высокие коммуникативные навыки; Желание развиваться; Умение работать в команде; Знание и опыт работы в 1С, MS Office (Exсel, Word).",https://hh.ru/vacancy/124229555
Менеджер по продажам,Fix Банкрот,70.0,100.0,,,,От 1 года до 3 лет,ТК,5/2,,,Работа в офисе компании на входящем потоке клиентов (без поиска клиентов) Проведение консультаций клиентов по процедуре банкротства Заключение договоров с клиентами Прием и контроль оплаты по договорам,https://hh.ru/vacancy/125373950
"Менеджер по продажам (сфера государственных поставок/тендеры, 44 ФЗ, 223 ФЗ)",ГосПривоз,50.0,350.0,,,,Нет опыта,ТК,22/30,,"бонус, бонусы, обучение, кофе, чай",Поиск товара. Необходимо найти необходимый товар на основании технического задания. Взаимодействие с поставщиками. Получение ЛУЧШИХ предложений от производителей. Подготовка необходимых коммерческих предложений‚ документов и договоров с контрагентами. Подготовка и проверка отгрузочных документов. Активное взаимодействие с Заказчиками и Поставщиками. Обсуждение рабочих моментов внутри коллектива. Контроль отгрузки товаров. Возможны редкие командировки (приятные командировочные - 2000 руб. в сутки). Работа только по действующим проектам. Без холодных звонков.,https://hh.ru/vacancy/124418622
Специалист по работе с клиентами (поддержка),Дельта системы безопасности,42.0,,,,,Нет опыта,ТК,"5/2, 2/2",Ежемесячно,"форма, обучение","Консультирование клиентов по техническим вопросам, сигналам с объекта; Создание сервисных заявок; Входящая линия от действующих клиентов; Взаимодействие со смежными подразделениями.",https://hh.ru/vacancy/125108748
Менеджер по работе с клиентами,Туту,54.0,,,,'10-15,От 1 года до 3 лет,ТК,"2/2, 5/2, 10/15, 30/60",,"ДМС, премии, обучение",Решать простые и сложные вопросы клиентов письменно. Звонить клиентам и партнёрам/перевозчикам. Работать с разными системами обслуживания клиентов. ,https://hh.ru/vacancy/121968342
Менеджер по продажам транспортных усулуг,Трансмясторг,67.0,120.0,,,,Нет опыта,ТК,5/2,,,Организация автомобильных грузоперевозок по РФ для клиентов компании. • Поиск наемных перевозчиков по имеющейся базе и АТИ. • Контроль грузоперевозки от начала и до ее завершения. • Контроль корректного оформления и своевременного возврата товарно-сопроводительных документов. • БЕЗ поиска клиентов и оформления первичной документации.,https://hh.ru/vacancy/125296905
Менеджер по продажам (Хрящевское шоссе),Байкал-Сервис,75.0,,,,,Нет опыта,ТК,5/2,2 раза в месяц,"подарки, обучение, транспорт","Работа с закрепленной базой, сопровождение, развитие и удержание клиентов; Возвращение ушедших клиентов; Проведение переговоров; Мониторинг конкурентной среды; Контроль дебиторской задолженности; Отчетность. Мы рады видеть Вас в нашей команде!",https://hh.ru/vacancy/124472062
Менеджер по продажам услуг / менеджер,Спортклуб FIGURA GYM,30.0,,,,,От 1 года до 3 лет,ТК,2/2,Ежемесячно,обучение,Теплые и холодные звонки Встреча клиентов Продажа клиентам услуги клуба,https://hh.ru/vacancy/124678481
Специалист по работе с клиентами,ROSSKO,50.0,50.0,,,,От 1 года до 3 лет,ТК,5/2,,"ДМС, форма, подарки, скидки","Оформление заказов от покупателей; Заведение и создание карточек клиентов в 1С; Заведение договоров; Оформление, печать и сортировка товарных документов; Отправка клиентам на e-mail информации по новинкам, акциям и ценам. НАШИ ОЖИДАНИЯ ОТ КАНДИДАТА: Приветствуется опыт работы со схожим функционалом; Умение работать в команде и достигать совместных результатов; Знание программ - MS Office, 1С будет Вашим преимуществом. ОТ ВАС ЖЕЛАНИЕ СТАТЬ ЧАСТЬЮ НАШЕЙ КОМАНДЫ, ОСТАЛЬНОМУ НАУЧИМ! ЖМИ ОТКЛИКНУТЬСЯ И ПРИСОЕДИНЯЙСЯ К НАМ!",https://hh.ru/vacancy/125102176
Менеджер по оптовым продажам,Форум-Авто,75.0,,,,,Нет опыта,ТК,5/2,,"форма, бонус, подарки, скидки","Работа на территории г. Тольятти и г. Сызрань. Привлечение клиентов, проведение переговоров, заключение договоров; Контроль оплаты за поставленную продукцию; Заполнение отчетности в CRM системе. Что для нас важно: Готовность к разъездному характеру работы; Опыт активных продаж («холодных» звонков, визитов, презентации товара или услуг); Активность, навыки деловой коммуникации, убеждения и работы с возражениями; Знания товарно-сопроводительной документации; Умение быстро находить пути решения в сложных ситуациях. Приветствуется опыт работы на позиции : менеджер по оптовым продажам, региональный представитель, торговый представитель, региональный менеджер, менеджер оптовых продаж, территориальный менеджер, торговый агент. Будем рады приветствовать Вас в нашей команде!",https://hh.ru/vacancy/124270275
Региональный менеджер по продажам,Страна Знаний,80.0,120.0,,,,От 1 года до 3 лет,ТК,5/2,,"обучение, транспорт","Встречаться с руководителями образовательных учреждений (школ, детских садов), а также с председателями родительских комитетов с целью презентации продукта и услуг Компании; Развивать и выстраивать долгосрочные партнерские отношения по результатам встреч; Активно принимать участие в выполнении плановых показателей; Вести отчетность по итогам проделанной работы. Что для нас важно: Умение выстраивать долгосрочные и доверительные отношения с клиентами; Развитый навык деловых переговоров; Ответственность и пунктуальность; Желание развиваться и зарабатывать выше рынка; Опыт работы в продажах приветствуется, но не является основным критерием. «Страна Знаний» - это сплоченная команда единомышленников! Готовы стать частью нашей Компании? Ждем Ваш отклик! Мы будем рады видеть Вас в нашей команде! Подойдет для кандидата с опытом работы в должности: торговый представитель, менеджер отдела продаж, специалист отдела продаж, менеджер по продажам, специалист по рекламе, менеджер по рекламе, сейлз-менеджер….",https://hh.ru/vacancy/123915972
Менеджер по продажам,Биосфера,,150.0,,,,Нет опыта,ТК,5/2,Еженедельно,"форма, бонус, скидки, обучение","Работа с ЦЕЛЕВОЙ базой клиентов; Исходящие звонки(без поиска клиентов); Оформление заказов в программе crm; Сопровождение клиентов; Ты нам подходишь, если: Умеешь устанавливать контакт, презентовать продукт, Отрабатывать возражения. Мы гарантируем: Удаленный формат работы; Окладная часть на этапе адаптации; Заработная плата без потолка, % от продаж + премиальная часть; Еженедельные выплаты; Свободный график от 40 часов в неделю; Прогрессивную систему премирования; УНИКАЛЬНУЮ СИСТЕМУ ОБУЧЕНИЯ!; Бонус за обучение 2500 руб.; Никакого поиска клиентов; Базовое обучение (3 дня) + сопровождение в сделках от руководителя; 10% за каждый проданный товар на период стажировки. После 3-х месяцев работы есть возможность карьерного роста до менеджера VIP-отдела с заработной платой от 150 тыс; Скидки на продукцию компании; Ежемесячные конкурсы с премиями. Отсутствие штрафов; Хочешь быть с нами в команде? Оставь отклик на вакансию, записывайся на собеседование и начинай зарабатывать!",https://hh.ru/vacancy/123321526
Менеджер по работе с клиентами,Контакт-центр CallTraffic,55.0,,,,,От 1 года до 3 лет,ТК,2/2,,"скидки, обучение","Осуществлять исходящий обзвон действующих клиентов Маркетплейса, с целью выявления заинтересованности в продукте; Консультировать клиентов по услугам и продуктам компании. ДЛЯ ЭТОГО ВАЖНО: Иметь опыт использования ПК и офисных приложений на уровне уверенного пользователя; Уметь грамотно излагать свои мысли.",https://hh.ru/vacancy/125246517
Менеджер по работе с клиентами Авто. ру (Подбор автомобилей),Яндекс,,70.0,,,,Нет опыта,ТК,2/2,Ежемесячно,"премии, скидки, обучение",Устанавливать коммуникацию между заинтересованным клиентом и дилером для дальнейшего общения. Вести отчётность в CRM-системе. Получаете удовольствие от общения с...,https://hh.ru/vacancy/124493764
Менеджер по продажам,Элитный Сочи,500.0,,,,,Нет опыта,ТК,5/2,,"жилье, чай","Лучшая аналитика по ведению продаж в России. Столько клиентов, сколько ты сможешь обслужить.",https://hh.ru/vacancy/125150491
Логист (специалист по работе с клиентами),ОАТ Карго,120.0,,,,,От 1 года до 3 лет,ТК,5/2,,транспорт,"Формирование и развитие клиентской базы ; Договорная работа, привлечение заказчиков; Развитие направления экспедирования, привлечение перевозчиков; Заключение и отслеживание заявок на грузоперевозки на собственном и привлеченном транспорте; Контроль за исполнением заявок; Ведение документооборота по привлеченному транспорту; Урегулирование спорных моментов; Контроль дебиторской задолженности; Отслеживание рыночных условий предоставления транспортных услуг, конъюнктуры рынка.",https://hh.ru/vacancy/124712594
Менеджер по B2B-продажам,Точка Банк,100.0,,,,,От 1 года до 3 лет,ТК,5/2,,"ДМС, бонус, бонусы, скидки, обучение","Звонить клиентам по готовой холодной базе, выявлять их потребности и предлагать наиболее подходящие банковские сервисы и услуги. Твоя задача — заинтересовать...",https://hh.ru/vacancy/125438225
Менеджер по продажам рекламы для B2B,Яндекс Крауд,,109.4,,,,От 1 года до 3 лет,ТК,5/2,,"страхование, бонус, бонусы, скидки, обучение",Обзванивать холодную базу клиентов и рассказывать им о возможностях платного продвижения. Помогать подключать Рекламную подписку. Выполнять план продаж и вести...,https://hh.ru/vacancy/123829586
Административный специалист по работе с клиентами / Менеджер по работе с клиентами,Трио,35.0,47.0,,,,От 1 года до 3 лет,ГПХ,5/2,,"форма, обучение, кофе","Приём входящих обращений от клиентов и постановка задач для исполнителей Оформление документов для клиентов (договоры, счета, акты, отчёты о пр одела нных работах, акты сверки) Работа с входящей и исходящей документацией (ЭДО, электронная почта, обычная почта) Ведение архива документов, предоставление документов по запросу главного бухгалтера Контроль дебиторской задолженности по клиентам Решение спорных вопросов с клиентами по взаиморасчётам и выполненным работам Ведение табеля учёта рабочего времени сотрудников организации Выполнение прямых поручений руководства (подготовка отчётов, сбор информации по клиентам и т. д.) Обязанности при замещении: Обязанности для обеспечения жизнедеятельности офиса (заказ воды, канц-товаров, решение вопросов с администратор ом здания) Требования : Коммуникабельность на высоком уровне Аналитический склад ума Умение работать в режиме многозадачности Внимательность, педантичность Активность, ответственность. Умение работать в Excel и Google таблиц ах, структурировать и анализировать с их помощью информацию. Стрессоустойчивость Особым преимуществом будет, если у Вас есть: Опыт работы сфера оказания IT-услуг Уверенное владение 1С Опыт ведения первичной бухгалтерии Опыт работы с делопроизводством / ведения делопроизводства На каких условиях мы будем сотрудничать Оформление по ТК РФ Прозрачная система мотивации. График работы 5/2 с 8:30 до 17.30 Полный социальный пакет Адаптация и обучение сотрудников. Мы не бросаем новобранцев на произвол! Удобное расположение офиса, к нам ходят почти все маршрутки города! Остановка “Парк Хаус”. Дополнительные “плюшки” компании Позитивный и жизнерадостный коллектив У нас практикуется поддержка друг друга, взаимовыручка и взаимопомощь для нас не пустой звук Бесплатный кофе Современные быстрые компьютеры Удобная зона отдыха, в которой можно отвлечься от рабочего процесса Настолки в перерывах, иногда проводим турниры Мы слышим пожелания сотрудников и внедряем их в компанию (если они не борщат конечно же) Каждые полгода пересматриваем условия ЗП в большую сторону и ставим достижимые цели Мы никогда не задерживаем заработную плату. Совсем!!! И теперь, если вы внимательно проч итали данную вакансию и поняли, что это та работа, которую Вы давно искали, то оставьте свой отклик и начните сопро водител ьное письмо со слов: «Я могу и хочу с Вами работать, потому что …». Так мы поймем, что Вы действительно внимательный и ответственный человек.",https://hh.ru/vacancy/124635950
Специалист по продаже недвижимости,Агентство Недвижимости Жилфонд,100.0,700.0,,,,Нет опыта,ТК,5/2,,обучение,"...об оказании услуг. Высокотехнологичная CRM, упрощающая поиск и работу с клиентами. Продажам. Выход на сделки, <highlighttext>специалистов</highlighttext> <highlighttext>по</highlighttext> <highlighttext>работе</highlighttext> <highlighttext>с</highlighttext> <highlighttext>клиентами</highlighttext>.",https://hh.ru/vacancy/121989800
"Менеджер по продажам|Продавец-дизайнер в мебель (Планета мебели, Мебель Парк, Громовой 33)",Мягкая Жизнь,78.0,115.0,,,,Нет опыта,ТК,"2/2, 4/2",2 раза в месяц,обучение,"Создавать отличный клиентский сервис и быть внимательным к пожеланиям и вкусам клиента, предлагая именно то, что подходит под его запрос. ",https://hh.ru/vacancy/124989954
Менеджер по продажам теплоизоляции,Фрегат ЛТД,60.0,80.0,,,,Нет опыта,ТК,5/2,,"форма, обучение, кофе, чай","Работа с действующей базой, поиск новых клиентов. - Консультации (звонки, электронная почта, встречи). - Обработка заказов, оформление счетов и погрузо-разгрузочных документов...",https://hh.ru/vacancy/124748238
Менеджер по работе с клиентами/оценщик ювелирных изделий,Победа Персонал,67.0,80.0,,,'4-10,Нет опыта,ТК,"1/2, 2/2, 2/4, 10/15",2 раза в месяц,"подарки, обучение","Оценивать ювелирные изделия (всему обучим и оплатим стажировку!). Работать с кассой и денежной наличностью. Работать с договорами, вести документацию.",https://hh.ru/vacancy/125206220
Менеджер по продажам на вводном уроке,Онлайн-школа Тетрика,75.0,100.0,,,,От 1 года до 3 лет,ГПХ,5/2,Ежемесячно,"форма, обучение",Проводить вводные видео-уроки по заготовленному плану (материалам) и продавать подходящий пакет занятий на вводном уроке. Выявлять текущий уровень знаний...,https://hh.ru/vacancy/112241001
Менеджер в отдел продаж,Стоматологическая клиника Кристал,130.0,,,,,Нет опыта,ТК,5/2,,,"Консультирование клиентов по услугам клиники, помощь в выборе оптимальных решений. Ведение переговоров. Обеспечение высокого уровня клиентского сервиса и удовлетворенности.",https://hh.ru/vacancy/125426866
Менеджер/специалист по продажам оборудования (В2В),Волжский Композит,80.0,350.0,,,,От 1 года до 3 лет,ТК,5/2,,"ДМС, обучение, транспорт, кофе, чай","проектные продажи в сфере строительства (активный поиск, холодные звонки, ведение клиентской базы) B2B, B2G проведение переговоров с лицами, ответственными за поиск поставщиков - выявление потребности, подготовка коммерческих предложений взаимодействие с отделом проектирования, с производством заключение договоров ведение CRM",https://hh.ru/vacancy/124722882
Специалист по продажам проектов ОКНА/ДВЕРИ,Лемана ПРО,64.2,,,,'9-18,От 1 года до 3 лет,ТК,"5/2, 9/18, 10/19, 11/20, 13/22",Ежемесячно,"ДМС, страхование, форма, премии, бонус, обучение, транспорт","Инициировать контакт с клиентом. Консультировать его по продуктам и услугам: окна, двери (входные, межкомнатные), лестницы, террасная доска. Подбирать и проектировать оптимальные варианты продуктов и услуг, рассчитывать стоимость в специальной программе (предусмотрено обучение). Осуществлять активные продажи в магазине, сопровождать сделки от момента продажи до установки. Согласовывать сроки выполнения заказов с производством. Вести историю работы с клиентами в CRM.",https://hh.ru/vacancy/125257123
Специалист по работе с клиентами,Премиум реклама,60.0,,,,,Нет опыта,ТК,"5/2, 2/2",2 раза в месяц,"премии, обучение, транспорт","Первичное консультирование клиента по телефону (без поиска клиентов, без холодных звонков); Консультирование клиентов по условиям кредита автотранспорта, подбор кредитных программ; Назначение встречи в дилерском центре.",https://hh.ru/vacancy/121165345
Специалист по работе с клиентами в интернет-магазине,ГРАН,40.0,60.0,,,,Нет опыта,ТК,5/2,,"форма, премии","Обработка входящих звонков и сообщений от клиентов. Консультирование клиентов по ассортименту и характеристикам продукции. Оформление заказов и контроль их выполнения. Решение вопросов, связанных с возвратами и заменами товаров. Поддержание высокого уровня обслуживания клиентов.",https://hh.ru/vacancy/125429269
Менеджер по продажам (ул. Матросова),BY business group (Бизнес-Юрист),60.0,,,,,От 1 года до 3 лет,ТК,5/2,,"премии, обучение","Консультировать Клиентов, которые пришли в офис на встречу; Заключать договоры с Клиентами; Передавать дело в юридический отдел для его дальнейшего ведения; Консультировать Клиентов, которые не могут приехать в офис из отдаленных населенных пунктов по видеосвязи.",https://hh.ru/vacancy/117992675
Региональный представитель / Менеджер по работе с клиентами / Специалист по работе со школами,Онлайн-школа Тетрика,40.0,70.0,,,,От 1 года до 3 лет,ТК,5/2,,"форма, обучение","Устанавливать первичный контакт с образовательными учреждениями; Договариваться о размещении информации в образовательных учреждениях о бесплатных проектах Тетрики для учеников школ с целью привлечения лидов и оплат; Привлечение новых учеников и репетиторов путем информирования в образовательных учреждениях (без сбора данных); Ты будешь ответственным за регионы, которые тебе выдадут, поэтому необходимо вести общую отчётность о проделанной работе.",https://hh.ru/vacancy/123920355
Менеджер по работе с клиентами (без поиска),100балльный репетитор,,63.0,,,,Нет опыта,ГПХ,"5/2, 2/2",,"ДМС, премии","Общение с тёплой базой клиентов через IP-телефонию. Работа в amoCRM с входящими заявками. Выполнение KPI (конверсия, средний чек). Что нужно: Грамотная речь, оборудованное рабочее место. Опыт в онлайн-продажах или call-центре будет преимуществом. Если вы хотите стать частью нашей команды и помогать тысячам школьников достигать своих целей, оставляйте отклик — мы будем рады познакомиться с вами!",https://hh.ru/vacancy/124948541
Менеджер по продажам (B2B),Инновационные системы пожаробезопасности,100.0,,,,,От 3 до 6 лет,ГПХ,5/2,,"ДМС, форма, премии, бонус, бонусы, подарки, обучение",Анализировать новые направления и привлекать новых клиентов. Прорабатывать цепочку принятия решений у клиента (от проектировщика и подрядчика до конечного заказчика...,https://hh.ru/vacancy/124884639
Менеджер по продаже новостроек,Самолет Плюс,70.0,250.0,,,,Нет опыта,ТК,5/2,,премии,"проводить переговоры с клиентами, презентовать наши технологии и кейсы, выяснять мотивацию, подписывать с ними договоры; работа с популярными и современными жилыми комплексами Тольятти, Москвы, Санкт-Петербурга, Казани и тд.; продажа новостроек покупателям из базы компании; ВОЗМОЖНОСТИ: доход 150 000₽ и выше, верхнюю планку определяешь ты исходя из своих целей и возможностей, с одной сделки можно заработать 200тыс. ₽ и больше; офис открыт с 9:00 до 18:00 по будням, но график может быть и гибкий - чем ты результативнее, тем больше управляешь своим временем самостоятельно; доступ к базе знаний компании; групповые и индивидуальные тренировки с наставниками, в том числе с директором компании; командная работа на каждом этапе воронок продаж; штурмы и подготовка к встречам, подготовка аналитики, концепций, сценариев, схем сделок; развитие до супер-эксперта, который продает новостройки по всей стране! КАК ПРИСОЕДИНИТЬСЯ? Оставляй отклик на вакансию! И становись частью команды Самолет Плюс Начни успешную карьеру в недвижимости! ________________________",https://hh.ru/vacancy/124411838
Менеджер по продажам,Лемана ПРО,48.5,,,,,От 1 года до 3 лет,ТК,"5/2, 2/2",Ежемесячно,"ДМС, страхование, обучение","​​​​ Обработка входящих обращений от клиентов B2B (любые юридические лица и профессиональные строительные клиенты); Консультирование клиентов (по ассортименту, по подбору аналогов, по наличию и услугам компании); Развитие взаимоотношений с клиентами; Подготовка коммерческого предложения и выставление счета; Сопровождение клиентов на всех этапах продаж (от заключения договора и первого заказа до отгрузки); Осуществление кросс-продаж и пост-продажное сопровождение клиента.",https://hh.ru/vacancy/123843667
Менеджер по продажам,СК Ренессанс Жизнь,70.0,,,,,От 1 года до 3 лет,ТК,5/2,Ежемесячно,"ДМС, обучение","Выполнение плановых показателей по заключению, сопровождению, пролонгации договоров инвестиционного и накопительного страхования жизни; Обеспечение качественного обслуживания и сопровождения клиентского портфеля.",https://hh.ru/vacancy/124780294
Менеджер по продажам (автозапчасти),ДМ-17,80.0,,,,'8-9,От 1 года до 3 лет,ТК,8/9,Ежемесячно,форма,"вести удаленно заказы от заявки до отгрузки. Наши основные требования к кандидату: опыт работы в сфере продаж автозапчастей; опыт работы с электронными каталогами автозапчастей (BMW VAG MB); наличие ПК с широкоформатным экраном или ноутбука; клиентоориентированность и нацеленность на результат, умение грамотно общаться, внимательность‚ усидчивость‚ не конфликтность‚ желание учиться и умение конструктивно решать проблемы, возникающие в процессе взаимодействия с клиентами.",https://hh.ru/vacancy/124560276
Менеджер по продажам,Яндекс Команда для бизнеса,50.0,,,,,От 1 года до 3 лет,ТК,5/2,,"форма, премии, скидки, обучение",Совершать исходящие звонки действующим клиентам Яндекса (юридические лица) без поиска клиентов (отсутствие холодных звонков). Проводить аудит рекламных кампаний и давать...,https://hh.ru/vacancy/124997144
Менеджер по продажам и обслуживанию юридических лиц,Банк ПСБ,,,,,,От 1 года до 3 лет,ТК,5/2,,"ДМС, скидки","Привлечение Клиентов-юридических лиц на расчетно-кассовое обслуживание Консультирование Клиентов по продуктам банка,кросс-продажи Обслуживание Клиентов-юридических лиц в отделении Банка Обеспечение качественного обслуживания Клиентов Развитие действующего портфеля Клиентов Что важно для нас: Образование высшее/неоконченное высшее Опыт работы в банковской сфере не менее года Грамотная речь Опыт работы в продажах Активная жизненная позиция Тебе нравится общаться с людьми Что предлагаем: Официальное оформление в соответствии ТК РФ График работы: 5/2 Конкурентный уровень дохода Доплата к отпускному и больничному листу «Кафетерий льгот»: ДМС для работника и членов семьи, возмещение затрат на отдых, спортивные услуги, покупки на маркетплейсе «ПСБ Маркет» Дополнительные льготы при заключении брака и рождении детей Материальная поддержка в сложных жизненных ситуациях Бесплатная программа поддержки работников: юридические, финансовые и психологические консультации, помощь в бытовых вопросах, автопомощь, корпоративные скидки, профориентация детей работников Возможность профессионального развития и прохождения внутреннего и внешнего профессионального обучения Корпоративная паритетная пенсионная программа",https://hh.ru/vacancy/123436379
