Должность,Работодатель,ЗП от (т.р.),ЗП до (т.р.),Средний совокупный доход при графике 2/2 по 12 часов,В час,"Длительность 
смены","Требуемый
опыт",Труд-во,График,"Частота 
выплат",Льготы,Обязаности,Ссылка
Продакт-менеджер,Национальная система платежных карт,,,,,,От 3 до 6 лет,ТК,5/2,,"страхование, форма, премии, кофе","Формирование стратегии развития сервисов и технологий в платежной сфере Мониторинг инноваций в области платежей и переводов и нетранзакционных сервисов Участие в формировании стратегии развития сервисов платформы мобильных платежей и других выбранных направлений и инициатив в рамках подразделения Формулирование и проверка продуктовых гипотез, перспективных идей и направлений развития сервисов и продуктов Организация пилотирования сервисов по результатам проверки гипотез, формирование отчетности о результатах проверки и пилотирования гипотез Анализ данных и мониторинг ключевых показателей стратегии, внесение изменений в случае необходимости Формирование продуктового видения для запуска маркетинговых кампаний, PR коммуникации и поиска потенциальных партнеров для реализации сервисов и продуктов Формирование бэклога задач, гипотез, перспективных идей и направлений развития сопровождаемых сервисов и продуктов 2. Реализация новых сервисов и продуктов, поддержка реализованных сервисов и продуктов в рамках стратегии развития компании: Координация и организация работы команд, приемка результатов реализации Поддержка актуальной информации по сервисам и продуктам на ресурсах компании Управление рисками Контроль сроков реализации, ведение статуса реализации Ведение договорной документации Анализ данных и мониторинг ключевых показателей развития и состояния сервисов и продуктов Управление правилами, тарифами и стандартами Управление закупками и контрактами, планирование и исполнение бюджета Формирование отчетности о результатах текущей деятельности Мы ожидаем: Высшее образование Опыт работы в финансовом/финтех секторе по направлению разработки или сопровождения продуктов или проектов в роли руководителя проектов/портфеля проектов или владельца продукта/продуктов от 5-ти лет Опыт разработки и внедрения карточных/финансовых/транзакционных продуктов Опыт работы в продуктах или проектах различной направленности (внедрение ИТ систем, запуск новых функций в компании, запуск новых бизнес-сервисов, трансформации внутри компании и тому подобное) Опыт подготовки отчетов и презентаций Навыки организации работы продуктовой команды Навыки работы с большим объемом информации (аналитика) Коммуникационные навыки, опыт проведения встреч и переговоров Уверенный пользователь MS Office/ аналогов Проактивность, настойчивость и умение добиваться результата в сложных условиях",https://hh.ru/vacancy/125436763
Продакт-менеджер,Wolta,,,,,,От 3 до 6 лет,ТК,5/2,,"ДМС, форма, обучение","Ведение полного жизненного цикла продукта от идеи и запуска производства до вывода из ассортимента; Управление товарной категорией, выполнение плановых показателей по категории (выручка, рентабельность, оборачиваемость, дефицит, качеству и сервису); Разработка и формирование ассортиментной матрицы, определение позиционирования продукта на рынке; Разработка и реализация стратегии продвижения продуктов; Анализ динамики продаж, выявление факторов прироста или спада, анализ продаж в разрезе каналов сбыта и типов клиентов. Составление прогнозов и планирование закупок на основании факторного анализа продаж. Краткосрочное и долгосрочное планирование; Проведение маркетинговых исследований: оценка емкости рынка, конкурентов, анализ клиентской базы. Формирование конкурентных преимуществ; Проведение обучений для торговой команды компании и торговых команд клиентов. Определение целевого перечня, себестоимости и цены продажи продукции, переговоры с поставщиками и производственными площадками по их достижению; Ценообразование: постоянный мониторинг цен конкурентов, оперативная корректировка цен, предоставление клиентам индивидуальных скидок и условий; Поиск поставщиков и переговоров с ними, заказ образцов, организация тестирования; Взаимодействие с производством по вопросам качества продукции; Контроль за нормативами товарного запаса: поддержание согласованного уровня товарного запаса во избежание дефицитов и оверстоков, оперативное принятие мер по их ликвидации. Взаимодействие с отделом логистики по вопросам отгрузок. Техническая и маркетинговая поддержка продаж и совместная работа по проектам с отделом продаж; Разработка маркетинговых материалов (презентации, каталоги, демообразцы и т.д.); Участие в отраслевых семинарах, конференциях, выставках; Обеспечение актуальной информации о продукции внутри и вне компании; Подготовка отчетности. Ожидания от кандидата: Релевантный опыт работы в сфере светотехники от 2-х лет; Высшее образование. Желательно техническое; Отличное знание правил и методик управления продуктовым направлением в полном объеме; Опыт формирования ассортимента, его продвижения, участия в разработке и выводе на рынок новых изделий; Знание основ бизнес-планирования: подготовка, презентация и защита. Умение строить и обосновывать прогнозы; Отличные презентационные навыки; Английский язык - способность читать и писать деловые письма; Нацеленность на результат, настойчивость, активная жизненная позиция, умение договариваться, аналитичность мышления, системность, самоорганизованность, способность работать с большими массивами данных для достижения конкретных целей анализа.",https://hh.ru/vacancy/125519481
Продакт-менеджер в отдел создания изделий бренда 2MYmoods (женская одежда),Грачева Ксения Сергеевна,130.0,,,,,От 1 года до 3 лет,ГПХ,5/2,,,"Бренд женской одежды 2MYmoods в поисках продакт-менеджера в отдел создания вязаных изделий. Москва. Резюме рассматривается только с фотографией. - Полный процесс создания продукта (создание АМ, рабочего производственного календаря, выпуск коллекции в нужный срок и в нужном количестве) ответственность за сроки, выход коллекции, ведение разработчиков - составление и принятие у них плана изделий - Анализ текущих изделий и заказов - понимание рентабельности (понимание рентабельности каждого, работа над ними, составление отчетности) уменьшение и работа над снижением себестоимости изделий (для увеличения маржинальности) - Работа в программе Мой склад и Честный знак (знание и опыт) - Создание Потребности и работа на наличие изделий - Работа нам масштабированием бренда (у бренда преимущественно ручная работа, но мы уже работаем над сотрудничествами с производствами как трикотажа, так и текстиля, работа над увеличением АМ и Количества на артикул) - увеличение подрядчиков, поиск вязальщиц ручной работы, понимание сколько людей не хватает Опыт и связи в этой области будут вашим преимуществом. - Коллаборации и их создание с полным включением (просчеты расходов и прибыли от данных коллекций) - Курирование наших вязальщиц (сведение к минимуму) !работа в связке с маркетингом для достижения целей роста и развития бренда! - Ответственность за команду (разработчкики, дизайнеры, полный контроль описаний) - Поиск и подбор материалов - Постоянная работа с производствами и периодические выезды туда (текстиль и трикотаж) работа с Китаем и Италией (поиск и привлечение новых подрядчиков: производства, материалы)",https://hh.ru/vacancy/125364458
Руководитель отдела продаж с функцией продакт - менеджера / Коммерческий директор,Бон-Групп,200.0,300.0,,,'1-1,От 3 до 6 лет,ТК,1/1,Ежемесячно,"форма, бонус",Управление продажами: — Организация и координация работы отдела продаж. — Работа с ключевыми метриками отдела: регулярный анализ данных и принятие решений на...,https://hh.ru/vacancy/125521228
Product manager / Продакт менеджер (швейное производство) Fashion,Miss X,150.0,,,,,От 1 года до 3 лет,ГПХ,5/2,,форма,"Разработка новых продуктов в соответствии с исследованиями рынка и трендами. Полное ведение процесса от идеи до вывода в продажу Взаимодействие с подрядчиками и производственным отделом для обеспечения соответствия продуктов стандартам качества и требованиям рынка Анализ трендов в актуальных сферах: одежда, нижнее белье, домашняя одежда Разработка календаря сезонности, контроль соблюдения сроков выпуска в продажу сезонных моделей Анализ деятельности конкурентов на маркетплейсах и розничном рынке (рф и зарубежные) Анализ продаж новых моделей для улучшения регламента ввода товаров в продажу Анализ отзывов на новые модели для их улучшения Мы ждем от кандидата: Опыт работы с созданием новинок на маркетплейсы и выводом их в продажу Опыт работы с брендами в нише «одежда» Опыт работы с швейным производством, экспериментальным цехом (понимание процесса, умение различать ткани и тд) Опыт управления задачами и командой Мы предлагаем : Работу на производстве (м. Полежаевская) - гибрид по согласованию Классную заряженную команду и коллектив профессионалов Рост и развитие вместе с ТОП-овым бредом",https://hh.ru/vacancy/125431574
Продакт менеджер / Product manager (одежда),Попова Рузалина Наильевна,100.0,170.0,,,,От 1 года до 3 лет,ТК,5/2,,,Ценовой анализ конкурентных позиций. Предложение вариантов по расширению ассортимента. Работа с товарной матрицей. Ввод новинок. Анализ трендов и конкурентов. ,https://hh.ru/vacancy/125507120
Менеджер по закупкам ВЭД (продакт-менеджер),Карин,150.0,190.0,,,,От 3 до 6 лет,ТК,5/2,,,формирование и размещение заказов у зарубежных поставщиков обработка и сравнение полученных предложений получение выгодных условий по заказам и поиск новых поставщиков полное сопровождение закупки товара (от заказ до получения) претензионная работа с поставщиками формирование и отслеживание ассортимента и цен по закрепленным группам товаров выполнение поручений руководства,https://hh.ru/vacancy/125329283
Продакт-менеджер Nature's Bounty,Solgar,,,,,,От 1 года до 3 лет,ТК,5/2,,"ДМС, форма, бонус, обучение","Подготовка и проведение презентаций/тренингов по продукции (для внутренних сотрудников и внешних партнеров) Работа с агентствами по разработке материалов и маркетинговых мероприятий, включая разработку креативных концепций Разработка, изготовление и улучшение информационных материалов Содействие в разработке и непосредственно выполнение маркетинговых стратегий по категориям продуктов Операционное планирование, разработка и внедрение маркетинговых активностей Работа с портфелем, включая анализ, планирование, подготовку и выведение на рынок новинок, обновление существующей линейки Эффективное взаимодействие с кросс-функциональными командами по бизнесу и ключевым проектам (Sales, Finance, Marketing, Medical, E-Com, Digital) Полевые визиты совместно с медицинскими представителями для развития бизнеса Разработка, защита и исполнение бренд-планов по категории Разработка и проведение работы бизнес-подразделения на цикловых совещаниях Мы ждем: Образование и опыт: Обязательно законченное высшее медицинское/фармацевтическое образование. Дополнительное образование в сфере маркетинга будет сильным преимуществом. Аналогичный опыт работы не менее 2х лет в отделе маркетинга фармацевтической или медицинской компании. Опыт управления проектами от идеи до реализации. Навыки и знания: Знание английского языка на уровне чтения профессиональной литературы и ведения переписки. Аналитические способности: умение работать с данными, анализировать продажи и на основе этого делать выводы и предлагать решения. Финансовая грамотность: понимание принципов составления и управления бюджетом (P&amp;L, планирование, исполнение, отчетность). Хорошие презентационные навыки, грамотная речь, умение работать с большой аудиторией 50+ человек MS Excel, MS PowerPoint – уверенный пользователь (сводные таблицы, построение диаграмм и графиков, создание презентаций). Знание Power BI будет плюсом. Личные качества: Ответственность, нацеленность на результат, организованность. Проактивная позиция, инициативность. Развитые лидерские качества и навыки работы в команде. Креативное мышление и способность генерировать новые идеи. Готовность к командировочной активности. Готовность работать в режиме многозадачности, высокая работоспособность и стрессоустойчивость. Желание учиться и развиваться в сфере маркетинга. Дополненные условия работы: Оформление по ТК РФ. Конкурентная заработная плата Ежеквартальная премия/бонус по результатам работы (KPI). ДМС после прохождения испытательного срока. Частичная компенсация питания/мобильной связи. Предоставляется корпоративный автомобиль, компенсация ГСМ. Оплачиваемые командировки. Обучение и развитие за счет компании (внутренние и внешние тренинги). Карьерный и профессиональный рост в международной компании. Молодая и профессиональная команда, современный офис Кандидаты без профильного образования (медицинское/фармацевтическое) не рассматриваются",https://hh.ru/vacancy/125436102
Продакт-менеджер,Polaris,260.0,,,,,От 1 года до 3 лет,ТК,5/2,,"ДМС, подарки, обучение","Ведение всей цепочки от разработки товара до приема на склад; Стимулирование продаж в разных каналах сбыта; Формирование ассортимента и управление ассортиментом; Работа с поставщиками (Китай), контроль и управление поставками; Анализ и мониторинг рынка (цены, ассортимент, коммерческая политика и маркетинговая активность конкурентов); Переговоры с поставщиками и ключевыми клиентами; Ценообразование; Проведение обучения, презентаций; Контроль качества продукции.",https://hh.ru/vacancy/124188780
Продакт-менеджер,Арттекс,,,,,,От 3 до 6 лет,ТК,5/2,,форма,"Понимать, как клиенты используют наш продукт, чтобы создавать решения, которые реально улучшают их опыт. Анализировать конкурентов и придумывать, как наши...",https://hh.ru/vacancy/125492707
Продакт-менеджер/руководитель бизнес-юнита,Фрея,150.0,,,,,От 1 года до 3 лет,ТК,5/2,,форма,"Управление полным циклом продукта: от идеи до масштабирования. Оптимизацию текущих продуктов. Разработку стратегии развития продукта: анализ воронки, A/B-тестирование...",https://hh.ru/vacancy/125118413
Ведущий продакт менеджер (Женская одежда),Monncashmere,180.0,,,,,От 1 года до 3 лет,ТК,5/2,,,"Планирование, формирование и развитие ассортиментной матрицы с учетом задач бизнеса: цен, глубин заказов, сроков, жизненного цикла товара и других атрибутов; Сотрудничество с действующими фабриками по текущему ассортименту и поиск поставщиков и производителей для новых направлений бизнса; Согласование цен и заказ тестовых образцов продукция с последующей организацией примерок. Аналитика полученных образцов совместно с технологом и передача обратной связи по образцам на фабрики; ⁠Расчёт и размещение заказов на фабриках. Уторговывание выгодных закупочных цен; Контроль соблюдения сроков оплаты и производства партии, а также выполнение поставленных таргетов по коммерческим условиям и скидкам; Анализ целевого рынка и предпочтений клиентов. Аналитика конкурентов; Определение ценовой стратегии согласно позиционированию продукта и финансовым целям компании; Распределение бюджета, соответствующее потребностям продаж по моделям в разрезе недели / месяца; Ежедневный контроль и анализ эффективности продаж, с целью оперативного реагирования на рыночные условия по категориям: 1) товары-бестселлеры, которые при необходимости подлежат оперативному дозаказу, 2) низкоэффективные цветомодели/ капсулы с целью сокращения или выведения из ассортимента; Составление бюджета и графика закупок на уровне коллекции / капсулы / цветомодели в разрезе недели / месяца. Контроль исполнения и сроков; Работа с командой, распределение и контроль исполнения задач, постановка целей, предоставление обратной связи. Требования к кандидату: Опыт работы в развитии продукта от 2х лет в сегменте fashion (желательно premium или middle-up); Экспертиза в методах планирования, прогнозирования продаж; Понимание тенденций развития женской одежды и модной индустрии. Приходя к нам в команду, вы получаете: Стабильный оклад (обсуждается с успешным кандидатом); Оформление согласно ТК РФ; Корпоративная скидка на продукцию магазина; Гибридный график с посещение офиса по необходимости; Возможность карьерного роста; Небольшой, теплый коллектив увлеченных профессионалов.",https://hh.ru/vacancy/125297693
Младший продакт-менеджер/Специалист по продукту,Русклимат,120.0,,,,,От 1 года до 3 лет,ТК,5/2,,"ДМС, форма, скидки","Анализ рынка и конкурентов; Контроль обеспечения продуктом каналов продаж компании; Поддержание актуальной информации на сайтах компании/партнеров/маркетплейсах; Контроль проведения фотосессий новых продуктов и подготовка текстовых описаний; Подготовка комплекта артворков (упаковка, инструкции); Контроль тестирования новых продуктов; Контроль сроков поставок готовой продукции; Разработка инструментов продаж: каталог, листовки, презентации по продуктам, презентации для переговоров, сравнения с конкурентами, учебные материалы для сотрудников. Участие в отраслевых выставках, презентациях для клиентов и менеджеров компании.",https://hh.ru/vacancy/125376201
Продакт менеджер цифровых клиентских сервисов,А101,,,,,,От 3 до 6 лет,ТК,5/2,2 раза в месяц,"ДМС, форма, подарки, скидки, обучение","Проработка бизнес-гипотез и пользовательских путей. Разработка и поддержание product roadmap. Управление приоритетами и процессом разработки продукта. Выстраивание эффективной коммуникацию со смежными командами/подразделениями. Мониторинг и анализ метрик успеха, включая пользовательское удовлетворение, привлечение и удержание клиентов. Что мы ждём: Опыт работы в роли Product Owner в IT или аналогичной позиции не менее 5 лет. Обязательно опыт в управлении проектов. Обязательный опыт data-driven подходов. Отличные коммуникативные и организаторские навыки. Глубокое понимание всех фаз разработки продукта. Навыки работы с пользователями (UX, CX, CustDev) и исследования рынка. Амбиции и стремление работать на результат. Умение выстраивать систему приоритетов в соответствии с краткосрочной и долгосрочной стратегией развития продукта. Что вас ждет: 💼 Стабильность и уверенность Официальное трудоустройство по ТК РФ и белая зарплата два раза в месяц — без задержек и сюрпризов. ❤️ Забота о здоровье Расширенная программа ДМС со стоматологией, ежегодные чекапы и бесплатная вакцинация. Ваше здоровье — наш приоритет. 🚀 Развитие и рост Внутренний учебный центр, курсы от экспертов, внешнее обучение и корпоративная библиотека. Инвестируем в вашу экспертизу! 🏃‍♂️ Баланс и комфорт Гибкий график и гибридный формат работы. Корпоративный спорт: йога, футбол, волейбол, теннис и другое. 👨‍👩‍👧‍👦 Команда и поддержка Яркие корпоративы и праздники, дополнительные выходные для родителей, скидки на квартиры от А101 и партнёров, а также новогодние подарки для ваших детей. 💻 Техника для работы Обеспечим современным оборудованием — вы в офисе или на удалёнке.",https://hh.ru/vacancy/125396430
Ассистент продакт-менеджера,Техника Гайд,,100.0,,,,Нет опыта,ТК,5/2,,"ДМС, форма",Работа в паре с продакт-менеджером; Исследование рынка: сбор и анализ данных; подготовка отчетов. Коммуникация с командой: Поддержка внутренней коммуникации и обмена информацией между различными отделами; Участие в планировании и координации задач. Анализ и отчетность: Сбор и анализ метрик производительности продукта; Подготовка регулярных отчетов о статусе проекта; Помощь в подготовке презентаций для внутренних и внешних встреч.,https://hh.ru/vacancy/124427069
Ведущий продакт-менеджер в команду AI Lab,АВИТО ТЕХ,,,,,,От 3 до 6 лет,ТК,5/2,,"ДМС, форма, обучение",Для покупателей — делают поиск и покупку быстрее и умнее. Для продавцов — помогают эффективнее управлять процессами и минимизируют рутину. ,https://hh.ru/vacancy/125406932
Менеджер по производству/Продакт-менеджер,Huntsman,140.0,,,,1.0,Нет опыта,ТК,"5/2, 3/2",,"форма, обучение, кофе, чай","Размещение заказов на швейном производстве в России. Осуществление контроля полного цикла производства продукции. Проведение переговоров, деловая переписка, заключение договоров. ",https://hh.ru/vacancy/124840251
Младший продакт менеджер,ЭРСТВАК,,,,,,Нет опыта,ТК,5/2,,"ДМС, бонус, кофе","Подготовка материалов для полиграфии; Сбор, систематизация и проверка исходных материалов (тексты, изображения, схемы, чертежи); Перевод и адаптация текстов; Поиск, обработка и ретушь фотографий; Подготовка схем, чертежей (полная перерисовка, адаптация внешнего вида под бренд бук, перевод, изменение данных); Самостоятельная верстка полиграфии в InDesign или передача материалов маркетингу и помощь во время всего процесса; Подготовка контента для сайта; Осуществлять помощь маркетингу в настройке рекламы. Что мы ждем от вас: Высшее техническое образование; Высокая степень самоорганизации, аналитическое мышление, нацеленность на результат.",https://hh.ru/vacancy/124154992
Продакт менеджер (product manager) в d2c компанию,SUPERPET,150.0,300.0,,,,От 3 до 6 лет,ТК,5/2,,"бонус, скидки","Разработка и реализация стратегии развития продукта как для новых покупателей, так и постоянных Анализ метрик поведения и покупательской активности Улучшение UX сайта Запуск AB-тестов на всех этапах воронки Повышение конверсии в новых покупателей, среднего чека и LTV с помощью всего вышеперечисленного",https://hh.ru/vacancy/125438673
Продакт-менеджер (Одежда) на частичную занятость,Данченко Антон Олегович,100.0,150.0,,,,От 1 года до 3 лет,ТК,5/2,,форма,"Анализ: рынка, трендов, конкурентов, обратной связи покупателей. Идеи: Формирование пула идей для новых и существующих моделей. Продуктовая матрица: Разработка ассортиментной стратегии, предложение SKU. Разработка: Подбор материалов, подготовка ТЗ, контроль создания образца. Доработка: Анализ отзывов, внесение изменений в существующие модели. Документация: Ведение базы образцов, подготовка тех. пакетов. Взаимодействие: Работа с закупщиком, конструктором, менеджером, производством. Финальное утверждение: Проверка образцов, контроль партий.",https://hh.ru/vacancy/124703218
Младший продакт-менеджер,ТД Арктика,,,,,,От 1 года до 3 лет,ТК,5/2,,"ДМС, форма","Работа в 1С: контроль прихода товара, перемещение, контроль остатков, списание товаров, оплата счетов, заведение номенклатур; Создание штрих-кодов (GS1); Формирование заявок на производство основной продукции и аксессуаров; Работа с поставщиками: поиск, участие в переговорах, документооборот. Работа с ассортиментной матрицей. Курирование процесса разработки продукта.",https://hh.ru/vacancy/124579955
"Продакт-менеджер/Руководитель направления (LСD, ТВ-панели)",Сервис Плюс,,,,,,От 1 года до 3 лет,ТК,5/2,2 раза в месяц,"форма, подарки","Управление полным циклом R&amp;D проектов, включая планирование, распределение ресурсов, контроль качества и соблюдение сроков. Установление и поддержание отношений с иностранными вендорами, проведение переговоров для обеспечения выгодных условий сотрудничества (очные). Обеспечение успешного запуска новых продуктов в производство на аутсорсинге, включая подготовку технической документации, решение возникающих проблем и контроль качества. Участие в сложных пресейлах, демонстрация технических преимуществ и возможностей новых продуктов потенциальным клиентам. Обеспечение технической поддержки и экспертизы для решения сложных задач, возникающих в смежных подразделениях, способствуя бесперебойной работе Анализ рынка и ценообразования продукции конкурентов для определения оптимальной стратегии развития продукта; Разработка концепций и создание маркетинговых материалов (брошюры, презентации, веб-контент) для продвижения новых продуктов. Выявление и оценка новых технологических трендов и определение их потенциала для создания новых продуктов и услуг. Разработка конструктивных решений и создание прототипов новых продуктов, включая физическую доработку и оптимизацию. Посещение объектов заказчика в странах СНГ (25% рабочего времени) для внедрения новых продуктов, решения технических вопросов и проведения обучения. Для нас важно: Высшее техническое образование (желательно электроника, радиотехника, информационные технологии) Опыт создания продукта с &quot;0&quot; или улучшения уже существующего, чтобы удовлетворить потребности пользователей и достичь целей бизнеса. Ответственность за стратегию продукта. Опыт работы с продуктами и знание технических характеристик: мультимедийным оборудованием (желательно телевизоры, LCD-панели) или по другой электронике (компьютеры, средства измерения, станки) Опыт проведения очных переговоров на английском языке (у нас это китайцы) Чтение и понимание технической документации на английском которая поставляется вместе с продукцией из Китая Знание рынке розничной торговли мультимедийного оборудования, позволяющий учитывать потребительские предпочтения при разработке и продвижении продуктов Опыт эффективного взаимодействия с менеджерами коммерческого подразделения для обеспечения соответствия технических решений требованиям рынка и потребностям клиентов Готовность к командировкам в страны СНГ для проведения технических консультаций, внедрения новых продуктов и решения проблем у заказчиков (не более 25% рабочего времени)",https://hh.ru/vacancy/124623205
Продакт менеджер альфа метрика,ГК Орбита,,,,,,От 1 года до 3 лет,ТК,24/7,,"ДМС, форма","Участвовать в формировании и ведении продуктового бэклога: собирать и формализовывать потребности пользователей и заказчиков, анализировать рынок и конкурентов, приоритизировать и декомпозировать задачи Прорабатывать и уточнять требования к разработке нового функционала Формулировать гипотезы о росте и развитии продукта, запускать и проверять их Отслеживать ключевые метрики продукта, участвовать в их настройке и анализе Поддерживать и актуализировать документацию по продукту Работать в тесной связке с кросс-функциональной командой (дизайнеры, аналитики, разработчики и др.) на всех этапах разработки",https://hh.ru/vacancy/125440070
Продакт-менеджер/ Производственный менеджер (fashion)/ Менеджер по размещению заказов (fashion),CHARMSTORE,,,,,,От 1 года до 3 лет,ТК,5/2,,"форма, подарки, скидки, кофе","Поиск новых фабрик, производителей, поставщиков: обсуждение коммерческих условий сотрудничества, заключение контрактов, согласование сроков производства образцов и продукции. Размещение заказов на...",https://hh.ru/vacancy/123415890
"Продакт-менеджер (Косметика), Москва",Данченко Антон Олегович,200.0,250.0,,,,От 1 года до 3 лет,ТК,5/2,,,"Аналитика и исследования: Проведение всестороннего анализа рынка косметики, выявление трендов, изучение конкурентов и потребностей целевой аудитории. • Создание продукта &quot;с нуля&quot;: От разработки концепции и определения позиционирования нового продукта до формирования его характеристик и состава. • Взаимодействие с технологиями: Активная работа с технологами при разработке рецептур, подборе ингредиентов и контроле качества продукции. • Тестирование: Организация и проведение тестирования, работа с обратной связью от пользователей и внесение корректировок для достижения идеального результата. • Креатив и визуал: Разработка креативных концепций, взаимодействие с дизайнерами для создания красивой упаковки и рекламных материалов. • Сертификация и вывод на рынок: Организация и контроль процесса сертификации продукции, подготовка к выводу продуктов на маркетплейсы (Wildberries, Ozon и другие) или в розничные сети (B2B). • Управление командой: Постановка задач, контроль исполнения, мотивация и развитие команды, обеспечение эффективной работы.",https://hh.ru/vacancy/125321669
Продакт-менеджер (product manager),ЛЭТУАЛЬ,,,,,,От 1 года до 3 лет,ГПХ,5/2,,"ДМС, форма","Взаимодействие с подрядчиками и различными отделами компании; Ведение отчетности; Сбор данных о продуктах, брендах, потребителях и трендах для поддержки бренд-менеджера в принятии решений; Поддержка в планировании маркетинговых кампаний; Сбор и анализ маркетинговых мероприятий конкурентов; Создание и согласование контента для соц.сетей, разработка конкурсов; Поиск необходимой продукции среди текущего ассортимента, обработка и отправка в PR-отдел; Подготовка информации для разных отделов компании в требуемых ими форматах.",https://hh.ru/vacancy/125442427
Бренд-менеджер/Продакт-менеджер,WAU,150.0,,,,,От 1 года до 3 лет,ТК,5/2,2 раза в месяц,"ДМС, подарки, обучение","Разрабатывать идеи новых продуктов: анализировать рынок и конкурентов, выявлять потребности, защищать концепции на ассортиментном комитете; Управление товарным ассортиментом в разрезе брендов, категорий, каналов продаж; Совместно с маркетингом и дизайнерами разрабатывать упаковку, описание, нейминг; Лидировать проекты по запуску новых продуктов, участие в разработке и запуске NPD; Организация и управление ценообразованием, в том числе новых продуктов, внедрение инструментов мониторинга и реагирования; Участие в формировании стратегии продвижения текущих продуктов, новых продуктов, включая промо стратегию; Контроль за эффективностью реализации стратегии продвижения продукта; Участие в процессе прогнозирования и закупок; Формирование и управление бюджетом в рамках зоны ответственности; Взаимодействие с кросс-подразделениями (логистика, ВЭД, все отделы маркетинга, отдал продаж и т.д.) Анализировать положение продуктов на рынке и в матрице — и дорабатывать их при необходимости; Анализировать финансовые показатели совместно с отделом продаж (выручка, прибыль, себестоимость);",https://hh.ru/vacancy/124879872
Ассистент продакт-менеджера,Модами,70.0,80.0,,,,От 1 года до 3 лет,ТК,5/2,Ежемесячно,форма,Мониторить рынок одежды и анализировать конкурентов. Сопровождать закупку готовой продукции совместно с <highlighttext>продакт</highlighttext>-менеджером. Участвовать в планировании и разработке новых...,https://hh.ru/vacancy/125345219
Продакт-менеджер,ТЕХНОНИКОЛЬ,,,,,,Более 6 лет,ТК,5/2,,"ДМС, страхование, питание, форма","Разработка новых продуктов; Управление ассортиментом; Планирование KPI продукта на краткосрочной и долгосрочной основе и мониторинг его исполнения; Прогнозирование продаж; Ведение аналитических данных по конкурентам; Исследования рынка и потребностей целевых аудиторий, анализ тенденций развития, анализ конкуренции; Создание программ по стимулированию продаж совместно с департаментом рекламы; Подготовка презентаций по продуктам для целевой аудитории; Формирование позиционирования и преимуществ продукта; Создание упаковок продукции. Формирование стандарта по упаковкам и маркировкам продукции. Управление производственными спецификациями по продуктам.",https://hh.ru/vacancy/125274632
Продакт-менеджер / Product manager,Группа компаний ЗТИ,,,,,'8-17,От 3 до 6 лет,ТК,"5/2, 8/17",,"бонус, бонусы, обучение, транспорт, кофе, чай","Разработка новых продуктов. Управление циклом создания - от идеи до запуска в серийное производство; Инициация проектов разработки новых продуктов, исследования, технико-экономическое обоснование и защита проектов у руководства компании; Прогнозирование продаж новинок, а также текущего товарного ассортимента. Участие в планировании продаж по продуктам и категориям; Проведение анализа рынка и определение целевых потребительских сегментов рынка для предложения продукта; Управление ценообразованием и контроль себестоимости продуктов; Участие в проработке каналов сбыта продукции; Управление категориями и ассортиментом. Управление жизненным циклом продуктов; Позиционирование продукции на рынке, обеспечение конкурентоспособности и рентабельности; Участие в выставках, конференциях и семинарах. Вы наш идеальный кандидат, если у Вас: Профессиональное образование (техническое или экономическое). Опыт работы в должности бизнес-аналитика от 3-х лет. Владеете MS Office (Word, Excel, Power Point). Есть понимание основ продакт-менеджмента. Присутствует опыт в: - разработке и выводе новых продуктов на рынок, желательно для B2B рынка, - управлении товарным ассортиментом - управлении проектами по разработке продуктов - управлении ценообразованием продуктов Есть понимание бизнес-процессов производственного предприятия. Приветствуем: Системные мышление и умение быстро сориентироваться в неопределенных условиях работы. Внимательность к деталям, критическое мышление. Умение лаконично, последовательно и аргументированно формулировать собственные мысли и предложения.",https://hh.ru/vacancy/123141871
Продакт менеджер (ВЭД),Heaad,250.0,300.0,,,,От 3 до 6 лет,ТК,5/2,,"форма, бонус","работа с поставщиками; контроль закупочных цен и мониторинг рынка; планирование закупок и управление запасами; сертификация, маркировка продукции; упаковка продукта.",https://hh.ru/vacancy/123402327
Продакт-менеджер,Центр-К,,,,,,От 3 до 6 лет,ТК,5/2,,ДМС,"управление процессами разработки новой продукции и продвижения согласно стратегии продуктового направления; разработка технических решений совместно с техническим отделом и производителями; ведение переговоров с поставщиками; планирование и контроль закупок подготовка контента для сайтов, каталогов и рекламных материалов для продвижения продуктов (совместно с отделом маркетинга); создание и внедрение инструментов продаж для сбытовой структуры, подготовка и проведение презентаций продукта; подготовка материалов для обучения отдела продаж и технического отдела; разработка акций по продвижению и стимуляции продаж по товарным группам; анализ и мониторинг рынка конкурентов о продукте, ценовой политики, технических преимуществ и маркетинговой активности; управление ценообразованием; проведение переговоров с клиентами (совместно с департаментом продаж) участие в создании стратегии продаж по товарной группе и её выполнение",https://hh.ru/vacancy/125470009
Ассистент продакт-менеджера,Премиум Кеа Груп,80.0,93.6,,,,От 1 года до 3 лет,ТК,5/2,2 раза в месяц,"ДМС, форма, бонус, бонусы, скидки, обучение","Получение рецептов от шеф-повара - Загрузка и оформление материалов (фото, видео, ингредиенты, советы) - Редактирование и обновление существующих рецептов, статей, новостей Работа с пользователями: - Ответы на отзывы в App Store, Google Play, RuStore и др.; - Поддержка по приложениям с рецептами и DemandPult; - Консультирование по подключению аэрогрилей DEMAND к Wi-Fi; - Маркетинговая поддержка; - Запуск акций и публикация новостей в магазинах приложений; - Подготовка и рассылка push-уведомлений; - Содействие в коммуникации внутри приложения и в соцсетях; - Взаимодействие с продакт-менеджером; - Участие в продуктовых исследованиях; - Тестирование новых функций приложений; - Анализ пользовательских обращений, выявление повторяющихся проблем и идей для улучшения;",https://hh.ru/vacancy/125179017
Продакт-менеджер NRAV (beauty),Шемеш,,,,,,От 1 года до 3 лет,ТК,5/2,,форма,"Участие в разработке и ведении продуктового портфеля (декоративная косметика); Разработка и поиск новых продуктов, соответствующих стандартам компании; Формирование технических заданий для поставщиков, контрактных производственных площадок и других контрагентов (проверка и согласование этикеток, упаковок, описания в соответствии с законодательством; учет всех норм и стандартов для косметической продукции) Организация и сопровождение всего цикла производства продукции на зарубежных и отечественных контрактных площадках, начиная с разработки формул до выпуска готовой продукции; Ведение переговоров по ценам, условиями оплаты и другим аспектам сотрудничества с контрагентами; Оптимизация и контроль за условиями, стоимостью и сроками поставки материалов и продукции; Перенос производства на новые контрактные производственные площадки; Сертификация готовой продукции; Контроль за качеством готовой продукции, работа с рекламациями в рамках производства; Анализ конкурентов: их продуктов, ценовой политики и маркетинговых кампаний; Исследование трендов на рынке beauty-индустрии (новые формулы, ингредиенты, форматы), сбор и анализ потребностей целевой аудитории; Координация между отделами: маркетингом, дизайном, продажами для обеспечения согласованности на всех этапах разработки, продвижения и вывода продукта на рынок, а также своевременного решения возникающих вопросов; Организация тренингов и презентаций для сотрудников с целью детального ознакомления с преимуществами продукта, его характеристиками и ключевыми маркетинговыми сообщениями для успешного взаимодействия с клиентами и увеличения продаж; Мониторинг продаж и анализ обратной связи от клиентов;",https://hh.ru/vacancy/125405180
Продакт-менеджер (fashion / женская одежда / Китай),Задирако Степан Валерьевич,120.0,180.0,,,,От 3 до 6 лет,ТК,5/2,,,"Разрабатывать продукт от идеи до запуска продаж: выбирать модель, подбирать материалы и фурнитуру, проводить фокус-группу, создавать и вести техническую документацию. Формировать ассортиментную матрицу с учетом плановой себестоимости и маржинальности. Управление бюджетом: производство, упаковка, материалы Координировать работу продуктовой команды (дизайнера, технолога и конструктора) Взаимодействовать с фабриками в Китае: поиск, отбор, ведение переговоров, контроль качества, сроков, логистики, улучшение условий работы. Размещение заказов, планирование графиков и объемов производства Контролировать сроки, процессы и ответственных на всех этапах, вести производственный календарь. Ликвидировать возможные риски и оперативно решать проблемы: брак, логистика, сроки. Отслеживать ключевые показатели успешности запущенного продукта и формировать отчетность. Анализировать рынок, тренды, потребности ЦА и конкурентов. Мы ждём от вас: Опыт работы продактом в fashion от 3-х лет (обязательно). Опыт работы с китайскими фабриками: знание специфики деловых отношений, документооборота и прохождение всех производственных и логистических циклов. Свободное владение английским или китайским языком. Умение формулировать ТЗ, работать с лекалами, техпакетами Навык расчёта себестоимости, понимание экономики продукта. Способность доводить проект до результатов при соблюдении сроков. Что предлагаем: График работы 5/2, удаленно. Карьерный рост и возможность влиять на свой доход через результаты. Мы обучаем и поддерживаем сотрудников, даём доступ к внешним программам и обмениваемся экспертизой внутри команды. Участие в создании продуктов вместе с креативным фаундером и сильной командой. Возможность влиять на развитие бренда: мы открыты к вашим инициативам и вы сможете видеть, как ваши идеи воплощаются в жизнь. Если вы хотите расти вместе с брендом, влиять на продукт и результаты бизнеса, работать в команде, где ценят инициативу и экспертизу — будем рады познакомиться!",https://hh.ru/vacancy/125334218
Продакт-менеджер (Крупная бытовая техника),Маунфелд Рус,250.0,,,,,От 3 до 6 лет,ТК,5/2,,"форма, обучение, кофе, чай","Исследование ёмкости рынка товаров по своей категории, изучение потребностей клиентов и пользователей, отслеживание инноваций и лучших практик в своей продуктовой...",https://hh.ru/vacancy/125464822
Продакт-менеджер (Middle/Senior) в digital-продукт,Сид Хантерс,,,,,,От 3 до 6 лет,ТК,5/2,,форма,"Вести команду разработки, отвечать за сроки и метрики. Развивать продукт: формулировать и проверять гипотезы, улучшать пользовательский опыт. Коммуницировать с CPO...",https://hh.ru/vacancy/124428985
Ассистент продакт-менеджера в Beauty-сферу,IRISK GROUP,90.0,,,,,От 1 года до 3 лет,ТК,5/2,,скидки,Занесение данных в 1С (работа с номенклатурой). Формирование отчетов в Excel. Проверка стикеров. Участие в процессе создания продукта (проф. ,https://hh.ru/vacancy/124429267
Ассистент продакт-менеджера швейного производства (женская одежда),Авангард,80.0,100.0,,,,Нет опыта,ТК,5/2,,форма,"Ведение Google-таблиц и документов в Excel с производственной информацией; Расчет себестоимости готовой продукции – планируемой и фактической; Расчет материалов (тканей) и фурнитуры, проверка качества поставляемых материалов; Передача заказов на производство, контроль за соблюдением сроков; Ежедневное взаимодействие с фабриками; Контроль качества готовой продукции; Организация получения сертификатов и деклараций соответствия.",https://hh.ru/vacancy/125244040
Продакт-менеджер ТМ O'STIN,OSTIN,,,,,,От 1 года до 3 лет,ТК,5/2,,"ДМС, скидки, обучение, проезд","Планирование и контроль разработки одежды. Ценообразование: ведение закупочных цен, установка розничных цен. Подготовка брифов, ассортиментных планов, заказов по коллекции. ",https://hh.ru/vacancy/125380267
"Продакт-менеджер/Product manager (маркетплейсы, FMCG)",Hardcore,,,,,,Нет опыта,ГПХ,"24/7, 5/2",,форма,"Полное ведение всего проекта, работа по продвижению продукта на ВБ и Озон; Курирование сроков задач по срокам и бюджету; Построение и организация, всех этапов работы работы над проектом; Поиск и контроль исполнителей для реализации разных форматов контента; Развитие продаж через маркетплейсы; Ответственность за запуск, продвижение и продажи нового продукта, полный цикл от идеи до стабильных продаж; Проведение конкурентного анализа, фокус-групп и тестирований, исследований рынка; Контроль ключевых метрик: себестоимость, маржинальность, оборачиваемость; Работа напрямую с Собственником.",https://hh.ru/vacancy/124386176
Продакт оунер (Битрикс),DatsTeam,,,,,,От 1 года до 3 лет,ТК,5/2,,"форма, обучение","Управление продуктом (корпоративные порталы на базе Битрикс): формирование и приоритизация беклога, постановка задач команде разработки. Взаимодействие с внутренними заказчиками для сбора требований и согласования функциональности. Анализ пользовательских потребностей, разработка пользовательских сценариев и спецификаций. Координация работы с командами разработки, дизайна и тестирования для обеспечения своевременного выпуска обновлений. Мониторинг ключевых метрик порталов (удовлетворенность пользователей, время отклика системы, уровень вовлеченности). Участие в планировании и реализации интеграций с внутренними и внешними системами. Поддержка и обучение пользователей порталов, работа с обратной связью.",https://hh.ru/vacancy/125476740
Продакт-менеджер / Product Manager (Одежда),Данченко Антон Олегович,180.0,250.0,,,,От 1 года до 3 лет,ТК,5/2,Еженедельно,форма,"Анализировать рынок, конкурентов и тренды (ассортимент, цены, позиционирование, технологии, материалы) Разрабатывать новые продукты: от идеи и концепции до выпуска первой партии Формировать ассортиментную матрицу и запускать коллекции (базовые и капсульные) Подбирать ткани, фурнитуру, цвета и контролировать соответствие концепции бренда Писать ТЗ на модели, контролировать конструкцию, участвовать в примерках и доводке изделий Управлять жизненным циклом товаров: развивать успешные SKU, убирать слабые, обновлять линейку Внедрять улучшения на основе аналитики, фидбэка клиентов и внутренних метрик Участвовать в планировании объемов и запусков (прогноз, потребность, логистика) Контролировать своевременное размещение заказов у поставщиков Работать в связке с производством, дизайнером, маркетингом и логистикой Участвовать в создании размерных сеток и внутренних стандартов продукта Отслеживать и анализировать эффективность новинок (выручка, маржинальность, % выкупа, рейтинг) Регулярная отчетность перед руководством компании.",https://hh.ru/vacancy/125042114
Продакт-менеджер/Бренд-менеджер,Джи Эл Эс Фармасьютикалз,,,,,,От 3 до 6 лет,ТК,5/2,,"ДМС, бонус, обучение, кофе","Мониторингом конкурентного окружения и спроса, формированием предложения по изменениям в ассортименте и улучшению рецептур, созданием новых конкурентоспособных продуктов. Созданием брифов на разработку новых продуктов для департамента R&amp;D. Формированием концепции продуктовых линеек внутри портфеля бренда. Сопровождением процесса по выпуску новых продуктов от идеи до склада. Разработкой продуктовых утп, функциональных преимуществ, маркетинговых продуктовых описаний, созданием Selling story для коммерческого департамента. Что мы ожидаем от кандидата: Профильное высшее образование (Нутрициология, Медицинское). Аналогичный опыт работы, опыт в R&amp;D приветствуется. Английский как преимущество. Excel, Power Point, Битрикс, 1C. Обладание такими качествами как : самостоятельность, аналитический склад ума, внимательность, усидчивость, умение работать в режиме многозадачности.",https://hh.ru/vacancy/125393718
Продакт менеджер / Product Manager.,Miyoumi,200.0,,,,'2-3,От 3 до 6 лет,ГПХ,2/3,,"ДМС, форма, бонус, проезд, оплата проезда","Анализ рынка кухонной и бытовой техники, оценка конкурентной среды, поиск перспективных ниш; Формирование продуктовой стратегии и дорожной карты для вывода товаров на маркетплейсы (Wildberries, Ozon, Яндекс.Маркет и др.); Организация полного цикла запуска продукта: от разработки концепции и требований до выхода на рынок и первых продаж; Подготовка и контроль качества карточек товаров (контент, фото, описания, SEO-оптимизация); Проведение тестов (A/B) и постоянная оптимизация: цены, промо-механики, ассортимент; Взаимодействие с командами маркетинга, логистики, закупки, дизайна и внешними подрядчиками; Формирование user stories и acceptance criteria для передачи задач в разработку и контроль их реализации; Мониторинг ключевых показателей (продажи, возвраты, конверсия, прибыльность) и регулярная отчетность; Управление ассортиментом: вывод новых SKU, снятие неприбыльных позиций, расширение линейки. Взаимодействие с отделом продаж.",https://hh.ru/vacancy/125135301
Продакт менеджер / Экперт в ИИ (Gen AI),Масштабный,30.0,100.0,,,,Нет опыта,ТК,5/2,,форма,"Ежедневно создавать полезный экспертный контент (обзоры ИИ, практические кейсы по решению конкретных задач в разных сферах); Искать, анализировать и изучать тонны информации; Искать исполнителей и партнеров; Конкурентный анализ, анализ рынка; Поиск и найм команды; Контроль исполнения; И много других важных разноплановых задач .",https://hh.ru/vacancy/125473420
Менеджер по продукту/ Продакт,Качалова Инга Андреевна,100.0,,,,'5-7,От 1 года до 3 лет,ГПХ,5/7,,форма,"Выводить 5–7 сильных продуктов за сезон, которые реально будут продаваться. Работать вглубь ассортимента: усиливать те позиции, что уже дают результат. Поддерживать работу с текущими поставщиками (второй слой). Подбирать простые и удобные модели в сегменте масс-маркета, без «творческих экспериментов». Считать экономику продукта: себестоимость, маржинальность, рентабельность. Взаимодействовать с российскими производствами: ткани, переговоры, контроль качества и сроков. Анализировать рынок, отзывы и продажи, принимать решения на основе цифр. Мы ждём от тебя: Опыт успешного вывода женской одежды на маркетплейсы. Опыт работы в сегменте масс-маркета и понимание специфики недорогой одежды. Знание Wildberries и того, какие модели реально «выстреливают». Навык видеть сильные артикулы и масштабировать их. Умение мыслить цифрами: себестоимость, маржинальность, план продаж. Опыт взаимодействия с производствами и подрядчиками. Обязательное наличие кейсов , где из простого продукта удалось сделать высокодоходный артикул (готовность презентовать). Системность, вовлечённость и ориентация на результат. Условия работы: Формат: удалённый, с выездами в Москву/МО (производства, рынок тканей). Доход: фикс от 100 000 ₽ + KPI (по продажам и результатам). Возможна частичная занятость: поддержка текущих поставщиков + вывод 5–7 новинок за сезон. Честная и своевременная оплата. Возможность реально влиять на ассортимент, продукт и стратегию бренда. Команда, где ценят аналитику и результат, а не красивые слова. Нам не нужен визионер или дизайнер. Нам нужен аналитик, который умеет из простого продукта делать «конфетку» и продавать её с высокой рентабельностью. Если это про тебя — присылай резюме и кейсы.",https://hh.ru/vacancy/125489816
Продакт-менеджер / Руководитель группы (компьютерные комплектующие),"Эксперт, Кадровый Центр",400.0,,,,,От 3 до 6 лет,ТК,5/2,,"ДМС, бонус","Увеличение доли внешних закупок по направлению, за счет увеличения количества внешних поставщиков, а также получения более интересных ценовых предложений; - Увеличение оборота по товарной группе и прибыли по направлению.",https://hh.ru/vacancy/125289620
Продакт-менеджер (менеджер по продукту),СИЭСДИ,,,,,,От 1 года до 3 лет,ТК,5/2,,"ДМС, форма, обучение","1. Исполнение плана продаж компании по продуктовому направлению в целом по вендорам по отдельным продуктам 2. Планирование продуктовой стратегии. Ценообразование Анализ рынка по своему направлению (внутренний анализ, макросреда, конкуренты, канал дистрибуции) Разработка решений и позиционирование на рынке Планирование мероприятий по стимулированию продаж и сбыту продукции - прямые и партнерские продажи (совместно с отделом маркетинга) Анализ продаж и эффективности мероприятий по стимулированию Мониторинг рынка, выявление новых тенденций, рынков, отраслей, задач и т.д. в целях развития направления 3Д компании. Актуализация и развитие продуктового портфеля на основе анализа. Представление новых решений, защита и ведение проектов (совместно с менеджером по развитию бизнеса - BDM) 3. Взаимодействие с вендорами Исполнение плана продаж перед вендором Обеспечение развития продаж, увеличения доли компании на рынке Инициирование совместных проектов с вендором по разработке и продвижению решений на рынке Анализ работы по направлению – отчетность, планирование Контроль исполнения договорных обязательств, документооборот (соглашения о сотрудничестве, статус, сертификаты на продукцию, отчетность – совместно с ассистентом отдела?) 4. Участие в продажах, экспертная поддержка отдела продаж Подбор конфигурации под сделку Защита сделок у вендора, контроль статусов по сделкам Своевременные расчеты с вендорами по сделкам Анализ пайплайна, продаж подотчетной продуктовой группы Планирование сбыта складской продукции Участие в pre-sale, демонстрациях решений клиентам 5. Реализация коммуникационной стратегии по продуктам для обеспечения плана продаж (совместно с BDM и отделом маркетинга) Разработка плана продвижения решений на основе списка ключевых продуктов и отраслей Разработка мотивационных и обучающих программ для дилеров с целью выполнения плана продаж Участие в онлайн- и оффлайн-мероприятиях компании, продвигающих подотчетную продуктовую группу Обучение и мотивация сотрудников компании с целью выполнения плана продаж Информационная поддержка отдела маркетинга по своему направлению Требования : Высшее образование Бизнес-ориентированность Умение работать с аналитическими данными и инструментами управления продуктами Отличные коммуникативные навыки и умение работать в команде Хороший уровень знаний английского языка для ведения переговоров с вендорами. Условия официальное оформление по ТК РФ с 1 дня работы, ДМС, компенсация по командировочным расходам; комфортный офис; место работы м.Минская, гибкое начало рабочего дня, гибридный график посещения.",https://hh.ru/vacancy/121692131
"Продакт-менеджер, Бренд менеджер электронных компонентов",Веб Сейл Электроникс,150.0,,,,,От 1 года до 3 лет,ТК,5/2,,"форма, обучение","Реализовывать новые и вести текущие проекты по оснащению Заказчиков ЭКБ (разъёмы, кабельные сборки, соединительные решения, СВЧ- усилители, реле, аттенюаторы, фильтры . сервоприводы и микромоторы). Взаимодействие с Заказчиком: анализ задач и выявление реальных потребностей. Разработка вариантов технических решений, взаимодействие с Производителями. Ведение полного цикла проекта от и до: подготовка технической документации, подбор оборудования, переговоры с Заказчиком, контроль внутренних и внешних сроков и т.д. Выстраивать и поддерживать долгосрочные партнерские отношения с Заказчиками (НИИ, Вузы, промышленные предприятия). Проведение обучающих семинаров/брифингов с менеджерами по продажам компании по ключевому продукту. Сегментация заказчиков с точки зрения определения целевого рынка для внедрения ключевого продукта и доведение этой информации менеджерам.",https://hh.ru/vacancy/124587487
Продакт-менеджер,ПКРФ,150.0,200.0,,,,От 1 года до 3 лет,ТК,5/2,,форма,"Анализ текущего функционала платформы и клиентского опыта (маркетплейс, бизнес-страницы, партнёрка, кредитный модуль и др.) Формирование продуктовой стратегии на основе потребностей клиентов и задач бизнеса Проектирование новых модулей, интерфейсов и цифровых сценариев (загрузка товаров, витрины, реферальная система, CRM-элементы и т.д.) Написание ТЗ, взаимодействие с разработкой, контроль сроков и качества исполнения Развитие UX/UI, юнит-экономики, конверсий Тестирование, запуск, сбор обратной связи Сотрудничество с маркетингом, продажами, поддержкой",https://hh.ru/vacancy/124560876
Продакт-менеджер (ТВ),ПЛТ Ес Холдинг и Компания,200.0,,,,,От 3 до 6 лет,ТК,5/2,,"бонус, бонусы, подарки","Управлять ассортиментом телевизоров в портфеле компании (отбор моделей, обновление линейки, оптимизация SKU). Взаимодействовать с производителями и поставщиками: согласование условий, цен...",https://hh.ru/vacancy/125336273
Младший продакт-менеджер (вентиляция),SEVERCON consortium,,,,,,Нет опыта,ТК,5/2,Еженедельно,"ДМС, форма, бонус, скидки","Создание инструментов продаж: каталоги, прайсы, презентации, программы подбора (совместно в <highlighttext>продакт</highlighttext>-инженером и отделом маркетинга). Подготовка материалов и презентаций для...",https://hh.ru/vacancy/124585244
Продакт-менеджер для центра дополнительного образования Skolca.SMART,ОАНО Сколка,,,,,,От 1 года до 3 лет,ГПХ,5/2,,"медицинская страховка, питание","планирование и координация этапов создания курсов и иных образовательных продуктов центра СМАРТ: исследование, дизайн, разработка контента образовательных продуктов и цифровых инструментов для продажи, тестирование и запуск; создание «дорожных карт» создания и развития образовательных продуктов, контроль движения рабочей группы по плану «дорожной карты»; организация работы с командой маркетинга, методистами, дизайнерами и разработчиками для обеспечения качества образовательных продуктов и цифровых решений; анализ результатов учеников по итогам курсов: организация сбора обратной связи от учеников, родителей, преподавателей и смежных отделов; анализ данных, выработка предложений по оптимизации процессов для улучшения качества образовательных продуктов; координация бюджетов, сроков и ресурсов, а также контроль соблюдения КПЭ по продажам, вовлечённости и удовлетворённости клиентов; исследование конкурентов и образовательных трендов для внедрения инноваций и повышения конкурентоспособности образовательных продуктов; создание технических заданий на сопровождающие работу образовательных продуктов цифровые сервисы, контроль за работой подрядчиков, тестирование; поддержка пользователей – создание инструкций и консультирование по запросу; разработка цифровых сервисов и образовательных продуктов с фокусом на высокий уровень удобства в пользовательском опыте на всех этапах взаимодействия; участие в организации мероприятий центра СМАРТ.",https://hh.ru/vacancy/125430003
Старший продакт - менеджер,Unipharm LLC,,,,,,Более 6 лет,ТК,2/3,,ДМС,"Разработка и осуществление стратегии и тактики продвижения препаратов Бюджетирование продвижения препаратов Анализ рынка, конкурентной среды, маркетинговых исследований, потребностей потребителей Работа с лидерами мнения; организация симпозиумов, конгрессов, выставок, семинаров‚ организация постмаркетинговых исследований Подготовка и проведение рекламных кампаний и разработка рекламных материалов",https://hh.ru/vacancy/124428976
IT продакт-менеджер (product manager),Система Безопасных Коммуникаций,,,,,,От 3 до 6 лет,ТК,5/2,,"ДМС, скидки","Формирование видения стратегии продуктового развития, включая дорожную карту по конкретному продуктовому сегменту. Выявление и оценка новых, неосвоенных рыночных ниш и возможностей для роста текущего продукта, а также оценка других территориальных рынков с целью расширения присутствия компании. Выступать в роли «голоса клиента» для команды разработки, обеспечивая создание продукта, который решает реальные пользовательские задачи. Предлагать конкретные идеи и изменения. Быть «коммуникационным мостом» между разработкой и отделом продаж и клиентами. Проведение потребительских исследований совместно с маркетинговым аналитиком (CJM, CusDev), АB,C анализ клиентов, разбивка на группы. Оценка рыночного потенциала новых функций и модулей, участие в формировании продуктового бэклога совместно с разработкой. Анализ жизненного цикла продукта. Подготовка общего плана вывода продукта на рынок, включая активности со стороны всех подразделений (разработка, продажи, маркетинг, пресейлз и других). Участвовать и выступать в конференциях, вебинарах, продвигая продукт компании. Что мы ожидаем от Вас: Глубокое понимание и практический опыт работы с проектами. Опыт проведения глубинных интервью с пользователями и клиентами, умение формулировать и проверять гипотезы. Знание и умение применять на практике фреймворки для приоритизации и анализа (Jobs-to-be-Done, CJM). Go-to-Market (GTM): Понимание и опыт планирования стратегии вывода продукта на рынок. Аналитические инструменты: Системы веб-аналитики (Яндекс.Метрика, Google Analytics): Понимание основных метрик, умение строить воронки и анализировать поведение пользователей. Excel / Google Sheets: Уверенное владение на уровне сводных таблиц, построения диаграмм и базового моделирования. Использование систем планирования трекинга задач (Jira, Redmine, Youtrack, Я.Трекер и так далее), диаграммами сгорания и Ганта, &quot;проведение оценок по RICE framework&quot;. Опыт взаимодействия с командами разработки ПО. Желательное владение: Системы визуализации данных (Power BI, Tableau, DataLens).​​​​​​​",https://hh.ru/vacancy/125283746
Product manager (продакт-менеджер),ГЕДЕОН РИХТЕР ФАРМА,,,,,,От 3 до 6 лет,ТК,5/2,Еженедельно,"ДМС, страхование, бонус, обучение","Разработка, планирование, контроль выполнения плана продаж. Разработка и внедрение стратегии продвижения для нескольких препаратов в направлении ""ЖЕНСКОЕ ЗДОРОВЬЕ"". ",https://hh.ru/vacancy/125302698
Product Manager/Продакт-менеджер (Астрал Платформа),Астрал-Софт,,,,,,От 3 до 6 лет,ТК,5/2,,"ДМС, форма, скидки, обучение","Быстро войти в курс дела и стать экспертом в продуктах; Нести ответственность за P&amp;L продуктов, за продукт и бизнес-модель; Формировать и управлять product-market fit и business-model fit, стратегией конкуренции, адаптацией к регуляторным изменениям; формировать и согласовывать OKR, финансовую модель продуктового направления и флагманского продукта направления; Нести ответственность за исполнение OKR-цикла продуктового направления, в т.ч. за исполнение финансовых KR и показателей фин. модели; актуализировать и исполнять стратегию конкуренции и позиционирование продуктов; Поиск и тестирование новых бизнес-моделей и каналов дистрибуции, работа с экосистемными партнёрами (совместно с PMM и СMO); Совместно с Discovery Team проводить анализ конкурентов, рыночных трендов, следить за изменением законодательства. Управлять зависимостями продукта на верхнем уровне (внутри продукта и с другими продуктовыми командами Компании) Быть активно вовлеченным в продуктовые события дискавери трэка (модель double-diamond) и канбан-каденции флагманского продукта в деливери трэке продукта (Kanban)",https://hh.ru/vacancy/125391841
Категорийный менеджер/продакт-менеджер на маркетплейсы,Регент Рус,150.0,,,,'2-3,От 1 года до 3 лет,ТК,"2/3, 5/2",,форма,"Анализировать рынок, тренды, ассортимент, цены, конкурентов в категории Товаров для Дома (посуда и кухонные принадлежности). - Поиск прибыльных ниш, подбор и...",https://hh.ru/vacancy/125432321
Младший продакт-менеджер (Junior Product manager) офис,МИР ИНСТРУМЕНТА,,160.0,,,,От 1 года до 3 лет,ТК,5/2,2 раза в месяц,"ДМС, форма, скидки","Работа с физическим продуктом (ручной инструмент). Общение с поставщиками на английском и/или китайском языке (обсуждение вопросов качества, цены, условий...",https://hh.ru/vacancy/122776975
"Продакт-менеджер / Product manager (мерч, сувенирная продукция бренда)",Софис,,250.0,,,,От 1 года до 3 лет,ТК,5/2,,"ДМС, скидки, обучение","Разработка упаковки для старта продаж и выхода новинок (пакеты, коробки, ленты, косметички, сувенирная продукция для наборов косметики) ; Разработка и снабжение сувенирной продукцией на выставках и внешних мероприятиях компании (РФ и международные выставки); Взаимодействие с производителями/поставщиками, в том числе и с иностранными (обсуждение условий сотрудничества, получение оптимальных условий работы, заключение контрактов, планирование и размещение заказов, организация поставки образцов, ведение документации по проекту); Контроль закупки сырья и комплектующих материалов, сопутствующих товаров для производства сувенирной продукции; Курирование производства; Работа с браком и недостачей. Выставление претензий. Контроль отгрузки и доставки товара; Контроль складских запасов; Планирование бюджета; Мониторинг тенденций рынка и потребностей потребителя. Наши ожидания: Высшее образование в области маркетинг\бренд-менеджмент; Имеешь успешные кейсы в разработке мерча\сувенирной продукции для компании с 0; Владеешь навыком переговоров; Ты - командный игрок и умеешь привести команду к результату; Английский язык будет преимуществом; Готов к командировкам и активному рабочему ритму.",https://hh.ru/vacancy/123528213
Product-менеджер/Продакт-менеджер (fashion/бренд одежды),KORSHUNOVA.PRO,200.0,,,,'3-6,От 3 до 6 лет,ТК,3/6,,,"Проводить глубокий анализ: рынка, конкурентов, трендов и остатков. Планировать производственный цикл на 3-6 месяцев вперед, предугадывая спрос. Ставить задачи дизайнерам и проджект-менеджерам, контролировать полный цикл создания вещей — от эскиза до производства. Оптимизировать маржинальность коллекций Управлять 3-мя и более коллекциями одновременно Выезжать на производство для согласования образцов Что предлагаем: Зарплата от 220 000 до 250 000 рублей (оклад + KPI). Офис в 10 минутах от м. Беговая / Динамо.",https://hh.ru/vacancy/124771103
Помощник продакт менеджера,ПроКардио,80.0,100.0,,,,Нет опыта,ТК,5/2,2 раза в месяц,подарки,"Проверка соответствия технического описания в аукционной документации; - Помощь в заполнении точных характеристик в техническом описании; - Подготовка необходимой документации (технические характеристики) в рамках госзакупок; - Помощь отделу продаж с идентификацией номенклатуры в потребности клиента; - Помощь в проверке актуальности продукции в портфеле, работа с сайтом компании;",https://hh.ru/vacancy/125534550
Младший продакт-менеджер (детские товары),Рокет Кидс,,,,,,От 1 года до 3 лет,ТК,5/2,,"ДМС, форма, транспорт","Размещение заказов на производственные площадки (Китай). Отслеживание сроков получения образцов. Утверждение технического образца совместно с командой. Ведение и актуализация заказов в базе данных (создание заказа, заполнение ассортиментного перечня, проверка цен). Участие в разработке новых моделей. Подготовка тех. задания на изготовление технического образца. Контроль оплаты товара, контроль сроков выполнения заказа. Взаимодействие с фабриками по вопросу технического обеспечения заказа (подготовка и проверка актуальных макетов упаковки, внесение правок и др.) Контроль качества при приемке поставок (соответствие товара и упаковки техническому образцу) Работа с браком – сбор и актуализация данных для передачи в претензионный отдел. Запрос образцов для сертификации продукции. Заполнение технической документации образцов для сертификации. Ведение и поддержание актуальной информации по сертификатам на продукцию компании.",https://hh.ru/vacancy/125383750
Младший продакт-менеджер (гинекология),Авексима,,,,,,От 1 года до 3 лет,ТК,5/2,,"ДМС, форма, подарки, скидки, обучение, кофе, чай","Участовать в разработке, планировании, контроле выполнения планов продаж. Внедрять стратегию продвижения для нескольких лончевых препаратов в направлении. Проводить анализ рынка. ",https://hh.ru/vacancy/125241308
"Руководитель направления/ Продакт (лазеры: флебология, сосудистая хирургия, лор)",ЮМЕТЕКС,200.0,,,,1.0,От 1 года до 3 лет,ТК,5/2,,"ДМС, бонус, обучение","Выступать в роли эксперта по продукту (лазеры и расходка в направлениях: флебология, сосудистая хирургия, лор, прокто ). Обучение продукции менеджеров. Анализ аукционной документации (описание объекта закупки), подбор аналогов из ассортимента для участия в торгах. Составление матрицы конкурентных продуктов, поиск зон развития продукта компании. Подготовка и/или актуализация внутренних обучающих и/или маркетинговых материалов. Двойные визиты в ЛПУ с менеджерами по продажам (командировки по всем регионам РФ) . Коммуникации с OL. Участие в специализированных выставках, работа на стенде компании в ходе профильных конференций – консультирование врачей по продукции компании. Требования к кандидату: Релевантный опыт работы по продвижению продукта (госпитальный канал) . Знание законодательной базы в сфере государственных закупок (44-ФЗ, 223-ФЗ). Опыт обучения торговых команд по продукту и его продвижению. Умение проводить презентации и готовить обучающие материалы. Опыт ведения переговоров, выстраивание коммуникаций с KOL, ЛПР в гос. учреждениях. Постоянное повышение квалификации, высокая обучаемость, понимание технической документации. Готовность к командировкам. Для комфортной работы мы готовы предложить: Конкурентный уровень финансовой мотивации (фиксированный оклад + бонус 10 окладов) ; Ежегодная индексация ; Оформление в штат Компании с 1-го рабочего дня ( белая зп , соблюдение ТК РФ); Корпоративная оплата такси, оплата командировочных расходов; Эксклюзивный продукт российского производства; Оперативное решение текущих вопросов, поддержка руководства для максимальной результативности (рекламация, маркетинговая поддержка, мотивация ЛПР и прочее, организация мероприятий); ДМС (с госпитализацией по РФ); Отличные условия работы (5/2, рабочий день с 9.00 до 18.00, сокращенная на 1 час пятница). UMETEX – это настоящий живой организм, каждая клетка которого надежно защищена и является частью большой, сложной и непрерывно эволюционирующей системы Заинтригованы? Нам тоже не терпится познакомиться, очень ждём вашего отклика!",https://hh.ru/vacancy/122925726
Продакт-менеджер по мультимедийному оборудованию,Сервис Плюс,,,,,,От 1 года до 3 лет,ТК,5/2,2 раза в месяц,"форма, подарки","Управление полным циклом R&amp;D проектов, включая планирование, распределение ресурсов, контроль качества и соблюдение сроков. Установление и поддержание отношений с иностранными вендорами, проведение переговоров для обеспечения выгодных условий сотрудничества (очные). Обеспечение успешного запуска новых продуктов в производство на аутсорсинге, включая подготовку технической документации, решение возникающих проблем и контроль качества. Участие в сложных пресейлах, демонстрация технических преимуществ и возможностей новых продуктов потенциальным клиентам. Обеспечение технической поддержки и экспертизы для решения сложных задач, возникающих в смежных подразделениях, способствуя бесперебойной работе Анализ рынка и ценообразования продукции конкурентов для определения оптимальной стратегии развития продукта; Разработка концепций и создание маркетинговых материалов (брошюры, презентации, веб-контент) для продвижения новых продуктов. Выявление и оценка новых технологических трендов и определение их потенциала для создания новых продуктов и услуг. Разработка конструктивных решений и создание прототипов новых продуктов, включая физическую доработку и оптимизацию. Посещение объектов заказчика в странах СНГ (25% рабочего времени) для внедрения новых продуктов, решения технических вопросов и проведения обучения. Для нас важно: Высшее техническое образование (желательно электроника, радиотехника, информационные технологии) Опыт создания продукта с &quot;0&quot; или улучшения уже существующего, чтобы удовлетворить потребности пользователей и достичь целей бизнеса. Ответственность за стратегию продукта. Опыт работы с продуктами и знание технических характеристик: мультимедийным оборудованием (желательно телевизоры, LCD-панели) или по другой электронике (компьютеры, средства измерения, станки) Знание рынке розничной торговли мультимедийного оборудования, позволяющий учитывать потребительские предпочтения при разработке и продвижении продуктов Опыт проведения очных переговоров на английском языке (у нас это китайцы) Чтение и понимание технической документации на английском которая поставляется вместе с продукцией из Китая Знание рынке розничной торговли мультимедийного оборудования, позволяющий учитывать потребительские предпочтения при разработке и продвижении продуктов Опыт эффективного взаимодействия с менеджерами коммерческого подразделения для обеспечения соответствия технических решений требованиям рынка и потребностям клиентов Готовность к командировкам в страны СНГ для проведения технических консультаций, внедрения новых продуктов и решения проблем у заказчиков (не более 25% рабочего времени)",https://hh.ru/vacancy/124502121
Продакт-менеджер,ПК Техпромсинтез,,,,,,От 3 до 6 лет,ТК,5/2,,форма,"Мониторинг и анализ рынка, конкурентной среды по продуктовому направлению и смежным областям. Подготовка отчетных и аналитических презентаций. Разработка продуктовой стратегии направления: ассортиментная политика, формирование и оптимизация продуктового портфеля, позиционирование, сегментирование, ценовая политика, стратегия продвижения продукции на рынок. Участие в подготовке плана продаж, плана продвижения продукции компании. Формирование бюджета продуктового направления, в части разработки и продвижения продукции. Подготовка плана разработки и вывода на рынок новых продуктов. Формирование технических заданий на разработку новых продуктов. Взаимодействие со смежными подразделениями по разработке новых продуктов направления. Контроль выполнения планов продаж, планов по продвижению продукции, планов разработки новой продукции по направлению. Контроль достижения запланированных норм маржинальности и валовой прибыли. Анализ продаж в разрезе ассортимента и отраслей. Подготовка планов корректирующих мероприятий по: выполнению планов продаж, планов по продвижению продукции, планов разработки новой продукции, мероприятий по достижению запланированных норм маржинальности и валовой прибыли. Участие в разработке, оценка эффективности трейд-маркетинговых мероприятий. Участие подготовке рекламно-информационных материалов: каталогов, статей и пресс-релизов, в части подготовки информации. Разработка и поддержание в актуальном состоянии обучающих и других коммерческих материалов, обеспечивающих простой и эффективный процесс продвижения продукции. Подготовка и проведение обучений по продукции. Участие в выставках, конференциях, семинарах в том числе в качестве спикера.",https://hh.ru/vacancy/125309620
Начинающий продакт специалист (медицинское оборудование),Имед,,,,,,Нет опыта,ТК,5/2,,обучение,"анализ рынка конкурентного медицинского оборудования (предназначение, технические характеристики, отличительные особенности, цены); взаимодействие с крупнейшими производителями медицинского оборудования; подготовка необходимой документации (технические характеристики) в рамках госзакупок.",https://hh.ru/vacancy/118570216
Категорийный/продакт менеджер для маркетплейсов Wildberries и Ozon,Низаметдинов Айрат Саматович,70.0,200.0,,,,Нет опыта,ГПХ,"25/30, 5/2",,форма,аналитика продаж и спроса на вб и озон -прогнозирование трендов и сезонности -поиск перспективных и высокомаржинальных товаров -изучение запросов потребителей -расчет юнит-экономики -поиск поставщиков в Китае -закупка и осмотр тестовых образцов -совместно с аккаунт менеджерами вывод до плановых показателей продаж -разработка ассортиментной матрицы -составление отчетности и контроль выполнения планов,https://hh.ru/vacancy/124350400
Продакт-менеджер направление сельскохозяйственная техника (трактора),"Zoomlion Heavy Industry Science&Technology Co., Ltd.",,,,,,От 3 до 6 лет,ТК,5/2,,"обучение, транспорт","Анализ спроса на рынке тракторов в России, понимание тенденций производства и технологических разработок конкурентов; - Контроль процесса разработки новых продуктов IPD, ответственность за предложения по разработке новых продуктов, участие в анализе ключевых процессов разработки новых продуктов и руководство выводом новых продуктов на рынок России (включая полевые испытания, сбор и анализ мнений по вопросам реформирования бизнеса, подготовку обучающих материалов по продажам продукции, сертификации EAC и т.д.). - Ответственность за подготовку и обучение специалистов по продаже тракторов. - Развитие и управление ресурсами сотрудничества с OEM-производителями в России.",https://hh.ru/vacancy/125321220
Продакт-менеджер,ФГБУ ФЦМН ФМБА РОССИИ,,,,,,От 1 года до 3 лет,ТК,5/2,,"форма, обучение","Анализировать рынок, услуги и ценовую политику конкурентов, на основании данных из разных источников, в основном открытых; готовить регулярные обзоры, отчеты Разрабатывать и совершенствовать ценовую политику Регулярно обновлять прейскурант, вводить новые услуги, корректировать цены Анализировать данные МИС (медицинской информационной системы) по востребованности введенных услуг Выстраивать работу с другими подразделениями Центра, с заведующими медицинских отделений",https://hh.ru/vacancy/125234011
Продакт-менеджер (Микробиология),Хелена РУС,,,,,,От 1 года до 3 лет,ТК,5/2,,"ДМС, бонус, бонусы","Развивать направление «Микробиология»: системы приготовления сред, автоматические анализаторы, гемокультиваторы, масс-спектрометрия. Следить за рынком и конкурентами, искать точки роста для...",https://hh.ru/vacancy/125264785
Product manager / Продакт-менеджер (OTC),Flex,,,,,,От 1 года до 3 лет,ТК,5/2,,обучение,"Анализ рынка и конкурентного окружения; - Разработка и реализация маркетинговой стратегии; - Планирование доходной и расходной частей бюджета; - Управление P&amp;L; - Участие в разработке и расширении продуктовой линейки и управление проектами по запуску новых продуктов; - Активное взаимодействие со смежными функциями (отдел развития, регистрация, финансы, производство, коммерческий отдел и др.); - Продуктовое обучение полевых сотрудников и сотрудников аптек.",https://hh.ru/vacancy/125288378
Продакт-менеджер (Спортивный инвентарь),Спортмастер,,,,,,От 1 года до 3 лет,ТК,5/2,,"ДМС, страхование, питание, форма, подарки, скидки, обучение","Эффективное управление ассортиментом вверенной категории; Мониторинг и анализ рынка по подотчетному товарному направлению; Составление ассортиментно-ценовой матрицы; Определение и анализ отношения потребителей к продукту; Разработка ассортимента совместно с поставщиком; Подготовка материалов для презентации коллекций; Подготовка контента по ассортименту и брендам для онлайн-каналов продаж; Подготовка необходимой информации для внесения в базу, документации для реализации поставки;",https://hh.ru/vacancy/124608060
Продакт-менеджер/Менеджер по продукту,KRONA (ООО Сигма Трейд),,,,,,От 1 года до 3 лет,ТК,5/2,,,"Поддержание матрицы ассортимента в актуальном состоянии и её развитие. • Формирование конкурентного ценообразования товара. • Анализ рынка конкурентов (цены, ассортимент). • Анализ рынка на предмет появления новых продуктов и трендов. • Поиск новых поставщиков, анализ предложений для получения конкурентных цен. • Взаимодействие с поставщиками по серийному и новому продукту. • Разработка нового товара (от момента идеи до ввода в продажу). • Переговоры с производителями для получения наиболее выгодных условий. • Обеспечение качества товара в соответствии с нормативами компании. • Анализ ассортимента на предмет соблюдения требований компании по доходности и объёмам продаж. • Предложения по вводу и выводу продуктов на основании анализа продаж. • Ведение базы данных по товарам. • Участие в сертификации товаров.",https://hh.ru/vacancy/125168708
"Продакт- менеджер (косметика СТМ, контрактное производство)",Лартэ,200.0,,,,,От 1 года до 3 лет,ГПХ,5/2,,"премии, бонус, бонусы, подарки, скидки, кофе","Проведение анализа рынка, конкурентов и потребительских предпочтений. Исследование трендов в косметических активах, упаковке и дизайн данного сегмента. Поиск перспективных ниш...",https://hh.ru/vacancy/123505885
Продакт-менеджер,Атекс Групп,140.0,,,,,Нет опыта,ТК,5/2,,"ДМС, обучение, проезд, кофе","Продвижение продукции компании (госпитальный сегмент) в ЛПУ, коммерческой медицине Проведение презентаций, круглых столов, апробаций продукции в ЛПУ Проведение обучения с сотрудниками компании по продукции с последующей аттестацией Взаимодействие с ключевыми специалистами ЛПУ, а также KOL регионального уровня Подготовка и участие в специализированных выставках, конференциях и семинарах Анализ рынка, разработка рекомендаций по тактике продвижения товаров на территории Работа с технической документацией в рамках Госзакупок",https://hh.ru/vacancy/124787888
Бренд менеджер / Продакт Девелопмент менеджер,Bonduelle,,,,,,От 1 года до 3 лет,ТК,5/2,,"ДМС, бонус","Лидирование разработки новых продуктов бренда Globus для запуска (наличие опыта в NPD не критично, важно мотивация и желание в этом направлении развиваться) Решение операционных задач по запуску новых вкусов, взаимодействие с отделом разработки продуктов Разработка и защита годового плана по торговой марке Globus Написание заданий (брифов) для сторонних агентств Планирование и поддержка в реализации ежегодных медийных активностей Подготовка и проведение презентаций для внутренних и внешних заинтересованных лиц Создание, обновление и адаптация продуктовых упаковок Документальное оформление проектов Участие в формировании бюджета по продукту Изучение особенностей продвигаемого продукта, анализ требований потребителей к продукту на основе результатов маркетинговых исследований Разработка рекомендаций по продвижению торговой марки в торговых точках",https://hh.ru/vacancy/124452469
Продакт- менеджер (руководитель проекта контент завод/ influence менеджер),ЕВРО ФУДС,,,,,,От 1 года до 3 лет,ТК,5/2,Ежемесячно,форма,"Подбор команды для проекта. Разработка стратегии по Influence-маркетингу, формирование медиа- и контент плана в рамках согласованной стратегии продвижения (Telegram...",https://hh.ru/vacancy/125352973
Product Manager/продакт-менеджер/системный инженер по продукту,Мера,,,,,,От 3 до 6 лет,ТК,5/2,,"форма, транспорт","Анализ конкурентов, маркетинговое исследование рынка, прогнозирование прибыльности продукта и окупаемости разработки. Создание концепции продукта на основании потребностей пользователей. ",https://hh.ru/vacancy/125376795
HCP Lead / Продакт менеджер,Bayer,,,,,,От 3 до 6 лет,ТК,5/2,,"ДМС, страхование, форма, бонус","Разработка стратегии и тактики в области образовательных активностей, проведение исследовательского анализа, изучение конкурентов. Подготовка необходимой научной информации для цикловой книги. Управление отношениями с лидерами мнений, разработка годового образовательного плана. Предоставление медицинской экспертизы по вопросам, связанным со здоровьем, провение кросс-функциональных встреч, чтобы информировать команду об изменяющихся тенденциях рынка. Предоставление анализа ключевых показателей эффективности на основе данных маркетинговых исследований для образовательной деятельности. Для нас важно: Высшее медицинское или фармацевтическое образование, кандидатская степень, как преимущество; Образование в области экономики или маркетинга, как преимущество; Более 5 лет релевантного опыта в маркетинге, опыт работы в направлении продаж будет преимуществом; Понимание рынка и клиента, бренд стратегии, маркетинг микс; Английский язык - не ниже intermediate.",https://hh.ru/vacancy/125231773
Продакт менеджер (БАД) / Product manager (Supplement),ANCOR,,,,,,От 1 года до 3 лет,ТК,50/60,,"ДМС, форма, бонус, скидки","Подготовка и проведение презентаций/тренингов по продукции (для внутренних сотрудников и внешних партнеров) Работа с агентствами по разработке материалов и маркетинговых мероприятий, включая разработку креативных концепций Разработка, изготовление и улучшение информационных материалов Содействие в разработке и непосредственно выполнение маркетинговых стратегий по категориям продуктов Операционное планирование, разработка и внедрение маркетинговых активностей Работа с портфелем, включая анализ, планирование, подготовку и выведение на рынок новинок, обновление существующей линейки Эффективное взаимодействие с кросс-функциональными командами по бизнесу и ключевым проектам (Sales, Finance, Marketing, Medical, E-Com, Digital) Полевые визиты совместно с медицинскими представителями для развития бизнеса Разработка, защита и исполнение бренд-планов по категории Разработка и проведение работы бизнес-подразделения на цикловых совещаниях",https://hh.ru/vacancy/125517471
Product Manager B2B SaaS (Продакт менеджер),Смарт Вэй,100.0,,,,'1-2,От 1 года до 3 лет,ТК,1/2,,"форма, обучение","Формирование и реализация продуктовой стратегии и дорожной карты (roadmap) развития КЭДО. Глубокий анализ рынка, конкурентов и трендов в области кадрового...",https://hh.ru/vacancy/125229445
Продакт менеджер по маркетинговым продуктам,7кейс,,150.0,,,,От 1 года до 3 лет,ТК,5/2,,форма,"Анализ и интерпретация медицинской и маркетинговой информации по продуктам RX,OTC.госпитальное направление,ветеринария. Разработка и участие в согласование коммуникационных материалов(прототипы e-detailing,e-mail рассылок/лонгридов/обучающих материалов и.т.д) Подготовка цикловых книг и проведение тренингов для медицинских представителей. Разработка креативных идей коммуникационных стратегий и интеграция концепций. Оценка сроков,бюджета,формирование критериев успешного ведения проекта(KPI). Формирование регулярной отчетности",https://hh.ru/vacancy/125469996
Категорийный менеджер/Продакт-менеджер,MODERNICA,100.0,,,,,От 1 года до 3 лет,ТК,5/2,,форма,"Подбор товаров в категории маникюр. Постоянный анализ трендов: определение перспективных товаров с помощью сервисов аналитики и ИИ, выявление трендов и основных конкурентов, создание и предоставление аргументированного списка предложений по найденным товарам. Ваши навыки и компетенции: Успешный опыт закупок напрямую в Китае. Активное использование ИИ для анализа. Умение находить новые популярные и динамично развивающиеся товары в категории маникюр. Наличие собственной методологии поиска товаров. Умение отслеживать медийную популярность продуктов. Создание отчетов и презентаций аналитических данных по направлениям и продуктам. Тестирование и испытание (пользование) потенциальных будущих товаров. Мы готовы предложить: Конкурентную оплату труда: готовы обсуждать индивидуально, исходя из ваших компетенций и формата сотрудничества. График работы: 5/2, с 9:00 до 18:00 по МСК. Формат работы: в офисе / гибридный/ удаленный. Большие возможности для личностного и профессионального развития и реализации себя!",https://hh.ru/vacancy/125152074
Продакт-менеджер,Apeyron Electrics,,,,,,От 1 года до 3 лет,ТК,5/2,,премии,"Управление вверенной товарной группой: анализ продаж, контроль рентабельности, контроль оборачиваемости, ввод/вывод моделей; Анализ потребности рынка и клиентов, совершенствование текущих моделей и разработка новых. Вывод на рынок новых моделей; Мониторинг рынка, ценовой и предметный анализ продуктовых линеек конкурентов, каналов продаж и продвижения; Разработка ассортиментные матрицы для различных целевых групп и каналов продаж; Работа с поставщиками и поиск новых, работа с ними (обсуждение условий, заключение договоров и т.д.); Обработка заказов в 1С 8.2; Поддержка продаж; Постановка ТЗ на упаковку, каталоги, презентации и стендов; Участие в профильных выставках в Китае / России; Выезд на производство в Китае; Претенциозная работа с производителями; Отчеты. ​​​​​",https://hh.ru/vacancy/125244115
AI-инженер / Главный специалист по ИИ / Продакт-менеджер ИИ / ИИ-консультант / Prompt-инженер,Черненко Сергей Владимирович,40.0,150.0,,,,От 3 до 6 лет,ТК,64/27,,форма,"Мы ищем талантливого специалиста, который сможет эффективно использовать инструменты и технологии искусственного интеллекта для содействия росту нашего стартапа.",https://hh.ru/vacancy/124967215
Продакт Менеджер в команду Новичков и авторизации,"Лента, федеральная розничная сеть",,,,,,От 3 до 6 лет,ТК,5/2,,"ДМС, форма, бонус, бонусы","Управление продуктовой командой Создание продуктового роадмапа по своему направлению Приоритезация бэклога задач Генерация и проверка продуктовых гипотез, поиск инсайтов в аналитике, исследованиях, анализе конкурентов Взаимодействие со смежными командами и стейкхолдерами Проведение квартальных планирований Активное участие в формировании стратегии компании Ждем от вас: Опыт работы в продуктовой разработке Навыки взаимодействия со стейкхолдерами и управления их ожиданиями Опыт управления бэклогом и приоритизации задач Умение добиваться результата Понимание технологических тенденций в ритейле Опыт работы в ритейле/e-commerce будет плюсом",https://hh.ru/vacancy/125423420
Продакт-менеджер (Beauty & Eco Home бренды),Мануфактура,85.0,,,,,От 1 года до 3 лет,ТК,5/2,,,"Смотреть, что происходит на рынке, придумывать стратегию и новые идеи для брендов. Запускать продукты «с нуля»: от концепции и дизайна...",https://hh.ru/vacancy/124543841
Категорийный менеджер/Продакт-менеджер,Консалтингово-тренинговая компания AlfaSale,150.0,300.0,,,,От 1 года до 3 лет,ГПХ,5/2,,"форма, бонус, бонусы, транспорт","Формирование стратегии развития категории; Исследование рыночных тенденций , конкурентной среды и потребительского спроса ; Управление ассортиментом (анализ текущего ассортимента, отсев низкооборачиваемых SKU, формирование сбалансированного ассортимента, соответствующего тенденциям рынка и спросу клиента); Проведение работ по маркетинговой упаковке и адаптации продуктов для участия в тендерах и госзакупках ; Обеспечение роста продаж и маржинальности за счет работы с ассортиментом и поставщиками; Изучение нормативной базы (ГОСТы, приказы, регламенты) для выявления обязательных позиций ; Поиск незаполненных ниш и возможностей для расширения категории; Разработка пакетных предложений и &quot;связок&quot;; Поиск и привлечение новых поставщиков , а также у лучшение условий с действующими партнерами (цены, эксклюзивность, отсрочки платежа). Пожелания к кандидату: Опыт управления товарными категориями в сегменте В2В от 1 года будет Вашим преимуществом ; Сильные аналитические навыки , умение систематизировать информацию; Опыт вывода новых продуктов/категорий на рынок; Стратегическое маркетинговое мышление и ориентация на рыночные тренды; Умение работать с нормативной документацией ; Высокий уровень переговорных навыков и проактивности . Откликайтесь! И мы обязательно с Вами свяжемся!",https://hh.ru/vacancy/125122082
Продакт менеджер,Шумова Татьяна Викторовна,100.0,,,,,От 1 года до 3 лет,ТК,5/2,,"форма, подарки, обучение","<highlighttext>Продакт</highlighttext>-менеджер (менеджер по работе с швейными производствами). – Планировать и вести производственный календарь, рассчитывать заказы на производство. – Размещать заказы на...",https://hh.ru/vacancy/124749050
Продакт-менеджер (Электроинструмент),Daewoo Power Products,200.0,350.0,,,,От 1 года до 3 лет,ТК,5/2,,"форма, транспорт, кофе, чай","Создание уникального ассортимента Садовой и Силовой техники DAEWOO на рынке: Основная задача - формирование уникального и конкурентоспособного ассортимента техники Daewoo на рынке России. Работа ведется в тесном контакте с Отделами Продаж, Закупок и Маркетинга. На основании анализа рынка, конкурентной среды, потребностей покупателей и в соответствии с требованиями Отдела Продаж необходимо создавать продукт с У.Т.П. (уникальными торговыми преимуществами) и в тесном контакте с Отделом Закупок и Офисом в Китае. Разработка продукта и контроль производства: Модель, ТТХ, Уникальный Туллинг и внедрение УТП. Цветовое решение упаковки и Стикеровка продукта согласно Color Skin. Брендирование с выделением ранее заложенных УТП Упаковка согласно фирменному стилю Daewoo. Обеспечения актуальности информации о продукции внутри и вне компании: в корпоративных учетных системах, на сайтах компании, в рекламных, справочных и учебных материалах. Сопровождение продукта на рынке: Формирование стратегии реализации совместно с отделами Продаж и Маркетинга. Анализ существующей линейки и предложения по ее улучшению на основе изучения настроения покупателей и конкурентной среды. Анализ результатов и отзывов покупателей о новом продукте и их ТТХ и УТП. Участие в создании Ежегодного фирменного каталога Daewoo. POS - материалы по группам товара в зоне ответственности. Формирование линейки фирменного торгового оборудования и его заказ у производителя. Участие в семинарах, конференциях, презентациях по товарному направлению",https://hh.ru/vacancy/125475922
Продакт-менеджер швейного производства,HR-агентство Ляминой Дарьи,100.0,,,,,От 1 года до 3 лет,ТК,5/2,,,"Организация отлаженных процессов на производстве одежды, выстраивание эффективной коммуникации между сотрудниками. Ведение проектов по производству мерча и формы с соблюдением...",https://hh.ru/vacancy/125464753
Продакт-менеджер (женская одежда),"Бренд одежды, обуви и аксессуаров LIMÉ",,,,,'10-19,От 3 до 6 лет,ТК,"5/2, 10/19",Еженедельно,"ДМС, скидки, обучение","Создание ассортиментной матрицы с учетом цен, глубин заказов, сроков, жизненного цикла товара и других атрибутов. Создание артикула и ведение карточки...",https://hh.ru/vacancy/123708082
Продакт-менеджер,"В торговую компанию (опт, бытовая техника)",250.0,,,,,От 3 до 6 лет,ТК,5/2,,"форма, бонус","Ведение переписки с поставщиками, согласование коммерческих условий, размещение заказов; Планирование и организация закупок (ВЭД) как OEM, ODM. Осуществление полного взаимодействия с текущими поставщиками; Поиск новых прямых поставщиков-производителей с наиболее выгодными условиями поставки и ценами, расширение ассортимента. Формирование базы поставщиков; Работа по обновлению ассортимента и/или создания нового продукта по крупной бытовой технике и встраиваемой технике. Поставки образцов; Отслеживание сроков производства и контроль отгрузок в срок, составление отчетов по движению груза; Посещение заводов, партнеров-поставщиков; Мониторинг и анализ профильного рынка (новинки, ассортимент, цены, маркетинговая активность конкурентов),поиск новых возможностей для укрепления конкурентных преимуществ; Прием и обработка заявок, контроль исполнения заказов; Подготовка необходимых документов; Контроль отгрузок; Осуществление письменных (тех.документация, договора) и устных переводов (переговоры); Формирование различных отчетов, сводных таблиц; Анализ данных, поиск необходимой информации в Интернете; Контроль документооборота отдела (первичная документация, входящие-исходящие письма и др.); Взаимодействие со смежными отделами компании.",https://hh.ru/vacancy/125108407
Ассистент продакт-менеджера / категорийного менеджера,"НеоАрт, Группа Компаний",105.0,,,,,От 1 года до 3 лет,ТК,5/2,,форма,"Исследование конкурентов Подготовка к маркетинговым мероприятиям. Работа с карточками товаров в 1С. Проведение подготовительных мероприятий для ввода новой товарной группы/артикула. Работа с отчетами в 1С. Работа с образцами товара от поставщиков и конкурентов, презентационных материалов, работа с банком фотографий от конкурентов и поставщиков. Сбор и анализ информации в формате Excel по запросу продакт-менеджера.",https://hh.ru/vacancy/125206397
Продуктовый аналитик / продакт-менеджер (одежда),SODAMODA (ИП Ванина Лидия Азатовна),,,,,,От 1 года до 3 лет,ГПХ,5/2,,скидки,"Управление продуктовой и ассортиментной матрицей Разработка коллекции и управление коллекцией бренда по всем этапам разработки, начиная с этапа эскиза, заканчивая этапо м пол учения продукции на склад Работа в связке “дизайнер-продукт менеджер-конструктор-производство” Участие в разработке маркетингового продукта Коммуникация с представителями тканей и фурнитуры Управление бизнес-процессом разработки и производства продукта на подрядных и контрактных производствах (рабочие документы, отчетность, улучшение бизнес-процессов); Взаимодействие с поставщиками, контроль поставок Анализ эффективности производственной и закупочной деятельности продукта Просчет рентабельности",https://hh.ru/vacancy/125538984
Продакт-менеджер (косметика/бьюти),Космо Бьюти,200.0,200.0,,,,От 1 года до 3 лет,ТК,5/2,Ежемесячно,,"1. Разработка косметики: - Полный цикл разработки продукта: от идеи до вывода на полку. - Анализ рынка, формирование концепции продукта. - Составление ТЗ на массу, упаковку, дизайн. - Поиск и выбор производственных площадок в РФ и за рубежом. - Организация тестирования образцов (качество, совместимость с упаковкой и др.). - Контроль первых варок и приладок, обеспечение качества продукта. 2. Организация запуска продукта: - Разработка и контроль таймлайнов запуска. - Координация работы смежных отделов: дизайн, закупки, маркетинг, продажи, производство. 3. Работа с поставщиками: - Поиск и выбор поставщиков сырья, упаковки и комплектующих. - Проведение переговоров, согласование выгодных условий. - Полное документальное сопровождение заказов и контроль исполнения договоров. 4. Бюджетирование: - Составление бюджета на производство (масса, упаковка, комплектующие). - Расчет экономики продукта. - Ежемесячная отчетность по использованию бюджета (план-факт).",https://hh.ru/vacancy/124733302
Продакт менеджер,Альянс - Капитал,150.0,160.0,,,,От 1 года до 3 лет,ТК,5/2,,форма,"Ведение полного циклом продукта: от идеи до масштабирования; Оптимизацию текущих продуктов; Разработку стратегии развития продукта: анализ воронки, A/B-тестирование, аудит рисков, бюджетирование, изучение рыночных трендов и лучших практик; Углублённую работу с клиентским опытом: анализ отзывов, выявление точек роста; Формирование продуктовых дорожных карт и постановку бизнес-целей по новым функциям, регуляторным изменениям и улучшениям; Верификацию и декомпозицию задач от кросс-функциональных команд, координацию разработки, участие в пилотах и демонстрациях; Умение работать между командами — продажами, разработкой, маркетингом и другими подразделениями; Создание и внедрение маркетинговой стратегии развития продукта: планирование, тестирование гипотез, оценка эффективности, новые каналы, масштабирование проекта",https://hh.ru/vacancy/125453261
Продакт-менеджер / Продюсер в онлайн-образовании,Virginia Beowulf,,,,,,От 3 до 6 лет,ТК,5/2,,"скидки, обучение","Вместе с нашей командой методистов и SMM-специалистов руководить поддержкой, созданием и запуском продуктов в нишах: — Модули для LMS-платформы...",https://hh.ru/vacancy/124453701
"Продакт-менеджер по развитию контента, локализации и ценообразования для Global продавцов",Ozon,,,,,,От 1 года до 3 лет,ТК,5/2,,форма,"Развитие контентных механик: — Улучшать процессы загрузки, редактирования и архивирования контента (карточек товаров). — Оптимизировать SEO товарных карточек для повышения видимости в поисковой выдаче. — Разрабатывать алгоритмы автоматической чистки контента, маркировки дубликатов и управления архивацией. Локализация и ценообразование: — Адаптировать контент под локальные рынки, учитывая культурные и языковые особенности. — Строить бизнес-модели для прогнозирования объёма контента на модерацию и оптимизации ресурсов. — Анализировать ценовую политику конкурентов и предлагать стратегии для Global продавцов. Аналитика и исследования: — Изучать лучшие практики Amazon, Alibaba и других лидеров рынка, внедряя их в процессы OZON. — Мониторить метрики: SKU с продажами, content rating, скорость модерации контента, и предлагать улучшения. Межфункциональное взаимодействие: — Тесно работать с китайскими агрегаторами маркетплейсов для интеграции улучшений через OZON API. — Координировать команды разработчиков: формировать требования к доработке ЛК продавцов, API для управления контентом, инструментов автоматизации. — Согласовывать решения с финансами, юристами и локальными командами OZON. Запуск и оптимизация: — Тестировать новые функции (например, алгоритмы маркировки дубликатов) перед релизом. — Внедрять механизмы обратной связи от продавцов для улучшения user experience. Переговоры и advocacy: — Лично вести переговоры с китайскими ERP-системами для интеграции сценариев через OZON API. — Отстаивать свои решения перед CEO и CFO, аргументируя их данными Мы ждём, что вы: Имеете опыт в продакт-менеджменте, желательно в e-commerce, контентных платформах Понимаете принципы SEO, локализации контента, ценообразования и управления большими объёмами данных. Умеете строить бизнес-модели, прогнозировать нагрузки на модерацию и рассчитывать экономику процессов. Имеете опыт работы с API, техническими командами и управления продуктами на всех этапах жизненного цикла. Способны координировать cross-functional команды (разработка, маркетинг, аналитика). Владеете английским языком на уровне Intermediate. Умеете работать с метриками, проводить A/B-тесты и принимать решения на основе данных. Готовы отстаивать свою позицию, подкрепленной аналитикой. Готовы ходить в офис 4 раза в неделю.",https://hh.ru/vacancy/124553576
Ассистент продакт-менеджера/Ассистент менеджера по продукту,KRONA (ООО Сигма Трейд),,,,,,От 1 года до 3 лет,ТК,5/2,,форма,"Помощь группе продакт-менеджеров в подготовке и сборе информации для анализа конкурентов на предмет ассортимента и цен; Помощь группе продакт-менеджеров в задачах по контролю товарного потока, планированию товарного потока по Новому продукту; Помощь в контроле стоков по продукту; Помощь в разработке Нового продукта (от анализа конкурентов, поиска поставщиков и до ввода в продажу, а также работы с поставщиками по усовершенствованию продукта); Помощь в поддержании актуальными мастер-файлов по продукту; Помощь в создании и поддержании актуальными сопроводительной документации продукта; Помощь в подготовке презентаций по Новому продукту; Помощь в решении вопросов по качеству; Помощь в подготовке информации для сертификатов; Поддержание здоровых отношений с контрагентами и поставщиками; Выполнение задач продакт-менеджера и руководителя департамента в зоне ответственности подразделения.",https://hh.ru/vacancy/124840048
Продакт-менеджер/Аналитик одежды(Wildberries),VegaOks,80.0,,,,,От 3 до 6 лет,ТК,5/2,,форма,1. Формирование ассортиментной матрицы (совместно с дизайнером): – Учёт модных трендов и предпочтений целевой аудитории. – Планирование сезонных коллекций. – Расширение ассортимента на...,https://hh.ru/vacancy/125293336
Менеджер по продукту / Продакт-менеджер (мебель),SKDESIGN (СК ДИЗАЙН),,,,,,От 3 до 6 лет,ГПХ,5/2,,,"Отслеживание трендов и новинок продуктового направления: дизайн, конструктив, фурнитура и материалы. Анализ и сравнение продуктов бренда и продуктов конкурентов. ",https://hh.ru/vacancy/125218180
Продакт-менеджер / Категорийный менеджер СТМ,INFORMAT,,,,,,От 1 года до 3 лет,ТК,5/2,,форма,"Достижение целей вверенных товарных категорий (оборот, маржинальная прибыль, оборачиваемость, эффективность матрицы). Определение ассортиментной стратегии вверенных категорий. Обеспечение эффективной и конкурентной...",https://hh.ru/vacancy/124607415
Бренд-менеджер/Продакт-менеджер/Менеджер по продукту,TRADE LOCK,,,,,,От 3 до 6 лет,ТК,5/2,,"питание, премии, бонус, бонусы","Управление ассортиментом по категории дверная фурнитура Анализ рыночных трендов и конкурентной среды Анализ себестоимости и управление маржинальной рентабельностью товаров Анализ потребительского рынка и аналитика продаж ассортимента компании по всем каналам Долгосрочное планирование ассортимента Работа с качеством продукции и рекламациями Разработка упаковки и рекламных материалов Активное взаимодействие со всеми подразделениями компании (инженеры, закупки, продажи и т.д.)",https://hh.ru/vacancy/125384776
Продакт-менеджер в Creator Economy стартап,Пэйвол Рус,,,,,,От 1 года до 3 лет,ТК,5/2,,,"Сбор данных (общение с оунерами, исследования конкурентов, общение с техническими специалистами). Предложение базовых и будущих фич в mind-map. Согласования. ",https://hh.ru/vacancy/125406419
"Продакт-менеджер (интерьерная печать, сувениры, текстиль, мобильное приложение)",МУЛЬТИФОТО,120.0,,,,,От 1 года до 3 лет,ГПХ,5/2,,"форма, бонус","Формулировать и тестировать гипотезы по улучшению пользовательского опыта, повышению конверсии и увеличению среднего чека. Стремиться к росту выручки в своих...",https://hh.ru/vacancy/124810051
Продакт-менеджер ключевого продукта CDN (Product owner),CDNvideo (ООО СДН-видео),200.0,300.0,,,,От 3 до 6 лет,ТК,5/2,,"ДМС, питание, форма","Определение бизнес-требований и создание четких спецификаций для разработки. Постановка целей и KPI для продукта, регулярный мониторинг их достижения. ",https://hh.ru/vacancy/125089165
Ассистент продакт/бренд-менеджера,Домашняя Кухня,,,,,,Нет опыта,ТК,5/2,,,"Если вам интересно заниматься глубоким ведением продукта ОТ концепта, проектирования и производства, продвижения и рекламы, ДО полки магазина или кафе...",https://hh.ru/vacancy/125068804
Продукт менеджер/Продакт менеджер/ Product manager косметика),Сэми Косметик,,,,,,От 1 года до 3 лет,ТК,5/2,,"ДМС, питание, форма, кофе","Анализ рынка и ассортимента: мониторинг трендов, конкурентов, продаж по SKU, формирование продуктовой матрицы. Разработка продукта: подготовка ТЗ для фабрик (формула, оттенки, упаковка, дизайн), работа с производителями (Китай) и с контрактными произодствами, контроль образцов и запуск в производство. Вывод на рынок: подготовка досье и сертификации, организация фотосессий, участие в рекламных материалах, контроль качества первых партий. Экономика продукта: расчёт себестоимости и unit-экономики, контроль маржинальности, поиск оптимизаций. Координация процессов: взаимодействие с закупками, маркетингом, логистикой и финансами, ведение задач в Bitrix/1С, отчётность по проектам. Улучшения: контроль стабильности формул, анализ отзывов, предложения по улучшению или выводу нерентабельных SKU. Какого кандидата мы ищем: Опыт работы продакт-менеджером в категории косметика не менее 2 лет. Опыт участия в полном цикле вывода продукта — от идеи и бенчмарка до производства и запуска. Опыт ведения нескольких проектов одновременно, умение доводить их до результата. Сильные аналитические навыки: исследование рынка, конкурентный анализ, защита проектов перед стейкхолдерами. Навыки структурирования информации и подготовки регулярной отчётности. Личные качества: организованность, инициативность, стрессоустойчивость, внимание к деталям, коммуникабельность. Будет преимуществом: Курсы по визажу. Знание основ колористики. Художественное образование.",https://hh.ru/vacancy/125121203
Продакт Менеджер (Nobel Biocare),Envista Holdings Corporation,,,,,,От 3 до 6 лет,ТК,5/2,,"ДМС, страхование, форма, бонус","Создание локальной стратегии по продукту Адаптация глобальных маркетинговых и бизнес-стратегий согласно тенденциям, характеристикам и потребностям локального рынка Управление всеми аспектами продакт менеджмента для продуктов в России Разработка стратегического и тактического маркетинг плана реализации запуска продукта (анализ, контроль, корректирующие действия) Управление запуском продукта в России совместно с Директором по маркетингу Информирование и продвижении стратегии в отделе продаж Внедрение и развитию GTM (Go-To-Market) стратегических и тактических планов в отношении новых, существующих и устаревающих продуктов Проведение продуктового обучения для сотрудников Взаимодействие с KOL",https://hh.ru/vacancy/124167300
Продакт-менеджер/категорийный- менеджер/ бренд-менеджер,"Хитэк, ГК",,150.0,,,,От 3 до 6 лет,ТК,30/18,,"бонус, скидки","Участие в разработке маркетингового плана по направлению. Анализ ассортимента, продаж, клиентской базы, потребностей и спроса. Исследование тенденций рынка. Коммуникация с производством и поставщиками. Управление ассортиментом и складскими запасами. Развитие продаж на маркетплейсах. Требования : Высшее образование; опытный пользователь ПК. Аналитические навыки по управлению ассортиментом с помощью основных методов. Трейд-маркетинг (желательно). Опыт работы с собственным производством (желательно). Опыт работы с маркетплейсами (желательно). Нацеленность на результат‚ хорошие аналитические способности, ответственность, умение работать в команде, презентабельный внешний вид",https://hh.ru/vacancy/124225513
Старший продакт менеджер (сварочное оборудование),Производство и продажа промышленного сварочного оборудования,,,,,,От 3 до 6 лет,ТК,5/2,,"кофе, чай","разработка и реализация продуктовой стратегии, направленной на лидерство на рынке; - управление портфелем продуктов (промышленное сварочное оборудование) для достижения последовательного развития и обеспечение требуемого финансового результата; - запуск и развитие продуктов (от идеи до запуска в коммерческую эксплуатацию), а также поиск новых точек роста существующих продуктов; - генерация и проверка продуктовых гипотез. Формирование предложения по улучшению продукта; - организация проведения обучения для клиентов и публичных выступлений на отраслевых мероприятиях с презентацией продукта; - построение системы мониторинга рынка для выявления возможностей и точек роста. Выявление и прогнозирование трендов рынка. Анализ конкурентной среды, изучение потребителя его пути и драйверов покупки; - проработка и защита концепций нового продукта на основании анализ рынка и целевой аудитории; - управление процессом разработки и вывода на рынок новых продуктов. Взаимодействие с командой разработчиков и другими подразделениями, управление бэклогом и разработка roadmap, контроль выполнения и приоритизация задач; - построение и развитие высококвалифицированной команды продуктовых менеджеров. Мотивация и руководство сотрудниками. Важно: - опыт создания и запуска на рынок сложного промышленного продукта (металлообработка, сварочное и тп.) с &quot;0&quot;; - опыт работы с потребителем, публичные выступления, презентации продукта; - опыт управления на стороне производителя промышленного оборудования; - стратегическое и продуктовое видение; - успешный опыт управления продуктовым портфелем, обеспечивающий стратегическую конкурентоспособность и получение прибыли компанией; - профессиональное понимание разных стадий жизненного цикла продукта, включая работу на ранних этапах; - опыт проведения CustDev, Jobs to be Done и разработки CJM; - высокие аналитические навыки, умение проводить исследования и анализировать данные для принятия обоснованных решений; - английский на среднем уровне (Intermediate).",https://hh.ru/vacancy/124572496
Продакт-менеджер (косметика/уход),AMIDA,,,,,,От 1 года до 3 лет,ТК,5/2,,"форма, скидки","Изучение и мониторинг рынка, целевой аудитории и конкурентов для выявления потребностей клиентов в новых продуктах; Ведение проекта по разработке продуктов и вывода их на рынок; Разработка требований к продукту; Разработка общей концепции продукта и УТП; Создание и презентация продуктовой стратегии с этапами разработки и развития продукта; Постановка и контроль выполнения задач командой разработки; Доработка и развитие продукта после его запуска; Управление портфелем продуктов внутри направления. Пожелания к кандидатам: Опыт работы с контрактным производством в Китае/Корее приветствуется; Высшее образование. Уверенный пользователь Microsoft Office, знание Adobe. Знание английского языка как преимущество.",https://hh.ru/vacancy/125274882
"Продакт/бренд менеджер (FMCG, СТМ )",Брэнта Фэшн Групп,120.0,,,,,От 1 года до 3 лет,ТК,5/2,,форма,"Работа с премиальным продуктом, где важны детали — от стали  до упаковки .  Возможность самостоятельно формировать линейку и влиять на её развитие .  ",https://hh.ru/vacancy/124873948
Продакт-менеджер по развитию маркетинговых инструментов и промоакций Global продавцов,Ozon,,,,,,От 1 года до 3 лет,ТК,5/2,,,"Развитие маркетинговых механик: — Улучшать автостратегии продвижения под специфику иностранных продавцов. — Создавать пакетные предложения на базе существующих инструментов товарного продвижения. Аналитика и исследования: — Изучать лучшие практики конкурентов (Amazon, Alibaba) и адаптировать их под платформу OZON. — Анализировать рынок, потребности Global продавцов и тренды e-commerce. Межфункциональное взаимодействие: — Тесно работать с китайскими агрегаторами маркетплейсов для интеграции изменений через OZON API. — Координировать задачи с командами разработки, финансов, юристов и локальными командами OZON. Разработка и внедрение: — Формировать требования для доработки интерфейса ЛК продавцов, API и внутренних инструментов. — Тестировать новые функции перед релизом и анализировать их влияние на ключевые метрики. Работа с метриками: — Мониторить и улучшать показатели: SKU с продажами, долю SKU Global в поисковой выдаче, доход от рекламы. Переговоры и advocacy: — Лично вести переговоры с китайскими ERP-системами для интеграции новых сценариев. — Отстаивать решения, которые повышают эффективность платформы и прибыль продавцов. Мы ждём, что вы: Имеете опыт в продакт-менеджменте (e-commerce, маркетплейсы, рекламные инструменты); Разбираетесь в API-интеграциях и технических аспектах разработки; Умеете работать с данными: строить гипотезы, анализировать метрики, принимать решения на основе ROI; Обладаете навыками управления cross-functional командами и проектами; Имеете опыт переговоров с международными партнёрами; Готовы отстаивать свою позицию, аргументируя её данными и бизнес-логикой; Владеете английским на уровне Intermediate; Готовы ходить в офис 4 раза в неделю.",https://hh.ru/vacancy/124553438
Специалист отдела продакт-маркетинг,Восток-Сервис,90.0,,,,,Нет опыта,ТК,5/2,,"ДМС, подарки","Работа над сайтом, каталогом, базой технических паспортов Создание конкурентных преимуществ своего ассортимента и, основываясь на них, создание системы продвижения и обучения Поддержка сотрудников отдела сбыта (подбор ассортимента, подготовка обучений) Взаимодействие с партнерами, поиск новых поставщиков/продуктов Участие в создании и исполнении стратегии по ассортименту: формирование ассортимента, позиционирование, продвижение Контроль сертификации ассортимента Участие в выставках, региональных и отраслевых круглых столах, проведении рекламных акций, программ обучения сотрудников отдела продаж и пользователей на предприятиях Что для нас важно: Высшее профильное образование Отличные презентационные и коммуникативные навыки Энергичность, целеустремленность, высокий уровень личной мотивации и самоорганизации",https://hh.ru/vacancy/124788993
Продакт-менеджер / Product manager,Эстилаб Рус,,,,,,От 1 года до 3 лет,ТК,5/2,,"ДМС, страхование, форма, подарки, скидки, обучение, кофе, чай","Курирование проектов по разработке новых продуктов уходовой косметики для лица и тела брендов Icon Skin и De_Code, а также проектов по улучшению текущих продуктов (постановка ТЗ смежным командам, разработка формулы совместно с технологами, упаковки, дизайна совместно с креативным отделом и другое). Контроль таймлайна выпуска продукта на всех этапах, координация этапов запуска со всеми подразделениями компании. Анализ потребностей косметического рынка и трендов (совместно с аналитиком). Взаимодействие с технологами собственного производства. Организация тестирования новых образцов, координация рассылки, сбор и систематизация отзывов. Составление, проверка и утверждение макетов печатных фалов (этикетка, коробка, инсерт, туба и другое). Подготовка маркетинговых описаний и аннотаций совместно с копирайтером. При изменениях в составе/ внешнем виде продукта инициация обновлений в маркетинговых материалах и коммуникация с коммерческим отделом.",https://hh.ru/vacancy/125221631
Продакт-менеджер,Магнус Групп,70.0,,,,,От 1 года до 3 лет,ТК,5/2,,,"Изучение рынка(клиентов. конкурентов и трендов); Создание продукта основываясь на проведенном анализе; Формирование требований к качеству товара и контроль за их выполнением на всех этапах разработки; Поиск клиентов среди действующей базы и новых потенциальных клиентов; Создания доверия к бренду, адаптированные под конкретные потребности и интересы клиента; Контроль с матрицей товаров (ключевые параметры и характеристики: наличие, поставщик, ответственный менеджер, бренд, целевая аудитория. роль позиции в ассортименте).",https://hh.ru/vacancy/125069453
Продакт-менеджер / Product Manager | Одежда,Данченко Антон Олегович,150.0,180.0,,,,От 1 года до 3 лет,ТК,5/2,,форма,"Анализ: рынка, трендов, конкурентов, обратной связи покупателей. Идеи: Формирование пула идей для новых и существующих моделей. Продуктовая матрица: Разработка ассортиментной стратегии, предложение SKU. Разработка: Подбор материалов, подготовка ТЗ, контроль создания образца. Доработка: Анализ отзывов, внесение изменений в существующие модели. Документация: Ведение базы образцов, подготовка тех. пакетов. Взаимодействие: Работа с закупщиком, конструктором, менеджером, производством. Финальное утверждение: Проверка образцов, контроль партий.",https://hh.ru/vacancy/124644673
Продакт маркетинг менеджер / Product Marketing Manager по продукту TDMS,"СиСофт, (CSoft)",,,,,,От 3 до 6 лет,ТК,5/2,,"ДМС, форма, кофе, чай","Разработка и внедрение стратегий вывода обновлений продукта на рынок. Проведение исследований рынка и анализ конкурентной ситуации. Определение позиционирования продукта и ценностных предложений. Сегментация рынка и создание профилей целевых покупателей. Операционные задачи: Создание и поддержка структуры ключевых сообщений о продукте. Разработка маркетинговых материалов и контента для поддержки работы с клиентами. Координация запуска новых продуктов и функций. Оценка эффективности маркетинговых мероприятий, связанных с продуктом. Кросс-функциональное взаимодействие: Сотрудничество с командой разработчиков для определения приоритетности функций. Взаимодействие с командой продаж по вопросам обучения и поддержки. Работы с маркетинговой командой по проведению рекламных кампаний. Общение с клиентами для сбора обратной связи. Обязательные",https://hh.ru/vacancy/125404136
Продакт-менеджер (Менеджер по продуктовому b2b-маркетингу),Еврокаппа,,,,,,От 3 до 6 лет,ТК,5/2,,"форма, скидки","Анализировать рынок, конкурентов, сегменты врачей-ортодонтов. Формировать позиционирование продуктов (элайнеры, инновации, платформа, Академия). Заниматься развитием сайтов и личного кабинета компании. Участвовать в упаковке новых продуктов (инновации): тестировать гипотезы, формировать ценностное предложение, искать точки роста. Формировать дорожную карту продвижения продуктов совместно с руководством. Настраивать и контролировать аналитику (end-to-end) : CPA, CPL, LTV, ROI Вести воронку привлечения партнеров : от первого касания в соцсетях до регистрации на вебинар/в Академию и подписания договора. Идеальный кандидат на эту вакансию: — Мыслит измеримыми результатами, а не процессами; — Опыт работы в интернет-маркетинге B2B (медицинский или образовательный сегмент — плюс); Навыки продуктового менеджмента (понимание CJM, A/B-тестов, аналитики); Умение совмещать стратегическое и операционное мышление; Практический опыт в аналитике таргетинга, контекста, email-маркетинге, SEO; Желание строить систему «с нуля» и работать в быстрорастущем проекте; Что мы предлагаем : Стабильную белую ЗП; Оформление в полном соответствии с ТК РФ с первого дня работы; Офис класса А (премиум) в 6 минутах от м. Менделеевская Гибкое начало и окончание рабочего дня; Интересные профессиональные задачи, возможность реализации Вашего творческого потенциала и комфортные условия работы в молодом дружном коллективе; Скидки на услуги стоматологии (клиника премиум-класса);",https://hh.ru/vacancy/125481810
Продакт-менеджер (расходные материалы),Rumex,,,,,'2-4,От 1 года до 3 лет,ТК,2/4,,"ДМС, страхование, форма, бонус, бонусы, обучение, проезд, транспорт","Участие в продвижении офтальмологических расходных материалов, проработка проектов совместно с менеджерами по продажам; Двойные визиты, апробация расходных материалов Работа с базой данных по продукту - составление отчётов по запросу руководителя, анализ данных, внесение новой и коррекция имеющейся номенклатуры; Участие в выставках и конференциях; анализ рынка и конкурентного окружения; Активное сопровождение процесса продаж: проверка ТХ, ТЗ, обучение менеджеров по продажам, подготовка документов для апробации, консультации пользователей; Подготовка презентационных, рекламных и информационных материалов с отделом ОМК;",https://hh.ru/vacancy/125393347
Продакт / категорийный менеджер (детская одежда),Спортмастер,,,,,,От 1 года до 3 лет,ТК,5/2,,"ДМС, страхование, питание, форма, подарки, скидки, обучение","Эффективное управление ассортиментом вверенной категории; Развитие и рост оборота категории; Участие в разработке коллекций: составление Линейного плана, постановка ТЗ смежным отделам, работа с образцами; Высокий уровень аналитических способностей: умение делать выводы и анализировать большой объем данных (продажи, остатки, заказы, скорости продаж и т.д); Формирование и размещение прогнозов и заказов; Регулирование розничных цен, контроль введения скидок, достижение плановых наценок; Развитие СТМ: отслеживание трендов, поиск прототипов, лучшие цены. Мониторинг рынка конкурентов; Планирование размещения ассортимента в рознице: составление накидных (шаблонов) и планограмм развески товара; Выявление ассортиментных разрывов и работа со сторонними поставщиками; Заключение договоров поставки со сторонними поставщиками; Контроль сроков прихода товара.",https://hh.ru/vacancy/125376780
Бренд-менеджер/продакт-менеджер (фарма),Смартлайф,,,,,,От 3 до 6 лет,ТК,4/1,Ежемесячно,"форма, премии, обучение, кофе, чай","Развитие и ведение продуктового портфеля компании (БАДы). Анализ рынка и тенденций его развития, мониторинг конкурентной среды. Организация апробаций и исследований...",https://hh.ru/vacancy/125258029
"Продакт-менеджер, животноводство",СИМБИО,120.0,,,,,От 3 до 6 лет,ТК,5/2,2 раза в месяц,"ДМС, обучение","Ведение переговоров с клиентами по всем продуктам компании. Продвижение эксклюзивных продуктов. Обучение для менеджеров по эксклюзивным продуктам, преимущества и эффективное применение. Постановка и отслеживание проводимых опытов, подбор схем опыта, получение результатов проведения испытаний и интерпретация их для клиента. Проведение исследований при сотрудничестве с лабораториями, доведение результатов опыта до менеджеров отдела продаж. Изучение тенденций рынка по продуктам, знание аналогов их цен и формирование на основе этого преимуществ продвигаемого товара. Совместные посещения клиентов с менеджерами компании. Совместные посещения клиентов с партнерами компании. Организация семинаров для клиентов, Посещение выставок, форумов. Написание отчетности о проделанной работе Пожелания к кандидату: Обязательно - высшее зоотехническое образование; Опыт продвижения кормовых добавок от 3 лет; Опыт работы в области птицеводства, свиноводства от 2 лет; Коммуникабельность; Готовность к разъездному характеру работы; Знание английского языка - желательно.",https://hh.ru/vacancy/125530063
Продакт-менеджер/менеджер по производству,NIKONOROVA,,,,,,От 1 года до 3 лет,ТК,5/2,2 раза в месяц,,"Ведение полного цикла разработки продукта от создания ассортиментной матрицы до поступления товара на полку; - Размещение заказов на швейных производствах (РФ); - Поиск новых производств (РФ, Турция, Китай, СНГ); - Расчет коммерческих показателей каждого артикула; - Контроль соблюдения сроков разработки и качества изготовления изделий; - Обеспечение производства сырьем: ткани, фурнитура, упаковка; - Взаимодействие с поставщиками: отправка и получение образцов, партий (курьеры); - Поиск, подбор и закупка тканей и фурнитуры; - Полная коммуникация с конструктором на всех этапах разработки, участие в примерках; - Формирование отчета о выпуске готовой продукции и передача бухгалтеру.",https://hh.ru/vacancy/125070650
Продакт-менеджер,Группа Компаний Традиция,,,,,,От 1 года до 3 лет,ТК,5/2,,"форма, обучение","Консультирование менеджеров и клиентов по текущим сделкам, участие в онлайн и выездных переговорах с клиентами; Подготовка коммерческих предложений и предоставление менеджерам по продажам актуальной информации по продукции (сроки, цена, характеристики продукции и т.д.); Заказ продукции у внутреннего и внешнего поставщиков (неделя-месяц-квартал-полугодие); Поиск новых поставщиков (совместно с Отделом снабжения); Участие в процессе работы по рекламациям, работа по стандартизации рекламационных случаев; Мониторинг действий конкурентов по всем доступным каналам (сайты, новостные порталы и форумы, «Тайный покупатель» и получение КП); Подготовка и актуализация информационных материалов в различных источниках, включая учебные материалы по продукту, сайт, каталог, инструкции по эксплуатации, система 1С; Поддержка внутреннего документооборота по продукту (производство-склад-сервис); Мониторинг операционных показателей по продукту и подготовка отчетов; Участие в командах развития продукта.",https://hh.ru/vacancy/119286167
"Продакт-менеджер направления ""Промышленное кондиционирование воздуха""",SEVERCON consortium,,,,,,От 3 до 6 лет,ТК,8/5,,ДМС,Управление процессами разработки новой продукции и продвижения согласно стратегии продуктового направления. Разработка технических решений совместно с техническим отделом и производителями. ,https://hh.ru/vacancy/124373138
Продакт-менеджер КИПиА,ТехноГрупп,,,,,,От 1 года до 3 лет,ТК,5/2,,ДМС,"Вверенное продуктовое направление: КИПиА. Анализ рынка, определение трендов, потребностей основного рынка, новых рынков основных конкурентов для вверенного продуктового направления Анализ данных об итогах продаж Анализ текущего продукта на предмет выявления угроз, недостатков, требований покупателей к продукту (не учтенные в продукте) и информирование о них конструкторским, технологическим и производственным подразделениям для корректировки продукта, придания ему новых потребительских свойств Наблюдение за положением продукта на рынке (ходом продаж продукта, спросе на него), определение и анализ отношения потребителей к продукту Разработка стратегии продвижения продукта на рынок в рамках маркетингового плана компании Создание рекламных кампаний, презентаций, иных PR-акций, участие на выставках компании Разработка и защита финансово-экономического обоснования по новому продукту, разработка технико-экономического обоснования нового продукта Создание списка требований к характеристикам и себестоимости нового продукта Проведение презентаций продукта потенциальным покупателям и потребителям, тематических семинаров (профессиональное консультирование о потребительских свойствах и качествах продукта) Разработка ценовой политики по продукту, определение условий продажи товаров (системы скидок и льгот отдельным группам покупателей) Прогнозирование объемов продаж Составление бюджетов по продукту, расчет ожидаемой прибыли и рентабельности с момента внедрения продукта на рынок, определение возможности убытков для предприятия на первых этапах продвижения продукта и разработка предложения по их минимизации Отслеживание оборачиваемости складских запасов товарной группы, разработка и защита стратегии снижения неликвидных остатков, контроль их реализации Отслеживание ценовой политики и спроса на бренды конкурентов, определение позиции продукта относительно аналогичных или схожих продуктов конкурентов Подготовка отчетов руководству предприятия о проделанной работе Исполнение иных смежных обязанностей по продвижению и продаже продукта Мы ожидаем: Навыки работы с конструкторским отделом и разработчиками Знание конструктивных особенностей оборудования и технологии производства Уверенный пользователь ПК Высшее техническое/маркетинговое образование",https://hh.ru/vacancy/125533130
Менеджер по продукту/Product manager/Продакт-менеджер,Safe-tec,,,,,,От 1 года до 3 лет,ТК,5/2,,"ДМС, премии, кофе, чай","Разработка новых продуктов: характеристики, создание уникальных конкурентных преимуществ; Отслеживание инноваций на рынке СИЗ; Разработка технического задания на новый продукт совместно с конструкторским отделом с учетом потребностей рынка и конкурентной среды - до 70% рабочего времени; Анализ конкурентоспособности продукции; Вывод и продвижение на рынок B2B, партнерские мероприятия, профильные выставки Кого мы хотим найти: ОБЯЗАТЕЛЕН опыт создания и разработки непродовольственных продуктов с &quot;0&quot;; вывод их на рынок - укажите, пожалуйста, в сопроводительном письме какой продукт разрабатывали, все этапы вывода на рынок; Опыт работы в компаниях с собственным производством, где вы были инициатором вывода на рынок новинок;",https://hh.ru/vacancy/124711267
Продакт -менеджер,Детский мир,,,,,,От 1 года до 3 лет,ТК,5/2,,ДМС,"Создание продукта: производственная, продуктовая, маркетинговая экспертиза; Коммерческое сопровождение закупок и продаж, планирование; Поиск поставщиков и ассортимента; Договорная работа, взаиморасчеты.",https://hh.ru/vacancy/123070051
Менеджер по продукту/Продакт менеджер,Faberlic,,,,,,От 1 года до 3 лет,ТК,"5/2, 30/18",,"ДМС, форма, скидки, транспорт","участие в разработке концепции, философии и позиционировании серии/продукта, в разработке нейминга серии или продукта; написание маркетинговых текстов для продуктов; осуществление анализа рынка; брифовать дизайн-агентства и совместно с дизайнером разрабатывать дизайн-концепцию; написание ТЗ для лаборатории; выявлять неудовлетворительные параметры продукта, требования покупателей к продукту (не учтенные) и сообщать о них технологических и производственным службам; заведение номенклатуры, создание спецификации; помощь с ответами на вопросы из обратной связи; составление анкеты для тестирования продукции; работа с внутренней документацией",https://hh.ru/vacancy/113322075
Продакт-менеджер по ПЦР,Эпидбиомед-диагностика,,,,,'1-2,От 1 года до 3 лет,ТК,"1/2, 5/2",,,"Мониторинг рынка ПЦР тест-систем и анализ конкурентов Определение потребностей пользователей продукта Создание концепции и участие в разработке стратегии продвижения продукта на рынке, на основе потребностей пользователей продукта Разработка и защита бюджета для реализации стратегии продвижения продукта на рынке Организация и проведение апробаций ПЦР тест-систем Консультация клиентов по вопросам правильной постановки ПЦР тест-систем Обеспечение непрерывного совершенствования продукта Планирование работы по продукту, подготовка технических заданий, инструкций и распределение задач по исполнителям Участие в ценообразовании продукта Участие в формировании планов продаж, защита этих планов и ответственность за выполнение этих планов Презентация и защита продукта перед лицами принимающими решение действующих или потенциальных клиентов фирмы Поддержка контактов с руководителями организаций клиентов фирмы, анализ качества обслуживания клиентов, сбор обратной связи Консультирование менеджеров по продажам компании, проведение обучений",https://hh.ru/vacancy/124416132
Продакт-менеджер (в онлайн-школу XYZ),Ultimate Education,,,,,,От 1 года до 3 лет,ТК,5/2,,форма,"Разрабатывать и развивать линейку образовательных программ (курсы, интенсивы, мастермайнды) по GameDev-специальностям; Анализировать рынок онлайн-образования, потребности студентов и работодателей игровой индустрии; Формировать продуктовое видение, стратегию и roadmap образовательных продуктов; Приоритизировать гипотезы улучшения продукта (конверсия, удержание, NPS, завершение курсов); Тесно работать с командами методологов, преподавателей, разработки LMS/платформы, маркетинга, продаж, поддержки; Внедрять и анализировать A/B тесты (лендинги, программа курса, форматы обучения); Собирать и глубоко анализировать обратную связь от студентов, выпускников и партнеров-студий; Считать юнит-экономику образовательных продуктов (CAC, LTV, маржинальность). Что мы ожидаем: Опыт работы в продуктовой разработке: Не менее 2 лет на позиции Product Manager или Product Owner, предпочтительно в сфере EdTech; Глубокое понимание и опыт работы с ключевыми метриками онлайн-образования; Практический опыт работы с аналитическими платформами: DataLens, Яндекс.Метрика; Владение инструментами: Свободное владение Google Workspace (Документы, Таблицы, Презентации) для эффективной коммуникации, анализа и презентации; Финансовое моделирование (Unit-экономика): Навык построения и расчета финансовых моделей образовательных продуктов, анализ юнит-экономики, понимание ключевых драйверов прибыльности и рентабельности; Базовые знания игровой индустрии (GameDev): Понимание основных игровых дисциплин, знание этапов жизненного цикла разработки игр и знание ключевых игроков/рынков.",https://hh.ru/vacancy/123715807
"Продакт-менеджер направления «Клеммы электротехнические""","Провенто, ГК",200.0,,,,,От 3 до 6 лет,ТК,64/27,2 раза в месяц,"питание, корпоративное питание, форма, бонус, обучение","Формирование и улучшение ассортиментной матрицы и политики ценообразования на основе конкурентного анализа рынка и потребностей целевой аудитории Создание стратегии продукта, определение его преимуществ с формированием УТП для целевой аудитории, создание маркетинговой стратегии продвижения продукта Участие в разработке продукта для обеспечения соответствие продукта стратегическим целям и потребностям рынка Оценка и тестирование продукта на этапах разработки для обеспечения его надежности и функциональности, получение и продление сертификатов и нормативных документов на продукцию Продвижение продукта на рынке, проведение маркетинговых и рекламных компаний, участие в выставках, проведение тематических презентаций, семинаров и обучения сотрудников партнеров по продукту Совершенствование продукта, расчет ценообразования и методов его продвижения на рынке на основе полученной обратной связи от клиентов, внесение необходимых изменений Развитие существующих и привлечение новых клиентов на территории по продукту Участие в проектных продажах, продвижение решений в проектных организациях и отделах партнеров Сбор информации о конкурентах и продуктах на территории, подготовка отчетной документации.",https://hh.ru/vacancy/125327012
Бренд-директор / продакт-менеджер,Торговый Дом Небо,200.0,400.0,,,,От 3 до 6 лет,ТК,5/2,,,"Внедрение бренд-стратегии и креативной концепций позиционирования бренда; Разработка и реализация бренд-маркетинговых проектов, направленных на развитие бренда и рост имиджевых показателей; Реализация брендовых коллабораций с партнерами и спецпроектов; Развитие региональной экспансии и запуск кампаний и проектов на рост узнаваемости бренда по всей России ; Создание и внедрение в работу новых трендов, мониторинг конкурентов и положения бренда; Управление бренд командой, включая найм. Развитие творческого потенциала команды; Операционное управление брендом: бюджетирование направления, сверки доходов/расходов, аналитика.",https://hh.ru/vacancy/124923913
Продакт менеджер,Хирана+,110.0,150.0,,,,От 3 до 6 лет,ТК,5/2,,"кофе, чай","Изучение и подготовка полного комплекта материалов по медицинскому оборудованию (технические характеристики, материалы, презентация медицинского оборудования, стратегия продвижения); Проведение конкурентного анализа, исследование рынка; Взаимодействие с клиентами по продукту, участие в переговорах с клиентами; Экспертная поддержка команды - консультирование менеджеров по спецификациям, позиционированию оборудования, оценке рыночной стоимости, подготовке апробаций и рекламных материалов; Организация и проведение конференций, внутреннего обучения сотрудников компании, поиск новых заказчиков; Взаимодействие с отделом маркетинга, отделом продаж, логистикой службой; Формирование коммерческого предложения",https://hh.ru/vacancy/124512064
Продакт-менеджер,Космофьюжен,,,,,,От 3 до 6 лет,ТК,5/2,,форма,"Изучение и мониторинг рынка, целевой аудитории и конкурентов для выявления потребностей клиентов в новых продуктах; Оценка спроса и прогнозирование объема продаж на продукт или услугу для принятия решения о его запуске; Поиск и проработка производителей упаковки продукции на территории РФ, РБ, Китай; Согласование дизайна и информации на упаковке, согласно действующему законодательству; Формирование ценообразования по продукту, расчет рентабельности и плановых метрик (продажи, оборот и др.); Создание и презентация продуктовой стратегии с этапами разработки и развития продукта; Доработка и развитие продукта после его запуска; Организация тестирования новой продукции на фокус-группах",https://hh.ru/vacancy/122463638
Продакт-менеджер (КБТ),Körting,,200.0,,,,От 1 года до 3 лет,ТК,5/2,,,"Анализ рынка и работа с ассортиментной матрицей; Управление полным циклом разработки и вывода на рынок продуктов; Поиск поставщиков и контроль производства на всех этапах; Ценообразование, анализ эффективности ассортимента; Разработка УТП продукта; Разработка комплекса маркетинговых коммуникаций и креативных разработок по продвижению продуктов.",https://hh.ru/vacancy/124479948
Продакт-менеджер (Product manager) / Менеджер по продукту (женская одежда),kaóko,100.2,,,,,От 1 года до 3 лет,ГПХ,5/2,,,"анализировать рынок, тренды и продажи, формировать идеи новых коллекций и изделий; разработка новых коллекций и изделий, контроль разработки полного цикла: от идеи до передачи в массовый пошив; подбор ткани, материалов, фурнитуры; поиск подрядчиков (фабрики, конструктора, швеи, технологи) и взаимодействие с ними; контроль себестоимости и маржинальности изделия; оформлять документацию и взаимодействовать с командой на всех этапах; участвовать в подготовке фотосъёмок.",https://hh.ru/vacancy/124789558
"Продакт-менеджер (периферийные устройства, мобильные ПК)",РДВ Технолоджи,,,,,1.0,От 3 до 6 лет,ТК,5/2,,"форма, подарки","Ведение вверенной продуктовой категории (ноутбуки, клавиатуры, мыши); Анализ рынка конкурентов; Выявление потребностей рынка (перспективы и тренды отрасли); Разработка и реализация продуктовой стратегии и стратегии продаж с учетом анализа рынка; Управление жизненным циклом продуктов; Планирование продаж и бюджета закупок для поддержания склада; Контроль оборачиваемости склада; Управление группой разработки; Подготовка технических заданий и распределение задач по исполнителям; Контроль тестирования нового продукта, своевременное внесение корректировок в Т3 продукта с отделом разработки; Контроль обеспечения отдела сертификации необходимой документацией; Запуск продукта совместно с производством в серию; Поддержания актуальности продуктов на протяжении всего жизненного цикла, внесение доработок при необходимости; Разработка новых ассортиментных линеек по существующим продуктам; Подготовка курса обучения и презентаций по новому продукту для отделов продаж и партнеров; Техническая поддержка по продукту сотрудникам отдела продаж",https://hh.ru/vacancy/124922613
Product Manager B2B SaaS (Продакт менеджер),Stayfitt,200.0,,,,,От 3 до 6 лет,ТК,5/2,,форма,Собирать потребности пользователей и превращать их в понятные задачи. Формулировать гипотезы и проверять их данными. Приоритизировать бэклог и поддерживать актуальный...,https://hh.ru/vacancy/124587101
Продакт-менеджер (косметика),Восточная Дистрибьюторская Компания,,,,,,От 1 года до 3 лет,ТК,5/2,,"форма, скидки","Полный цикл запуска продуктов с 0, управлять продуктовой разработкой Участвовать в формировании продуктовой линейки и концепта Разработка продуктов совместно с технологами, написание ТЗ, чтение состава косметики, понимание рынка ингредиентов Взаимодействие с дизайнерами, написание ТЗ/брифов на упаковку, листовки, карточки на маркетплейсы Курирование и проверка дизайна, верстки этикетки и макетов Написание маркетинговых текстов Разработка, создание информационных материалов по продукции Активное взаимодействие с поставщиками и смежными подразделениями Контроль сроков исполнения задач по запуску/выводу продукта Развитые коммуникативные навыки. Умение выявлять потребности и формировать на их основании четкое ТЗ",https://hh.ru/vacancy/125006383
Менеджер по упаковке/Продакт-менеджер,ГК Дамате,,,,,,От 1 года до 3 лет,ТК,5/2,2 раза в месяц,"ДМС, форма, подарки, скидки","Разработка и согласование этикеток для новых продуктов (техническая часть); Корректировка текущих этикеток (смена юр адресов, изменения в требованиях и т.д.); Предоставление информации по этикеткам (отправка материалов торговым командам, на площадку при приёмке, общение с поставщиками ТУМов); Предоставление полного пакета материалов для регистрации продукта; Контроль сработки старых ТУМов и замена на новые; Учет ТУМов, контроль неликвидов;",https://hh.ru/vacancy/125398677
Продакт-менеджер,А101,,,,,,От 3 до 6 лет,ГПХ,5/2,2 раза в месяц,"ДМС, форма, подарки, скидки, обучение","Разработка идеи проекта, USP проекта. Определение основных параметров продукта – функциональное назначение, класс, генплан, квартирография, планировочные решения, архитектурные решения фасадов, дизайн интерьеров мест общего пользования, концепция безопасности, концепция благоустройства. Выработка решений и согласование по вопросам, возникающим в процессе проектирования (соответствие концепции, планировочные решения, фасады и т.д.) Управление разработкой проекта на всех стадиях реализации. Коммуникации с внешними и внутренними подрядчиками – тендер, постановка ТЗ, отслеживание качества и сроков выполнения работ. Управление разработкой экстерьеров фасадов, интерьеров мест общего пользования, отделкой квартир, благоустройства. Участие в разработке маркетинговых материалов для продающего подразделения (рендеры, офис продаж, макет проекта физический и виртуальный) – формирование ТЗ совместно с отделом рекламы, проверка материалов на соответствие проекту, согласование материалов. Контроль внедрения решений и донесения информации до сотрудников Департамента девелопмента и Коммерческого департамента. Контроль качества выполняемых работ по отделке мест общего пользования, квартир, благоустройства и их соответствия проекту. Формирование ведомости для устранения замечаний. Контроль корректного отображения информации по продукту для клиента: буклеты, сайт, реклама, менеджеры продаж, сотрудники call-центра. Проведение тренингов для менеджеров продаж и сотрудников call-центра перед стартом продаж, помощь в работе с возражениями, позиционированием для отдельных аудиторий. Разработка и внедрение новых продуктов на основании бенчмаркинга конкурентов и анализа мировой практики.",https://hh.ru/vacancy/124586026
Продакт менеджер,Инноватор Косметикс,,,,,,От 1 года до 3 лет,ТК,5/2,,"премии, подарки","Составление технической документации; Проверка и утверждение этикетки; Контроль полного цикла запуска продукта до полки; Решение вопросов возникающих в процессе производства новых продуктов; Разработка ассортиментной матрицы, расчет себестоимости; Подбор и тестирование новой тары для продукта; Подготовка и проведение презентаций продуктов; Мониторинг рынка аналогичных товаров и услуг; Контроль расчетов с заказчиками, сопровождение документооборота.",https://hh.ru/vacancy/124289787
"Продакт-менеджер (бытовая химия, косметика)",Синергетик,,,,,,От 3 до 6 лет,ТК,5/2,,"обучение, кофе, чай","Производство продукции от идеи до реализации (бытовая химия, косметика и пр.); Полный цикл запуска новинок от идеи до готовой продукции на складе; Анализ конкурентной среды, формирование ТЗ для разработки готового продукта (ценовое позиционирование, ключевые клеймы, целевая сс и т.д), поиск и выбор упаковки, формирование ТЗ для дизайнеров; Тестирование продукта; Формирование и контроль графика производства новинок; Подготовка материалов для внутреннего обучения по существующим и новым продуктам, проведение презентаций; Участие в разработке маркетинговой поддержки: POS-материалов, аннотаций, карточек товара, описания и т.д. (совместно с маркетологом компании); Подготовка и проведение презентаций, рекламных материалов для коммерческого отдела, обучение сотрудников компании; Анализ обратной связи от потребителей, работа с рекламациями.",https://hh.ru/vacancy/122297192
Продакт-менеджер (полимерные добавки),Обособленное Подразделение Полипласт Новомосковск,,,,,,От 1 года до 3 лет,ТК,5/2,,форма,"Разработка бизнес-модели продвижения продуктов компании. Разработка продуктовой стратегии и ее реализация в соответствии с бизнес стратегией компании. Поиск информации, исследование и анализ рынка, конкурентных преимуществ продукции компании, ее позиционирование. Подготовка и участие в семинарах, выставках и конференциях. Участие в планировании, прогнозировании продаж, ценообразовании и продвижении продукции. Поддержка информационных ресурсов, создание и обновление POS-материалов.",https://hh.ru/vacancy/123148571
Продакт-менеджер / Бренд менеджер / Руководитель проекта,МЕТИЗ ИМПЭКС,220.0,,,,,От 3 до 6 лет,ТК,20/40,,"ДМС, скидки","Разработка, внедрение стратегии и тактики продвижения продукта на рынке (дистрибуция через мелкосетевую розницу и маркетплейсы). Поиск ключевых проблем и точек...",https://hh.ru/vacancy/115950087
Младший продакт-менеджер БАД,Авексима,,,,,,От 1 года до 3 лет,ТК,5/2,,"ДМС, форма, подарки, скидки, кофе, чай","Разработка стратегии - формировать видение и цели для нашего продукта. Маркетинговая аналитика - проводить исследование рынков, конкурентов и потребностей наших клиентов. ",https://hh.ru/vacancy/117286572
Продакт-менеджер (светотехника),ИН ХОУМ,200.0,,,,,От 1 года до 3 лет,ТК,5/2,,,"Управление вверенной товарной категорией: Анализ конкурентного окружения и рынка производителей по своей категории продукции; Разработка и вывод новых продуктов на рынок; конструктивные доработки текущих продуктов; Работа с поставщиками (ЮВА, КНР), поиск новых поставщиков; ведение переговоров по улучшению коммерческих условий поставки, цены продукта; Анализ качества поставляемого продукта, проработка с поставщиком размещаемых модификаций; Посещение ключевых выставок и заводов производителей; Формирование заказов по своей категории; Участие в разработке листовок, презентаций, листингов, каталогов, упаковки. Работа в офисе.",https://hh.ru/vacancy/122796928
Продакт-менеджер БАД,Авексима,,,,,,От 3 до 6 лет,ТК,5/2,,"ДМС, форма, подарки, скидки, кофе, чай","Разработка стратегии - формировать видение и цели для нашего продукта. Маркетинговая аналитика - проводить исследование рынков, конкурентов и потребностей наших клиентов. ",https://hh.ru/vacancy/125350138
Ведущий продакт-менеджер (fashion),PUSY (Дрожь Бьюти),,180.0,,,,От 3 до 6 лет,ТК,5/2,,"форма, подарки, кофе","Управление полным циклом разработки продукта: от идеи до запуска. Формирование концепции и ассортиментной матрицы. Анализ рынка, конкурентов и поиск бенчмарков. Работа с производственными площадками: выбор и контроль поставщиков, контроль качества и сроков реализации. Синхронизация процессов со смежными командами и бизнес-заказчиком. Ценообразование, калькуляция и анализ эффективности ассортимента. Подготовка и проведение презентаций этапов разработки и готового продукта. Ведение отчетности и контроль показателей по новым продуктам. От нас: Конкурентный оклад (обсуждается с успешным кандидатом) Работа в офисе (10 минут от м. Белорусская). Удалённый формат не предусмотрен. График 5/2, с 10:00 до 19:00. Вся необходимая техника. Атмосфера без формальностей: без дресс-кода, с кофе, фруктами и заботой о команде. Скидка 50% на продукцию брендов. Welcome-pack и подарки на праздники. Возможность гордиться продуктом: мы делаем качественный продукт, соответствующий трендам рынка. Как откликнуться: Если тебе близка эта роль, в сопроводительном письме расскажи: С какими производствами и в каких странах ты работал (а). Какие зоны ответственности у тебя были в роли руководителя разработки продуктов. Каким проектом в продуктовой разработке ты гордишься больше всего.",https://hh.ru/vacancy/124662456
Менеджер продукта / Продакт-менеджер,Останкинский мясоперерабатывающий холдинг,126.6,168.8,,,,От 1 года до 3 лет,ТК,5/2,,"премии, скидки, обучение",Полное ведение продуктовой категории совместно с Руководителем. Работа с текущим ассортиментным портфелем и показателями эффективности категории. Стратегическое планирование развития категории. ,https://hh.ru/vacancy/125393675
Продакт - менеджер СТМ (формат Дискаунтер В1),"МАГНИТ, Розничная сеть",,,,,,От 3 до 6 лет,ТК,5/2,,"ДМС, страхование, форма, скидки, кофе","Разработка и контроль выполнение стратегии СТМ; Формирование и контроль плана запуска новинок СТМ; Запуск новых брендов СТМ (совместно с бренд-агентствами); Организация и сопровождение процесса разработки новых товарных позиций СТМ; Анализ рынка, форматных конкурентов в части СТМ; Контроль и достижение показателей эффективности позиций СТМ; Согласование визуализаций по разработанным товарным позициям; Взаимодействие со смежными подразделениями по вопросам регистрации новых товарных знаков; Взаимодействие с поставщиками и производителями по вопросам производства и поставки позиций СТМ. Для нас важно: Высшее образование; Опыт работы на аналогичной должности от 3 лет; Уверенный пользователь MS Excel; Аналитический склад ума, развитые коммуникативные навыки.",https://hh.ru/vacancy/125233831
"Продакт-менеджер, Менеджер по продукту (электроника)",NetLab,250.0,,,,,От 1 года до 3 лет,ТК,5/2,,форма,"1. Ведение категории. 2. Организация производства на фабриках в Китае. 3. Расчет цен и основных бизнес показателей. 4. Регулирование продаж ценовыми изменениями. 5. Анализ категории, конкурентов. 6. Участие в формировании ассортимента. 7. Подготовка информационных материалов, проведение тренингов для отдела продаж. Необходимые качества: Аналитический склад ума, умение систематизировать информацию; Целеустремленность, инициативность, самоорганизация; Интерес к технике, компьютерам, сфере интеллектуальных технологий.",https://hh.ru/vacancy/115924898
Продакт-менеджер (Модульное оборудование),TDM ELECTRIC,140.0,350.0,,,,От 1 года до 3 лет,ТК,5/2,,"премии, бонус, бонусы","Вывод и продвижение на рынок продукции товарных направлений, закреплённых за <highlighttext>продактом</highlighttext>. Аналитическая работа – мониторинг рынка конкурентов, составление планов развития. ",https://hh.ru/vacancy/125494625
Продакт-менеджер (Архитектурные покрытия),О3-Коутингс,,,,,,От 3 до 6 лет,ТК,5/2,,"ДМС, страхование, подарки, проезд, транспорт","Изучение продукта (глубокое погружение в категорию, его свойства, специфику производства). Исследование рынка и разработка идеи: изучение трендов, изучение технических и качественных характеристик товара, прогноз продаж, разработка ряда гипотез о необходимости новых продуктов. Продвижение продукта через онлайн-каналы: соцсети, email-рассылки, таргетированная реклама. Понимание и формирование плана продвижения в канале E-com. Участие в процессе ценообразования, расчет себестоимости и определение рыночной цены. Разработка стратегии продвижения направления архитектурные покрытия. Планирование и отслеживание рекламных кампаний, мероприятий. Участие в создании фотосессий, видеороликов, контента для социальных сетей. Подготовка отчетов по результатам продаж и эффективности кампаний. Пожелание к Вам, как к кандидату: Высшее образование (желательно техническое, химическое). Опыт работы в области маркетинга и B2B продажах, идеален опыт в сфере ЛКМ. Знание специфики рынка архитектурных покрытий. Опыт разработки с технически-сложным товаром на рынке. Удачные кейсы внедрения новых продуктов или улучшении текущих. Аналитические способности и умение работать с большим ассортиментом товаров, внимательность, ответственность. Владение графическими пакетами.",https://hh.ru/vacancy/124751772
Пресейл-менеджер / Продакт-менеджер (системы мультимедиа),Цифра,130.0,160.0,,,,От 3 до 6 лет,ТК,5/2,,обучение,"Поддержка продаж брендов (ценообразование, техническая поддержка по продукту и пр.) Формирование прайс-листов Планирование закупок, оптимизация ассортимента, формирование заказов поставщикам и стоковых закупок, работа с поставщиками и компаниями-перевозчиками Подготовка спецификаций и коммерческих предложений согласно ТЗ Технические консультации и техническая поддержка по продукту Презентации и обучение клиентов Продвижение товаров в данной категории, участие в выставках и семинарах и пр.",https://hh.ru/vacancy/125428239
Продакт-менеджер (Fashion),NOTA BENE,150.0,,,,,От 3 до 6 лет,ТК,5/2,,,"Управление полным циклом производства на контрактных производствах (Китай, Киргизия) (сорсинг, запрос цен, производственный аудит, разработка и утверждение образцов, костинг, инлайн, онлайн и финальный контроль качества, логистика, подписание договора и всех необходимых к нему приложений) Участие в разработка ассортиментной матрицы Анализ и прогнозирование модных тенденций, выбор актуальных моделей Работа с отделом логистики, ВЭД Ведение календарей разработки коллекций и их производства",https://hh.ru/vacancy/124550512
Продакт менеджер,Faberlic,,,,,,От 1 года до 3 лет,ТК,5/2,,"форма, скидки, транспорт","Координация и контроль процесса разработки и производства новинок; Разработка концепций новых продуктов и стратегии их продвижения; Взаимодействие с поставщиками; Разработка и контроль за реализацией стратегии развития категории макияжа (регулярный анализ продаж и ассортимента; мониторинг и анализ конкурентов, трендов, инноваций; выявление тенденций, рисков, возможностей); Мониторинг и анализ конкурентов, трендов, инноваций; Координация работы со смежными отделами (в т.ч. брифы и тех задания на представление новинок в каталоге, на сайте и в соц. сетях); Разработка ценовой политики по продукту; Подготовка документов для регистрации и сертификации; Переговоры с поставщиками и оптимизация стоимости продукции. Анализ продаж и ассортимента. Подготовка карточек продуктов с описанием для маркетинговых целей (каталог, сайт, МП, соцсети и т.д.). Ведение номенклатурного справочника, карточек товаров (1С, сайт). Подготовка макетов этикеток продукции (совместно с дизайнером). Координация работы со смежными отделами (закупки, маркетинг и т.д.). Координировать потребительские тестирования, составлять анкеты для тестирования продукции",https://hh.ru/vacancy/123434031
Старший Продакт Менеджер / Senior Product Manager (платежи),Топассистент,,,,,,Более 6 лет,ТК,5/2,,медицинская страховка,"Разрабатывать и совершенствовать платёжные процессы: Smart Routing, PSP Aggregation, Open Banking. Создавать UX/UI-концепции и прототипы платёжных интерфейсов, проводить...",https://hh.ru/vacancy/124799530
Продакт-менеджер/Байер,Мэри Трюфель,100.0,,,,'9-18,От 1 года до 3 лет,ТК,"5/2, 9/18, 10/19, 11/20",,обучение,"Разработка ассортиментной матрицы, эффективное развитие и контроль действующего прейскуранта (розничные продажи, опт, маркетплейсы); Контроль ценообразования в категориях; Участие в разработке дизайна продукта; Коммуникации со смежными подразделениями компании (работа с собственными производствами, отделом разработки моделей и т.д.); Разработка, согласование и контроль надлежащего исполнения особенностей производства товара; Контроль сроков производства и отгрузок; Формирование стратегии позиционирования продукта, эффективное развитие ассортиментных матриц в категориях; Анализ рынка и конкурентов для определения актуальных тенденций; Определение портрета ЦА для выбранного товара; Составление отчетности по итогам работы.",https://hh.ru/vacancy/125070211
Продакт менеджер (Бытовая кухонная техника),Премиум Кеа Груп,150.0,250.0,,,,От 1 года до 3 лет,ТК,5/2,2 раза в месяц,"ДМС, форма, премии, бонус, бонусы, подарки, обучение","1. Инициация и формирование концепции продукта : Проведение анализа рынка РФ и международных аналогов (объём, тренды, конкуренты, слабые/сильные стороны); Определение целевой аудитории, ценового позиционирования, прогноз продаж и маржинальности; Подготовка и согласование первичного продукт-листа 2. Выбор и взаимодействие с поставщиками: Поиск поставщиков; Участие в переговорах по ключевым условиям производства и качества 3. Работа с образцами и тестированием 4. Подготовка к запуску: Подготовка финансовой модели (расчет unit-экономики (себестоимость, розничная цена, маржа)) и анализа рисков; Курирование дизайнеров и маркетинга по упаковке, карточкам товара, инструкциям и контенту; Контроль сроков сертификаций и готовности материалов Подготовка технического задания (ТЗ); Сопровождение разработки - если создаётся продукт с нуля 5. Контроль производства и поставок 6.Приёмка товара и работа с браком: Совместная работа с ВЭД и логистикой по актам брака; Принятие управленческих решений (возврат, компенсация, утилизация, скидка) 7. Запуск продаж и обучение 8. Постанализ и развитие продукта: Сбор обратной связи от сервиса, продаж, клиентов; Анализ эффективности запуска (продажи, ROMI, отзывы, возвраты); Подготовка итоговых отчётов для руководства; Инициация доработок продукта 9.Работа с упаковкой и аксессуарами 10.Документация и процессы: Ведение актуальной документации по продукту: ТЗ, протоколы испытаний, спецификации; работа с шаблонами, регламентами, систематизация знаний 11. Коммуникации и управление проектом: Ведение всех коммуникаций и контрольных точек в Битрикс24; Координация процессов между инженерами, дизайнерами, производством, логистикой, маркетингом, креаторами, менеджерами и аналитиками; Участие в развитии инструментов аналитики и дашбордов 12.Контроль продаж : Подготовка ежемесячных отчетов по своим продуктам ( выручка, маржа, затраты) Совместно с отделом продаж разрабатывать стратегии ( по цене/продукту) 13. Управление текущей ассортиментной матрицей и обновлением SKU Отслеживание метрик, выявление сигналов для обновления, вывод маржинальных продуктов, доработка текущих или вывод из продажи низкомаржинальных продуктов Наши ожидания: Опыт ведения продукта от идеи до серийного запуск; Релевантный опыт работы от 3-х лет ; Навыки написания технической документации для разработки; Понимание основ UI/UX и логики взаимодействия с пользователем; Умение работать с unit‑экономикой, анализом фидбека и метрик; Опыт взаимодействия с инженерами, дизайнерами, маркетингом, продажами.",https://hh.ru/vacancy/124831454
"Продакт-менеджер (категория ""Одежда"")",Валюжинич Екатерина Олеговна,150.0,,,,'2-3,От 3 до 6 лет,ГПХ,"2/3, 5/2",,,"Анализировать рынок, аудиторию и тренды (российские и мировые) Планировать и развивать ассортиментную матрицу Разрабатывать новые продукты и улучшать текущий ассортимент Работать с конструкторами, дизайнерами, технологами и производствами Участвовать в создании технических заданий, технологических карт, фотосессий, упаковки и карточек товара Контролировать вывод позиций в установленные сроки Обеспечивать выполнение ключевой цели: ассортимент, который приносит маржу, формирует лояльность и обеспечивает лидерство на рынке Мы ждем от кандидата: Опыт работы продакт-менеджером в одежде от 2–3 лет в компаниях с большими оборотами Умение работать с конструкторами, технологами, дизайнерами, производствами Понимание технологий текстильного производства, знание тканей и материалов Навыки бизнес-аналитики (Excel), расчета unit-экономики Опыт вывода продукта в компаниях с выручкой от 20 млн/мес Наличие базы подрядчиков (производства, поставщики тканей) Образование конструктора или дизайнера - преимущество Личные качества: Проактивность и автономность Структурность, системность, умение выстраивать процессы Способность выстраивать эффективную коммуникацию Стремление создавать сильный продукт, соблюдая дедлайны Лидерство в своей зоне ответственности",https://hh.ru/vacancy/124340334
Менеджер по размещению заказов (Узбекистан/Киргизия) / Продакт менеджер,Сельская Дарья,71.0,78.0,,,,От 1 года до 3 лет,ГПХ,"20/30, 5/2",Еженедельно,обучение,"Поиск и подбор швейных цехов, фабрик и контрактных производств в Узбекистане и Киргизии. - Проведение переговоров с подрядчиками, заключение договоренностей. - ",https://hh.ru/vacancy/125267882
Младший продакт менеджер,Русклимат,,120.0,,,,От 1 года до 3 лет,ТК,5/2,Ежемесячно,"ДМС, форма, скидки, обучение","Участие в продвижении категорий: вент установки Наполнение карточек товара, заполнение характеристик и описаний Поддержка актуальности информации на брендовых сайтах Актуализация графика поставок техники, распределение техники по департаментам продаж согласно бюджету Подготовка маркетинговых материалов совместно с дизайнерами (баннеры, листовки, каталоги, видео, рич-контент) Подготовка информации для создания сертификатов, инструкций, упаковки Участие в формировании учебных материалов, проведение обучения по продукту Что мы ожидаем от кандидата: Уверенный пользователь Excel, Power Point, ERP Релевантный опыт работы от 1 года (желательно по направлению оборудования) Высшее образование Аналитический склад ума, самостоятельность, ответственность Работа в нашей команде это: Комфортный современный офис: м. Водный стадион или м. Коптево, 10 мин. пешком или 3 мин на корпоративном автобусе; График работы: 5/2 с 10:00 до 19:00; Уровень заработной платы формируется из оклада и ежемесячного KPI; Мы полностью соблюдаем ТК РФ: вся заработная плата «белая», официальное трудоустройство с первого дня работы, оплачиваемый отпуск, больничный; Расширенный ДМС; Отсутствие строгого дресс-кода; Компенсация мобильной связи; Профессиональный рост, возможность повышения квалификации, личного развития; Уникальное бесплатное обучение в собственном Корпоративном Университете; Скидки на продукцию компании.",https://hh.ru/vacancy/124584841
Продакт-менеджер (проекты),ПЕТЕР-СЕРВИС Спецтехнологии,,,,,,От 1 года до 3 лет,ТК,5/2,,"ДМС, форма, кофе, чай","1. Поддержка и развитие функциональности личных кабинетов по следующим услугам: услуга ОФД (передача данных о чеках в ФНС); Ferma (облачная касса); Renta (сервис для ТРЦ сбора и аналитики данных с касс о выручке арендаторов); ЭДО.Поток (сервис электронного документооборота); электронные чеки (логика, биллинг и визуализация статистики отправок эл.чеков покупателям); маркировка (передача данных о маркированных товарах в ЦРПТ через ОФД и ЭДО); QR Cash (API сервис для проверки чеков); запуск и развитие новых продуктов. 2. Выступать в роли продуктового менеджера в зоне поставленных задач: управление полным циклом разработки функциональности: подготовка ТЗ на разработку и дизайн, защита решения, приемка разработки, анализ обратной связи от клиентов; предложение улучшений по существующей функциональности и реализация новой; операционная поддержка существующих продуктов; сбор, анализ необходимых данных для эффективной реализации новой функциональности (соответствие требованиям ФЗ, отсутствие конфликтов со смежными ИТ продуктами, анализ конкурентов, изучение внутренней документации и т.д.); с ростом экспертизы по продуктам - возможно получение целиком всего ИТ продукта в зону ответственности Ты наш идеальный кандидат, если готов к: Горящим задачам; детальной аналитике интерфейсов; борьбе с багами; работе с API и интеграциями; смене приоритетов; глубокому погружению в логику работы продукта; высокому темпу работы; аварийному менеджменту; взаимодействию с гос. документацией; большому объему информации Наши преимущества: работа одновременно с несколькими сервисами разной направленности; коммуникации и согласования напрямую с первыми лицами компании; отсутствие бюрократии и длительных согласований доработок продукта; быстрый результат своих трудов на проде; возможность публичных выступлений для клиентов и партнеров на вебинарах и проведения обучений по продукту для сотрудников компании; выделенные дизайнеры для любых творческих экспериментов; внутренняя команда разработки",https://hh.ru/vacancy/124964279
Продакт менеджер по мобильной электронике и аксессуарам,Транс - Гаранд,150.0,200.0,,,,От 3 до 6 лет,ТК,5/2,,,Управление жизненным циклом продукта от идеи до вывода на рынок. Взаимодействие с поставщиками для обеспечения своевременных поставок и оптимизации условий сотрудничества. Планирование и контроль складских остатков для поддержания оптимального уровня запасов. Участие в составлении коммерческих предложений и стратегий продвижения. Анализ рынка и конкурентной среды для выявления новых возможностей. Работа с 1С для расчета себестоимости и анализа финансовых показателей.,https://hh.ru/vacancy/124606663
Продакт-менеджер направления Молекулярная диагностика,МедБизнесКонсалтинг,,,,,,От 1 года до 3 лет,ТК,30/18,,"ДМС, питание, корпоративное питание, форма, премии, подарки","Осуществлять анализ рынка по направлению продукции, конкурентной среды и трендов развития рынка; Предоставлять информацию о потенциальных клиентах и инструментах, позволяющих продавать продукцию Компании; Осуществлять подбор продукта по техническому заданию, описанию клиентов и предоставляет оптимальное решение для работы клиентов; Проводить конкурентный анализ и анализ ценообразования на рынке; Принимать участие в разработке политики ценообразования; Взаимодействовать с поставщиками по продукции направления. Осуществлять проведение маркетинговых исследований по направлению. Осуществляет проведение обучающих программ внутри компании и для клиентов. Осуществлять разработку маркетинговых материалов. Осуществлять организацию апробаций и демо-программ. Осуществлять презентацию продукции: реактивы, расходные материалы, оборудование по направлению. Принимать участие в маркетинговых мероприятиях, вебинарах и конференциях. Осуществлять проведение обучающих программ внутри компании и для клиентов. Осуществлять ведение базы данных продукции направления. Осуществлять создание информационных и обучающих материалов, перевод документации по направлению. Взаимодействовать с другими подразделениями Компании в рамках выполнения своих должностных обязанностей.",https://hh.ru/vacancy/124431691
Продакт-менеджер по сетевому оборудованию,F5it,150.0,250.0,,,,От 1 года до 3 лет,ТК,5/2,,"ДМС, форма, подарки, обучение","Управление ассортиментом: формирование и развитие продуктовой линейки, контроль оборачиваемости и маржинальности, запуск перспективных продуктов и вывод нерентабельных позиций; Работа с вендорами и поставщиками: ведение переговоров, получение спеццен и эксклюзивных условий, отгрузки, участие в маркетинговых программах, построение долгосрочных отношений; Аналитика и развитие категории: мониторинг рынка и конкурентов, выявление трендов, подготовка аналитических отчётов, формирование предложений по развитию направления; Поддержка продаж: консультирование менеджеров и клиентов по ассортименту, ценообразование, подготовка технико-коммерческих предложений, участие в пресейл-сопровождении, обучение сотрудников; Финансовый результат: контроль выполнения планов по обороту, валовой прибыли и оборачиваемости склада, оптимизация закупок и повышение доходности направления.",https://hh.ru/vacancy/125153238
Продакт-менеджер на мобильные аксессуары,СДС,250.0,300.0,,,,От 3 до 6 лет,ТК,5/2,Ежемесячно,форма,"Оценка потенциала роста и создание долгосрочных стратегий развития по товарному направлению. Работа с показателями по выручке, рентабельности, СНЗ, НС, оборачиваемости склада. Работа с ассортиментом: поиск поставщиков (Китай, Россия и другие страны) с целью создания конкурентных товарных группы: поиск и заведение новинок с целью расширения ассортимента, поиск трендовых и современных позиций, контроль прихода новинок и заведение новинок клиентам компании. Работа с маркетингом: Формирование полноценной маркетинговой компании по продвижению бренда с нуля. Работа с отделом продаж: заведение и продвижение продукции в каналы DIY, FMSG и E-comm. Проведения внутреннего и внешнего обучения по своему товарному направлению. Выполнение плановых коммерческих показателей в разрезе товарного направления. Командировки в Китай 2 раза в год и по России 1 раз в месяц к ключевым клиентам.",https://hh.ru/vacancy/124093082
Младший продакт-менеджер по серверам,РДВ Технолоджи,,,,,,От 1 года до 3 лет,ТК,5/2,Ежемесячно,подарки,"Развитие серверного оборудования третьего поколения (Gen3); Доработка защит для КТРУ; Модернизация и апгрейд серверных решений; Контроль качества продукции и оптимизация затрат; Взаимодействие со смежными подразделениями Компании (отдел разработок, коммерческий департамент, производство и т. д.).",https://hh.ru/vacancy/123974655
Продакт-менеджер (ТМ Sanfor),Ступинский химический завод,,,,,,От 1 года до 3 лет,ТК,5/2,,обучение,"Разрабатывать и управлять бюджетом, контроль за эффективным использованием маркетинговых ресурсов по брендам Sanfor , Чистин ; Участвовать в разработке стратегии бренда и стратегии развития категории: портфельное управление; Управлять ассортиментной политикой брендов Sanfor, Чистин , включая разработку новых продуктов, оптимизацию существующего портфеля и вывод продуктов из ассортимента; Участвовать в разработке коммуникационной и медиа стратегии; Регулярно анализировать ключевые показателеи бренда: BHT, Nielsen, Sell Out, off-take, АКБ, рентабельность по бренду в разрезе категорий; Регулярно анализировать рынок: динамика долей рынка, продаж и других показателей ключевых игроков, анализ конкурентов; Лидировать тактические активации по поддержке брендов с высокой долей кросс-категорийного взаимодействия (команды: трейд, диджитал, финансы, продажи, коммуникации, e-commerce) Подготовливать коммуникационные материалы (Selling story для отдела продаж, KV, контент для e-com) Работать с командой продаж для обеспечения эффективного продвижения бренда в торговых точках; Что ты получишь: Оформление по ТК РФ; Испытательный срок 3 месяца; График работы 5/2 с 8:00 до 17:00 (с 9:00 до 18:00) (выходной - суббота, воскресенье); Корпоративное обучение; Корпоративные мероприятия. Уровень заработной платы обсуждается по результатам собеседования. С удовольствием отвечу на интересующие вопросы, твой HR Валерия.",https://hh.ru/vacancy/122142647
Технолог / Продакт - менеджер / специалист ОТК (вязаный трикотаж),Galala Brand,,,,,,От 3 до 6 лет,ГПХ,64/27,,проезд,Организация выездной проверки партий изделий из вязаного трикотажа на производстве (Владимирская обл. пгт.Ставрово); Проверка 3х партий изделий (10% от выхода - от 300 до 1000 ед.) с разницей в две недели между проверками; Фиксация производственных условий; Составление и представление собственнику отчета по результатам проверки с обоснованием финального вывода о качестве продукта и производственных возможностях предприятия.,https://hh.ru/vacancy/124508725
Ведущий продакт-менеджер (декоративная косметика),Divage,,,,,,От 1 года до 3 лет,ТК,5/2,,"ДМС, форма, бонус, подарки, обучение","Активное участие в формировании продуктовой стратегии Анализ конкурентной среды и потребностей потребителей. Изучение трендов, поиск новых перспективных товарных ниш Полный цикл работ по созданию новых косметических продуктов от создания креативной концепции до старта продаж Проектное управление: планирование работы и постановка задач смежным подразделениям, контроль исполнения Управление себестоимостью и ценообразованием Анализ продаж, контроль маржинальности новых и существующих продуктов Подготовка материалов для внутреннего обучения, проведение презентаций Поиск контрактных производств в России, СНГ, Европе и Азии Посещение профильных выставок и конференций",https://hh.ru/vacancy/121769802
Продакт-менеджер (маркетплейсы),АСТ-Принт,180.0,,,,,От 1 года до 3 лет,ТК,5/2,,,"управление категорией: определение состава товарной категории, поиск новых товаров, ввод/вывод товаров, работа с неликвидами и оверстоками, мониторинг рынка товаров, мониторинг конкурентов; — исследование, прогнозирование изменений, выявление потребностей клиентов, отслеживание трендов, мониторинг, анализ рынка и его сегментов, умение оперативно реагировать на изменения; — подготовка аналитики и разработка гипотез по развитию ассортимента компании, с целью увеличения продаж; — cоздание продукта и вывод на рынок с нуля, разработка УТП; — формирование требований к продукту на основе анализа рынка и стратегических целей компании; — тестирование образцов планируемой продукции на соответствие; контроль качества закупаемой продукции; — полное ведение проекта от идеи до вывода на рынок и получения стабильно высоких показателей продаж — управление товарными запасами: поддержание наличия товара на складе, расчет оптимального уровня и частоты заказов; Чего ожидаем от кандидата: — опыт работы в качестве продакта или руководителя проектов; — опыт создания новых продуктов и введения их на рынок с нуля; — свободное владение английским языком (деловая переписка на английском); — опыт поиска производителей в Китае. Навыки ведения переговоров; — опыт организации импортных закупок/ВЭД (Incoterms 2010). Оставляй отклик и мы свяжемся с тобой в ближайшее время).",https://hh.ru/vacancy/125536647
Продакт-менеджер,LITOKOL,,,,,,От 1 года до 3 лет,ТК,5/2,,"ДМС, форма, обучение","Работа с текущим ассортиментом (в рамках выделенной категории). Оптимизация, структуризация ассортимента. Мониторинг и анализ действий конкурентов. Своевременное обновление и корректировка...",https://hh.ru/vacancy/124726688
Менеджер по продукту / продакт-менеджер (маркетплейсы) в бренд игрушек и наборов для творчества,Олейникова Марина Дмитриевна,90.0,,,,,От 1 года до 3 лет,ТК,5/2,,,"* Полный цикл от аналитики и до реализации продукции на МП, в том числе тестирование товаров, проведение фокус-групп, формирование УТП, анализ ЦА; * Анализировать рынок, конкурентов и тренды, находить перспективные категории/товары. * Управлять ассортиментом и жизненным циклом товаров. * Формировать товарную матрицу, выводить неприбыльные товары и обновлять ассортимент. * Разработка собственных СТМ на фабриках в Китае - полный контроль от идеи, общения с фабриками, тестов до запуска готового продукта * Работа по управлению запуска продукции: ТЗ фабрикам, сроки, качество и тп; * Считать юнит-экономику, формировать УТП для каждого товара. * Совместно с отделом продаж и на базе текущей аналитики формирование прогноза по продажам в категории: потенциальный спрос, конкуренция, целевая цена; * Участвовать в запуске и продвижении новых товаров. * Взаимодействовать с командой продаж, логистики и аналитики для комплексного результата. Наши",https://hh.ru/vacancy/125366944
Продакт-менеджер,Русклимат,200.0,230.0,,,,От 1 года до 3 лет,ТК,5/2,,"ДМС, форма, скидки, обучение","Подготовка информации для сайтов, каталогов, презентаций. Разработка упаковки, инструкций, изображений/видеоматериалов. Координация работы с департаментом маркетинга. Взаимодействие с департаментами продаж и производством по оперативным вопросам. Сбор информации по рынку о конкурентах, их ценах маркетинговой активности. Сравнение цен, потребительских свойств, параметров. Работа с графиком поставок, управление остатками, оптимизация товарного распределения по складам и назначениям.",https://hh.ru/vacancy/124423853
Продакт-менеджер (майнинговое оборудование),IBMM,,,,,,От 3 до 6 лет,ТК,5/2,,обучение,Обучение отдела продаж техническим аспектам майнингового оборудования. Создание презентаций и обучающих материалов по ASIC-майнерам. Техническая поддержка менеджеров на переговорах...,https://hh.ru/vacancy/124367261
Продакт-менеджер (Товары для животных),Детский мир,,,,,,От 1 года до 3 лет,ТК,5/2,,ДМС,"Создание продукта: производственная, продуктовая, маркетинговая экспертиза; Коммерческое сопровождение закупок и продаж, планирование; Поиск поставщиков и ассортимента; Договорная работа, взаиморасчеты.",https://hh.ru/vacancy/124506591
Младший продакт менеджер (гинекология),Alta Personnel,150.0,170.0,,,,От 1 года до 3 лет,ТК,5/2,,"ДМС, форма, бонус, обучение","Управление развитием продукта или группы продуктов (гинекология, БАД) Изучение целевых аудиторий, количественный и качественный анализ рынка, в анализ конкурентного окружения, анализ и прогнозирование спроса Анализ эффективности маркетинговых и рекламных кампаний Разработка и реализация стратегии продвижения линейки Разработка и подготовка новых промо-материалов по брендам и обучающих материалов для команды продаж и специалистов здравоохранения/фармацевтических работников Подготовка/проверка презентаций и технической информации по продуктам линейки, разработка, планирование, согласование и реализация маркетинговых активностей для специалистов здравоохранения Планирование бюджета и контроль исполнения. Взаимодействие с сотрудниками отдела продаж по вопросам продвижения продуктов Участие в подготовке и проведении тренингов для сотрудников отдела продаж по вверенным продуктам Развитие сотрудничества с ключевыми лидерами мнения в сфере здравоохранения (KOL-менеджмент), научными специализированными сообществами, подготовка научных публикаций ",https://hh.ru/vacancy/124831460
Продакт-менеджер,CHAPURIN,,,,,,От 1 года до 3 лет,ТК,5/2,,,"Участие в процессе планирования производственного процесса и проектов; Поиск сторонних производств, работа с текущими партнерами; Расчет и обсуждение условий сотрудничества со сторонними производствами; Контроль соблюдения сроков и качества изготовления изделий; Контроль всего производственного процесса сторонних производств; Выезд на сторонние площадки, личное участие во всех возникающих рабочих вопросах; Участие в работе экспериментального цеха по мере необходимости; Работа в команде.",https://hh.ru/vacancy/124915910
Продакт-менеджер,Полаир,,,,,,Более 6 лет,ТК,5/2,,,Анализ рынка и требований потребителей к продукту. Формирование рыночно-продуктового позиционирования и стратегии продвижения продукта. Анализ существующей линейки и предложения...,https://hh.ru/vacancy/124455445
Product manager Man / Продакт менеджер мужского ассортимента,"Бренд одежды, обуви и аксессуаров LIMÉ",,,,,'9-18,От 3 до 6 лет,ТК,"5/2, 9/18, 10/19",Еженедельно,"ДМС, скидки, обучение","Создание ассортиментной матрицы с учетом цен, глубин заказов, сроков, жизненного цикла товара и других атрибутов. Формирование принципов расчета заказов по...",https://hh.ru/vacancy/123605351
Продакт-менеджер,Комус,,,,,,От 1 года до 3 лет,ТК,5/2,,"ДМС, форма, бонус, бонусы, подарки, обучение, транспорт, кофе",Анализировать рынок/выявлять потребность и формировать предложения по развитию ассортиментной матрицы. Заниматься поиском/формированием новых идей по созданию новой упаковки. ,https://hh.ru/vacancy/125014961
Продакт-менеджер (Автострахование),Ингосстрах,,,,,,От 1 года до 3 лет,ТК,5/2,,"ДМС, страхование, форма, премии, скидки, транспорт","Управление полным циклом продукта каско в цифровых каналах (сайт, мобильное приложение): от разработки стратегии до запуска и постпродажной аналитики Анализ рынка, конкурентов и клиентских потребностей для формирования продуктовой roadmap Оптимизация воронки продаж: повышение конверсии, снижение отказов, увеличение LTV клиентов Взаимодействие с командами маркетинга, разработки, UX/UI, аналитики и поддержки для реализации проектов Проведение A/B-тестов, анализ метрик (CR, CAC, Retention) и подготовка отчётов для стейкхолдеров Обеспечение compliance продукта: согласование условий с юристами, соблюдение требований ЦБ РФ и страхового законодательства Работа с клиентским опытом: упрощение процессов оформления, урегулирования убытков и интеграция новых технологий Для нас важно: Опыт в продукт-менеджменте от 3 лет, из них не менее 1 года в страховании (каско / автострахование — преимущество) Успешный опыт запуска и развития цифровых продуктов в B2C-сегменте (веб, мобильные приложения) Навыки работы с аналитическими инструментами: SQL, Excel, BI-системы (Power BI, Tableau), Яндекс.Метрика, Google Analytics Понимание принципов UX/UI, опыт взаимодействия с дизайн-командами Знание нормативно-правовой базы страхования (в т.ч. каско) и регуляторных требований. Умение работать в Agile-среде, управление бэклогом (Jira, Confluence) Предлагаем: Оформление по ТК РФ, полностью белую заработную плату (оклад + премии квартальные) График 5/2, гибкое начало дня (в промежутке с 08:00 до 10:00) Гибридный формат работы - 2 дня удаленно, 3 дня офис ДМС после испытательного срока, а спустя 6 месяцев работы расширенный ДМС + ДМС для родственников Подписку Добросервис (неограниченное количество консультаций у высококвалифицированных психологов) Платформу дистанционного обучения IngoStudy (возможность проходить курсы для прокачки soft и hard скиллов) + внешние обучения по согласованию с руководителем Льготные страховые продукты (страхование имущества физ. лиц, автотранспорта (Каско), страхование выезжающих за рубеж, страхование ипотеки, страхование от несчастных случаев и болезней) Скидки на обслуживание и ремонт автомобилей Корпоративные предложения от сети фитнес-клубов: World Class, World Class Lite и UFC GYM Активную корпоративную жизнь со спортивными секциями: бег, волейбол, йога и др. Участие в разных благотворительных и экологических акциях, форумах, марафонах.",https://hh.ru/vacancy/122773983
"Продакт-менеджер / product manager (травматология-ортопедия, ревматология)",МедИнвест,,,,,,От 1 года до 3 лет,ТК,5/2,,"форма, обучение","разработка стратегии, позиционирования и продвижения новых продуктов совместно с медицинским директором анализ рынка, SWOT, PEST, таргетинг, маркетинговые программы для разных каналов продаж (B2B, B2C, B2B2C), разработка акций организация мероприятий в РФ и странах СНГ, курирование зарубежных мероприятий, сбор обратной связи, анализ эффективности, контроль бюджета участие в разработке новых имиджей, дизайна РИМов, интернет-баннеров с дизайнером сопровождение РИМов: анализ партнерских материалов, подготовка и согласование информационных материалов, контроль остатков российских материалов и заказ их производства контроль упаковки: обеспечение разных этапов маркировки импортируемого товара для рынка СНГ совместно с медицинским директором и регистратором участие в развитии взаимоотношений с профессиональным сообществом, ведение базы KOL/OL участие в подготовке и проведении цикловых конференций, обучении медицинских представителей ведение соцсетей совместно с SMM-менеджером",https://hh.ru/vacancy/124513316
Продакт-менеджер (аксессуары),ПЛЭЙТУДЭЙ СНГ,150.0,,,,,От 3 до 6 лет,ТК,"5/2, 30/18",,кофе,"Размещение заказов на фабриках и контроль сроков производства. Взаимодействие с поставщиками на всех этапах: от отбора моделей до отгрузки. Участие в выборе моделей для сезонной коллекции и разработка новых предложений совместно с дизайнером. Поиск и выбор новых поставщиков, проведение торгов по ценам. Заключение контрактов, подписание заказов и контроль их исполнения. Контроль качества продукции, взаимодействие с технологом при запуске моделей в производство. Формирование необходимого документооборота и предоставление инструкций поставщикам. Контроль за своевременной отгрузкой образцов и соблюдением сроков. Создание заявок на оплату и контроль их выполнения. Отправка претензий поставщикам и мониторинг их исполнения. Мы ждем от будущего коллеги: Аналогичный опыт работы от 3-х лет; Работа на кожгалантерейные/обувные компании, знание производство в Китае, наработанные контакты с фабриками; Высшее профильное (легкая промышленность, желательно специализация кожгалантерея и обувь); Знание основ конструирования и технологии производства сумок, рюкзаков, желательно ремней и других аксессуарных групп; Знание всех этапов производства и основ материаловедения; Знание причин возникновения дефектов и способы их устранения; Умение работать с технической документацией; Английский на уровне ведения переговоров (знание китайского будет существенным преимуществом); Уверенное владение MS Office, 1С.",https://hh.ru/vacancy/121158772
Продакт-менеджер Product Manager (электроинструмент),МИР ИНСТРУМЕНТА,200.0,,,,,От 1 года до 3 лет,ТК,5/2,2 раза в месяц,"ДМС, скидки, чай","Формирование и управление ассортиментной матрицей по вверенной товарной категории (ручной инструмент, садовая техника, силовое оборудование - направление будет выбрано с учетом Ваших предпочтений); Мониторинг и анализ рыночной ситуации по вверенной товарной категории; Ввод в ассортимент новых продуктов (собственные торговые марки) и вывод продуктов с низкими показателями продаж; Контроль закупочных цен, переговоры с поставщиками по вопросам цен, качества товара, дизайна, условий работы (Европа, Азия); Мы ждем от вас: Опыт работы Продукт-менеджером, Руководителем направления, Менеджером по продукту, Категорийным менеджером от 2-х лет; Высшее техническое образование; Опыт ведения переговоров; Разговорный английский язык; Владение Эксель на продвинутом уровне (ВПР, сводные таблицы); Знание 1C 7.0 (Торговля и склад). Дополнительные пожелания (учитываются как преимущества): Знание технических характеристик ручного инструмента, садовой техники или силового оборудования; Знание китайского языка; Опыт взаимодействия с иностранными поставщиками (Азия, Европа).",https://hh.ru/vacancy/120395379
Бренд-менеджер/ Продакт-менеджер,Валта,,,,,,От 1 года до 3 лет,ТК,5/2,,"форма, бонус, обучение, проезд, кофе, чай","Запуск и развитии брендов категории «Красота и чистота» (косметика для питомцев, инструменты для груминга, наполнители), увеличение дистрибуции и повышение узнаваемости брендов; Разработка стратегии развития брендов; Управление портфелем брендов; Формирование годового маркетингового бюджета и плана продвижения категории, защита и контроль его исполнения; Проведение маркетинговых активностей, брендовых мероприятий; Проведение маркетинговых исследований с целью выявления основных потребностей целевой аудитории и мониторинг рынка конкурентов; Коммуникация с кросс-функциональным подразделениями компании (отделы продаж, закупок, дизайна) по вопросам связанным с продвижением бренда и его ассортиментной политикой; Ведение сообщества грумеров; Подготовка презентаций, отчетов и спецификаций ко встречам в топ-менеджментом; Поиск новых возможностей для развития категории/бренда и их дальнейшая реализация. . Наши пожелания : Высшее образование; Опыт работы бренд-менеджером от 2-х лет; Грамотная письменная и устная речь; Опыт запуска новых продуктов; Знание английского языка; Отличное знание excel (ВПР, сводные таблицы); Желательно знание Power Point или желание обучиться; Готовность к публичным выступлениям; Личная организованность, нацеленность на результат, многозадачность, активная жизненная позиция, любовь к питомцам. Мы предлагаем и обещаем : Работа в компании с семейными ценностями, направленными на выстраивание долгосрочных отношений с сотрудниками, поставщиками и клиентами компании; Современный и уютный pet-friendly офис: офисное кафе: кофе, чай, сладости и фрукты для сотрудников; Важно: Да! Вы можете приходить в офис со своим питомцем! Всегда! График работы: 5/2 с 9:30 до 18:00 – мы работаем в офисе, но понимаем, что иногда удаленный формат бывает необходим; Официальное оформление; Оплата труда: оклад + квартальный бонус по результатам выполнения KPI; Возможность баловать своих питомцев товарами из портфеля компании с 20% скидкой; Компенсация проезда; Возможность обучения как в Академии зообизнеса Валты (обучение по товару и техникам продаж), индивидуальные и групповые тренинги в рамках Вашего профиля должности; Яркая корпоративная жизнь: конференции, саммиты продуктовых команд, сообщества по интересам, мастер-классы, йога, футбол и еще все то, что ты сам придумаешь и реализуешь вместе с нашими HR – менеджерами.",https://hh.ru/vacancy/124678113
Продакт-менеджер в детскую онлайн-школу (Product Manager edtech),ЦО Коалиция,80.0,,,,,От 1 года до 3 лет,ТК,5/2,,"форма, обучение","Проводить анализ ЦА, рынка, конкурентов, разрабатывать киллер-фичи продуктов. Формировать стратегию развития продуктов. Управлять текущими продуктами, проводить аудиты качества и...",https://hh.ru/vacancy/124384719
Продакт Менеджер (платформа Клиент),Карфак,150.0,250.0,,,,От 1 года до 3 лет,ТК,5/2,,форма,"В части разработки продукта: - Самостоятельное исследование существующих ИТ-решений, методик и технологий в обслуживании клиентов; - Разработка стратегии и плана развития продукта; - Самостоятельное нахождение решений по увеличению скорости разработки Продукта; - Сбор обратной связи от пользователей и клиентов. В части бизнеса: - Планирование и управление бюджетом - Контроль бизнес-метрик - Разработка гипотез по развитие метрик В части управления разработкой: - Разработка планов и планирование релизов - Обсуждение с командой разработки способов оптимизации - Контроль разработки и работы релизов - Управление беклогом - Формирование команды",https://hh.ru/vacancy/125093591
Продакт менеджер (СНГ),ANCOR,,,,,,От 1 года до 3 лет,ТК,5/2,,"ДМС, бонус","Работа с маркетинг-стратегией Адаптация и разработка промоматериалов Печатные промо внутри стран Digital (detail aids) внутри стран Сеты презентаций для экспертов (адаптация материалов РФ и разработка новых на основании последних данных с конгрессов, и др.) Управление процессом одобрения в Veeva Promomats Мероприятия, проведение переговоров (в т. ч. на высоком уровне) Трекинг мероприятий (сроки предоставления документов, сроки COR, ДВОУ, оплат, проверка на соответствие запланированному бюджету) Организация участия в мероприятиях (стенды, промо, презентации экспертов) Сбор и проверка документов от контрагентов для корректного заведения COR Взаимодействие с контрагентами и ведение документооборота с ними Поддержка в реализации других проектов",https://hh.ru/vacancy/124457632
Руководитель группы продакт менеджеров,ТД Папиллонс,200.0,,,,,От 3 до 6 лет,ТК,5/2,,"форма, обучение","Взаимодействие с отделами продаж и маркетинга в рамках реализации и продвижении продуктов, обучение менеджеров, <highlighttext>продактов</highlighttext>. Взаимодействие с действующими поставщиками. ",https://hh.ru/vacancy/122763770
Продакт-менеджер,Фитокосметик,,,,,,От 1 года до 3 лет,ТК,5/2,Ежемесячно,"форма, транспорт, чай","Запуск продуктов «с нуля» в категориях косметики и бытовой химии. Подбор упаковки, составление ТЗ на разработку рецептуры, тестирование и согласование рецептуры. Курирование дизайна, верстки этикетки и препресса. Управление продуктовым портфелем. Разработка, создание информационных материалов по продукции. Подготовка и проведение презентаций по продукции, профессиональное консультирование по продуктовой линейке (потребительские свойства и качество продуктов). Активное взаимодействие с поставщиками, со смежными подразделениями: дизайн, закупки, технологи-разработчики. Анализ потребностей рынка, трендов, конкурентов. Участие в конференциях, выставках, семинарах.",https://hh.ru/vacancy/124535698
Продакт-менеджер,Агропромкомплектация,,,,,,От 1 года до 3 лет,ТК,5/2,Ежемесячно,"бонус, подарки, скидки",анализировать ежемесячные данные по рынку и внутренней реализации; участвовать в разработке и корректировке стратегии бренда под руководством руководителя; управлять продуктовым портфелем бренда; проводить анализ эффективности ассортимента и оптимизации линейки продукции; участвовать в политике ценообразования продуктов бренда; участвовать в разработке коммуникационной и медиа стратегии; сопровождать и контролировать запуск новых продуктов.,https://hh.ru/vacancy/124815330
Бренд-менеджер/продакт-менеджер,Авакс,150.0,,,,,От 3 до 6 лет,ТК,5/2,,"бонус, бонусы, скидки, обучение","Управление продуктами в нашем портфеле в срезе всех подразделений. В частности, очень важно тесно сотрудничать с маркетплейсами, чтобы контролировать и...",https://hh.ru/vacancy/124857620
Менеджер по закупкам/продакт-менеджер (производство одежды),Ромадова Валерия Николаевна,,,,,,От 1 года до 3 лет,ТК,64/27,,,"Анализ и оценка потенциальных поставщиков в РФ и Китае; Поиск и оценка новых поставщиков и производств (для достижения выгодных условий по цене, качеству и срокам) Управление процессом закупок, включая оформление документов и размещение заказов; Анализ эффективности работы поставщиков, отслеживание ключевых показателей, выявление области для улучшения и внедрения корректирующих действий; Отслеживание, предсказание и внедрение современных трендов и необычных идей; Контроль качества изделий (пошив, лекала, конструкции); Работа с существующим мерчем; Отчетность о проделанной работе; Выполнение других поручений руководителя.",https://hh.ru/vacancy/124935090
Продакт менеджер,ЭРСТВАК,,,,,,От 1 года до 3 лет,ТК,5/2,,"ДМС, бонус, кофе","Участие в формировании ассортиментной и ценовой стратегии; Управление жизненным циклом продукта (вакуумное оборудование); Мониторинг конкурентной среды (анализ аналогов оборудования, цен, трендов в промышленном сегменте); Оценка продаж и маржинальности по типам оборудования, оптимизация модельного ряда; Расчет рентабельности отдельных моделей и серий; Формирование каталогов, инструкций по эксплуатации, технических брошюр; Разработка презентационных материалов (референц-листы, адаптация текстов для контента по продвижению); Взаимодействие с отделом маркетинга по продвижению рекламных кампаний. Что мы ждем от вас: Высшее техническое образование; Опыт в продакт-менеджменте от 2 лет в B2B (промышленное оборудование, вакуумная техника, насосное оборудование, компрессоры или смежные отрасли) ; Опыт расчета экономики продукта (себестоимость, маржинальность, ROI); Навыки работы с данными: Excel (сводные таблицы, формулы), BI-системы (Power BI) - как преимущество; Знание английского языка на уровне B2 (чтение спецификаций, переговоры с поставщиками; Высокая степень самоорганизации, аналитическое мышление, нацеленность на результат.",https://hh.ru/vacancy/122208464
Продакт-менеджер,PRO AQUA,,,,,,От 1 года до 3 лет,ТК,5/2,,"обучение, кофе","Управление ассортиментом и ценообразованием во вверенных товарных группах; Вывод, развитие, продвижение нового продукта, оказание маркетинговой поддержки проектировщикам Компании; Участие в переговорах с клиентами с целью презентации компании и продукта; Регулярный анализ рынка и ценовой политики конкурентов; Проведение обучающих семинаров и тренингов для менеджеров Компании и клиентов; Участие в выставках.",https://hh.ru/vacancy/119023300
Продакт-менеджер (керамогранит),АЙ ПИ ТИ ГРУПП,,,,,,От 3 до 6 лет,ТК,5/2,,"ДМС, форма, обучение","Аналитика рынка и конкурентов: Мониторинг спроса по сегментам и направлениям Исследование ассортимента конкурентов Анализ ценовой политики, маркетинговых активностей, отзывов покупателей. Разработка и управление продуктом: Формирование продуктовой стратегии (ассортиментная матрица, ценовые сегменты). Работа с поставщиками (отбор, согласование условий, контроль качества). Участие в создании ТЗ для новых коллекций (дизайн, размеры, характеристики). Маркетинг и продвижение: Разработка УТП (уникального торгового предложения) для разных каналов продаж. Подготовка контента (технические описания, каталоги, инструкции, обзоры). Взаимодействие с маркетингом (акции, email-рассылки, таргетированная реклама). Активные продажи и работа с клиентами: Обучение менеджеров по продажам (продуктовая экспертиза, скрипты). Анализ возражений и отзывов клиентов Разработка программ лояльности для B2B-партнеров и партнерских продаж (строительные компании, дизайнеры). Логистика и складское управление: Контроль остатков, прогнозирование спроса. Участие в оптимизации поставок (сроки, минимальные партии).",https://hh.ru/vacancy/124642607
Продакт-менеджер (машинное (техническое) зрение) / Руководитель товарного направления (АСУТП),Оптимус Драйв,206.0,288.0,,,,От 3 до 6 лет,ТК,5/2,2 раза в месяц,"ДМС, форма, премии, подарки, скидки, обучение, транспорт","Управление продуктовым портфелем компании по товарному направлению. Определение конкурентной среды и актуальных тенденций, выявление нового спроса. Участие в формировании прогноза...",https://hh.ru/vacancy/124789197
Продакт-менеджер (одежда),ZOLLA,,,,,,От 3 до 6 лет,ТК,5/2,2 раза в месяц,"ДМС, форма, скидки",Анализ рынка одежды и направления моды. Анализ продаж коллекций одежды предшествующих сезонов. Формирование матрицы коллекции одежды на сезон. ,https://hh.ru/vacancy/114962534
Продуктолог/продакт-менеджер (девелопмент/ИЖС),Кадровый центр HR Group,250.0,,,,,От 3 до 6 лет,ГПХ,5/2,,форма,"анализ рынка недвижимости и выявление целевых аудиторий; - организация и проведение маркетинговых исследований, включая сегментацию покупателей; - исследование конкурентов: анализ локаций, планировок, ценовой политики и инфраструктуры; - разработка концепций посёлков: планировка территории, архитектурный код и инфраструктурные решения; - разработка линейки домов и участков: определение площадей, фасадов и комплектаций; - создание УТП поселков («эко-парк», «5 минут до Москвы», «всё включено» и др.); - формирование финансовой модели продукта: себестоимость, маржинальность, ценовая политика; - управление продуктовым циклом (от идеи до реализации на рынке); - взаимодействие с архитекторами, проектировщиками, строителями и специалистами по маркетингу; - участие в разработке маркетинговых материалов: сайт, буклеты, визуализации, 3D-туры; - аналитика эффективности каналов продаж с использованием инструментов аналитики (Яндекс.Метрика, Google Analytics).",https://hh.ru/vacancy/124381525
Продакт-менеджер по металлообрабатывающему оборудованию,Вебер Комеханикс,,,,,,От 3 до 6 лет,ТК,5/2,,"ДМС, форма","Хорошее знание модельного ряда каждого из производителей по металлообрабатывающему оборудованию; Знание всех конструктивных и эксплуатационных особенностей каждой из моделей станков каждого производителя; Подбор оборудования и режущего инструмента в соответствии с техническими заданиями и потребностями заказчиков; Консультации и техническая поддержка менеджеров по продажам оборудования; Переговоры с заказчиками, консультации заказчиков; Проведение семинаров и учебных мероприятий для заказчиков, подготовка презентаций различного характера; Ведение деловой переписки с поставщиками оборудования; Технические переговоры с поставщиками оборудования, совместная работа над проектами; Разработка и согласование договоров поставки, приложений к договорам, доп.соглашений с заказчиками и поставщиками (на русском и английском языках), размещение заказов на заводах-изготовителях, контроль производства, приемка оборудования на заводах-изготовителях по качеству и заданным показателям; Техническая поддержка сервис-инженеров и технологов при сдаче оборудования; Техническая поддержка заказчиков в процессе эксплуатации оборудования, организация ремонтных работ; Мониторинг деятельности конкурентов и сбор информации – как по российским поставщикам, так и по иностранным и российским производителям; Поиск новых производителей и поставщиков, организация работы с ними; Перевод коммерческой информации, технической документации на оборудование и программных интерфейсов с китайского и английского языков; Подготовка материалов для вебсайта и каталога оборудования Компании; Готовность к командировкам. Наши пожелания к соискателям: Высшее техническое образование; Опыт в развитии направлений, разработке стратегии продаж и продвижения продукта; Системность мышления, опыт в управлении проектами; Клиентоориентированность. Развитая эмпатия, коммуникабельность, способность к нахождению общего языка с клиентом и аргументированному отстаиванию позиций компании. Умение понятно и просто объяснить технически сложные вещи; Умение работать в команде на общий результат; Знание английского языка на уровне не ниже intermediate, достаточном для письменных и устных коммуникаций с поставщиками, производителями, а также для изучения технической документации. Что мы Вам предлагаем взамен на Ваш опыт и знания: Работу в стабильной компании; Трудоустройство и социальные гарантии согласно ТК РФ (оплачиваемый отпуск, больничные листы, ДМС, мобильная связь); Официальное трудоустройство; График 5/2 (гибкое начало дня); Офис в шаговой доступности от м. Новохохловская, улица Новохохловская, 21 к2/c1.",https://hh.ru/vacancy/115934732
Продакт-менеджер (производство),Фабрика Творчества,,,,,,От 1 года до 3 лет,ТК,5/2,2 раза в месяц,форма,"Формирование команды R&amp;D отдела; Подготовка продукта к внедрению (разработка, корректировка, согласование ТЗ и прочей документации); Генерация идей, разработка и внедрение в производство новых видов продукции, расширение ассортиментного портфеля, оптимизация текущих продуктов; Разработка, составление и отработка рецептур в пилотных условиях. Подготовка, организация промышленных тестов, контрольных выработок: составление технического задания, актов, отчетов; Проведение ассортиментных комитетов; Оптимизация в части качества, себестоимости, состава; Работа с поставщиками: поиск, подбор, проработки нового или альтернативного сырья; Внедрение продуктов в производство и оказание технологической поддержки в начале запуска и продаж. Предоставление информации о продукте коммерческому отделу и отделу маркетинга; Участие в поиске и подборе технологического оборудования, технологических линий, предоставление информации для составления технических заданий; Мониторинг рынка ингредиентов и новых технологий для возможной оптимизации технологических процессов и повышения экономической эффективности предприятия.; Работа по выявлению и освоению технических новинок, научных открытий и изобретений, участие в конференциях, выставках, семинарах, вебинарах и т.д; Формирование, защита и исполение бюджетов по затратам и доходам; Участие в рабочих группах по проектам, по планированию и т.д; Взаимодействие с другими службами и отделами предприятия. Что мы ожидаем от кандидата: Умение генерить идеи и доносить их до команды и руководства, а также организовывать исследования; Умение анализировать, строить и проверять гипотезы: анализ конкурентов, анализ технологий, анализ данных; Стратегическое мышление, умение смотреть на проблему &quot;сверху&quot; Что предлагаем мы: Официальное оформление ТК РФ (своевременные выплаты 2 раза в месяц); Возможность профессионального и карьерного роста; Заработная плата, соответствующая Вашему профессиональному уровню и индексируемая в соответствии с ростом профессиональных навыков; Отсутствие дресс-кода; Поощрение профессионального развития (возможность обучения, участия в конференциях); Открытость руководства к новым идеям и предложениям, адекватное отношение к каждому сотруднику, без лишних формальностей и бюрократии.",https://hh.ru/vacancy/124540610
Продакт-менеджер,АЛВИЛС,,,,,,От 1 года до 3 лет,ТК,5/2,,ДМС,"Продвижение группы препаратов с использованием различных инструментов, направленных на врачебное сообщество, конечного потребителя, взаимодействие с KOL, отделом по работе с аптечными сетями, SF Выполнение финансовых и маркетинговых KPIs: план по вторичным продажам, рост доли рынка по препаратам ответственности, маркетинговый бюджет Разработки плана промоционной активности - алгоритмы визитов к врачам, FAB, промоционные материалы. Проведение обучения для МП Разработка и реализация стратегии развития бренда, инициативы по расширению линейки, создание wish-листа по новым продуктам",https://hh.ru/vacancy/125165226
Продакт-менеджер (Senior) Развитие AI-инструментов в экосистеме Битрикс24,Битрикс24,,,,,,От 3 до 6 лет,ТК,5/2,Ежемесячно,"ДМС, форма, премии","Исследовать: анализировать рынок, конкурентов, собирать и структурировать обратную связь от пользователей и внутренних стейкхолдеров. Участвовать в создании продуктового видения и...",https://hh.ru/vacancy/125211785
Продакт-менеджер (карточные продукты),Банк ПСБ,,,,,,От 3 до 6 лет,ТК,5/2,,"ДМС, скидки","Взаимодействие с другими подразделениями Банка и развитие взаимоотношений с клиентами, внешними организациями, партнерами Определение политики Банка в отношении организаций-партнеров при реализации банковских продуктов Координирование проектов и процессов, связанных с развертыванием и пилотированием партнерских интеграций Продуктовый анализ, исследование рынка, мониторинг потребностей клиентов Подготовка презентационных и отчетных материалов по партнерским проектам/продуктам Подготовка и валидация финансовых моделей по проектам и банковским продуктам Контроль мероприятий по постановке технологических задач и внедрению технологий по автоматизации банковских продуктов Улучшение и развитие клиентского пути Обеспечение конкурентоспособности банковских продуктов на рынке банковских услуг Определении тарифной и процентной политики Банка по предоставляемым банковским продуктам Участие в разработке новых и совершенствовании существующих внутренних нормативных документов Банка Что важно для нас: Знание банковских продуктов: розничные продукты для физических лиц (особенно банковских карт) Знание процедуры разработки и реализации розничных продуктов для физических лиц Наличие опыта ведения проектной работы Знание требований законодательства РФ, нормативных актов Банка России и иных государственных органов, обязательных для исполнения кредитными организациями, регламентирующих вопросы по развитию платежного рынка (банковские карты, платежи и пр.) Работа с данными, финансовыми моделями Что предлагаем: Официальное оформление в соответствии с ТК РФ График работы 5/2 с 09:00 до 18:00 (пятница до 16:45) Конкурентный уровень дохода Доплата к отпуску и больничному листу «Кафетерий льгот»: ДМС для работника и членов семьи, возмещение затрат на отдых, спортивные услуги, покупки на маркетплейсе «ПСБ Маркет» Дополнительные льготы при заключении брака и рождении детей Материальная поддержка в сложных жизненных ситуациях Бесплатная программа поддержки работников: юридические, финансовые и психологические консультации, помощь в бытовых вопросах, автопомощь, корпоративные скидки, профориентация детей работников Возможность профессионального развития и прохождения внутреннего и внешнего профессионального обучения Корпоративная паритетная пенсионная программа",https://hh.ru/vacancy/122802563
Продакт-менеджер направления PRP/BMAC-терапии,Мед Инструмент,120.0,,,,,От 1 года до 3 лет,ТК,5/2,,обучение,Разрабатывать и реализовывать стратегию роста направления. Обучать и мотивировать команду продаж. Вести переговоры с ключевыми клиентами. Самостоятельно участвовать в продажах...,https://hh.ru/vacancy/125491216
Продакт-менеджер (автоматизация теплового оборудования),АТБ Электроника,,,,,,От 3 до 6 лет,ТК,5/2,,"ДМС, транспорт",Формировать и доносить технические требования к новому продукту в рамках развития платформы (контроллер АТБ 2100) с последующим расширением линейки другими...,https://hh.ru/vacancy/125088185
Продакт-менеджер (SDH/PDH/MPLS оборудование),НАТЕКС,,,,,'5-7,Нет опыта,ТК,5/7,,"премии, обучение","Сопровождение линейки оборудования SDH/PDH/MPLS Взаимодействие с отделами компании в рамках подготовки техническо-коммерческих предложений, сопровождения продаж и технической поддержки Формирование ценовой политики по оборудованию Техническая поддержка Формирование заказов в производстве Развитие линейки телекоммуникационного оборудования",https://hh.ru/vacancy/115268310
Продакт-Менеджер по группе препаратов (офтальмология),Flex,,,,,,От 3 до 6 лет,ТК,24/7,,"ДМС, страхование, форма, бонус, обучение","Разработка стратегии и тактики продвижения вверенных продуктов, успешный опыт адаптации глобальной стратегии в условиях локальной специфики; Подготовка и внедрение маркетинговых планов, их коррекция в изменяющихся условиях рынка; Подготовка, организация и проведение маркетинговых мероприятий; Организация участия в международных, национальных и региональных конгрессах Разработка промоционного контента (idetailing) для продвижения на цифровых носителях (планшетах), промоционных материалов Эффективное взаимодействие с лидерами мнения (КОЛ); Подготовка обучающих презентаций для КОЛ и врачей совместно с Медицинским Отделом; Проведение тренингов для медицинских представителей; Проведение двойных визитов с медицинскими представителями; Проведение маркетингового анализа, работа с базами данных.",https://hh.ru/vacancy/115595048
Продакт-менеджер,Модами,120.0,150.0,,,,От 1 года до 3 лет,ТК,5/2,Ежемесячно,скидки,"Анализ рынка, конкурентов и трендов. Ведение заказов от стадии «образец» до готовой партии. Подготовка технической документации для запуска моделей. ",https://hh.ru/vacancy/124731429
"Продакт-менеджер по направлению ""Распределительные узлы""",Ридан Трейд,,,,,1.0,От 1 года до 3 лет,ТК,5/2,Еженедельно,"страхование, питание, бесплатное питание, форма, транспорт","Подготовка к выводу и вывод новых типов распределительных узлов для отопления и водоснабжения на рынок; -Взаимодействие с производством узлов по вопросам планирования, замены компонентов и оптимизации производства; -Участие в переговорах с клиентами компании в качестве технического эксперта; -Подготовка нестандартных технических решений по требованиям клиента; -Создание презентаций, статей по продукции и областям ее применения; -Проведение обучающих семинаров для сотрудников и партнеров Компании; -Подготовка необходимой технической документации (паспортов, инструкций, пособий и т.п.); -Отслеживание технической информации по конкурентам, подготовка контраргументации; -Анализ продаж и разработка корректирующих действий.",https://hh.ru/vacancy/124860929
Продакт менеджер,Аналитический Центр Блум,,,,,,От 1 года до 3 лет,ТК,5/2,,форма,"Анализом текущих процессов: Проведением детального анализа существующих бизнес-процессов больниц, выявлением узких мест и возможностей для улучшений; Моделированием процессов: Созданием моделей бизнес-процессов с использованием современных инструментов моделирования (например, BPMN, UML); Взаимодействием с заинтересованными сторонами: Организацией и проведением интервью с ключевыми сотрудниками и руководителями подразделений для сбора информации о процессах и потребностях; Интервьюирование: Проблемное интервью, мозговой штурм, изучение документов и отчетной информации, хронометраж, фотография рабочего дня); Организация встреч и фасилитация: Организация встреч с исследуемой аудиторией, фасилитация встреч Документированием: Подготовкой технической документации, включая спецификации, инструкции и руководства пользователей; Тестирование изменений : Мониторинг и управление изменениями в бизнес-процессах, обеспечение их соответствия стратегическим целям; Поддержкой внедрения: Оказание консультационной поддержки пользователям при внедрении новых систем и процессов. Что мы ищем в будущем коллеге: Образование - высшее. Желательно по специальностям «Управление качеством», «Управление бизнес-процессами», «Бизнес-анализ», «Бизнес-инжиниринг», «Бизнес-информатика»; Опыт работы в области регламентации бизнес-процессов будет преимуществом; Умение применять основные методики бизнес-анализа (интервьюирование, CustDev, мозговой штурм, изучение документов и отчетной информации, хронометраж, фотография рабочего дня); Умение анализировать информацию о границах процесса, требованиях к процессу, целях процесса, зоны ответственности; Навык организации, проведения интервью и фасилитации рабочих встреч; Умение моделировать бизнес-процессы в различных нотациях (Cross-functional, Basic Flowchart, IDEF0, BPMN), желательно знание Business Studio; Навык конструктивного взаимодействия с Владельцами бизнес-процессов: четкое выражение своих мыслей как в устной, так и в письменной речи, вежливое, но твердое и аргументированное отстаивание своей позиции. Способность работать в условиях многозадачности; Ориентацию на результат, стремление к постоянному улучшению процессов.",https://hh.ru/vacancy/124661192
"Продакт-менеджер (Product Manager) по направлению ""Отделочные материалы"" (SPC/LVT)",Alpine floor,,,,,'2-3,От 3 до 6 лет,ТК,"2/3, 5/2",,"подарки, скидки","Анализ рынка и конкурентной среды, а так же потребностей целевой аудитории клиентов, предложения по новым решениям, характеристикам, структурам, декорам продукта; Организация процесса ротации ассортимента/коллекций; Создание, запуск на рынок и развитие продаж по брендам, коллекциям, декорам самостоятельно и с отделом маркетинга компании; Анализ ассортиментной матрицы, реализация плана ввода, вывода SKU, коллекций; Анализ и управление товарным запасом по метрикам, формирование и поддержание складских матриц; Проведение аудита цен на рынке, активности конкурентов и формирование предложений к реакции на изменения; Понимание продаж в разрезах метрик и периодов, эффективное управление по изменениям и отклонениям от целей продаж, Запуск, управление и выводы по итогам маркетинговых акций и PR-продвижения.",https://hh.ru/vacancy/124557610
Продакт-менеджер (СЭД TDMS «Фарватер»),Нанософт,,,,,'5-7,От 1 года до 3 лет,ТК,5/7,,"ДМС, форма, подарки, кофе","Развитие продукта Анализ потребностей проектных институтов, строительных компаний и заказчиков. Формирование roadmap продукта с учетом отраслевых трендов (BIM, CDE, цифровизация стройки). Проработка функционала для управления исполнительной документацией, ПСД, BIM-моделями . Работа с клиентами и рынком Проведение интервью с заказчиками (ГИПы, ПТО, BIM-менеджеры). Участие в отраслевых мероприятиях (конференции по BIM, строительству, САПР). Подготовка кейсов и сценариев использования для разных типов организаций. Взаимодействие с командами Постановка задач для разработчиков (включая интеграции с CAD/BIM-платформами). Согласование ТЗ с учетом норм ГОСТ Р 21.1101, СПДС, ISO 19650 . Работа с маркетингом над позиционированием TDMS для стройотрасли. Конкурентный анализ Мониторинг решений в области СЭД для строительства (российские и зарубежные аналоги). Проработка USP продукта (например, сквозная работа с BIM+документацией). Кого ищем: Обязательно: Опыт в продакт-менеджменте (B2B/SaaS) или в роли бизнес-аналитика в ИТ/строительстве. Понимание процессов проектных организаций (разработка ПСД, экспертиза, сдача документации). Знание стандартов: ГОСТ, СПДС, BIM (постановление №331/пр, ISO 19650) . Желательно: Опыт работы с СЭД (1С: Документооборот, DocsVision, Лоцман) или PLM-системами . Знание САПР (на уровне понимания workflow проектировщиков). Умение читать технические задания на проектирование . Почему стоит присоединиться: Продукт для ключевого сегмента (проектировщики и строители – сложный и перспективный рынок). Возможность влиять на цифровизацию стройки через документооборот и BIM. Работа на стыке ИТ и строительства с экспертами отрасли.",https://hh.ru/vacancy/123605138
"Продакт-менеджер (умный дом, игровые консоли, аксессуары)",М-ГРУПП,150.0,,,,,От 1 года до 3 лет,ТК,5/2,,форма,"Формирование товарной матрицы, закупка товара, развитие товарных групп. Управление ценообразованием. Управление складскими запасами. Поиск и подбор поставщиков, согласование условий, рибейтов, таргетов. Взаимодействие с вендорами (отчетность, таргеты, рибейты). Участие в продвижении: взаимодействие с отделом маркетинга и отделами продаж. Контроль выполнений таргетов и KPI. Встречи с поставщиками/вендорами. Что мы ждём от кандидатов : Опыт работ продакт-менеджером/категорийным менеджером/менеджером по закупкам с одной из указанных групп товаров желателен. Знание рынка, знание поставщиков и дистрибьюторов. Понимание происхождения рыночных цен. Умение составлять и защищать товарные матрицы. Умение работать с большим количеством SKU. Образование: высшее. Опыт работы в закупке: от 2-лет. Хорошее знание excel. Навыки: Ценообразование. Аналитические навыки. Стратегическое планирование. Анализ конкурентной среды. Навык ведения деловых переговоров. Региональное развитие. Умение работать с большим количеством информации. Организаторские навыки. Личная ответственность, ориентированность на результат, стрессоустойчивость.",https://hh.ru/vacancy/124933567
Продакт эксперт SAP FICO,Крупная FMCG компания,,,,,,Более 6 лет,ТК,5/2,,"ДМС, обучение","Ведение проектов по модулю SAP FI: Controlling (including COPA), FI (general ledger), Financial planning Обучение работе с системой конечных пользователей Поддержка пользователей по техническим проблемам Участие в создании и обновлении инструкций для пользователей Участие в инициативах по развитию бизнес процессов Проведение функционального тестирования Ведение отчетности по проектам Мы поддержим тебя и обеспечим: Официальным трудоустройством, полным соц. пакетом, ДМС, разнообразными скидками от партнеров компании Работой в профессиональном и дружном коллективе Корпоративным обучением и наставничеством Возможностью карьерного и профессионального роста Графиком работы 5/2 с возможностью гибкого начала рабочего дня (с 8:00, 9:00 или 10:00) Гибридным режимом работы, позволяющим работать как из офиса, так и удаленно",https://hh.ru/vacancy/122482881
Менеджер по закупкам листовой металл/технический продакт менеджер,СТК РАЙТ,90.0,140.0,,,,От 1 года до 3 лет,ГПХ,5/2,,"форма, транспорт","Расчёт и спецификация изделий: формирование ведомостей и спецификаций по металлическим потолкам, панелям, фасадам, а также по кастомным изделиям из листового металла Коммуникация с производствами и поставщиками: запрос цен, условий, сроков, согласование нюансов и контроль исполнения Размещение заказов и контроль логистики: от размещения и производства до доставки, приёмки и закрытия взаиморасчётов Взаимодействие с менеджерами: помощь в просчётах, технических консультациях, сопровождение проектов по металлу совместно с отделом продаж и монтажом Участие в улучшении процессов: поиск новых поставщиков, оптимизация цен, согласование технических решений Кого мы ищем Опыт в закупке или инженерных продажах, желательно в сфере металлоконструкций, фасадов, потолков, стекла — от 1 года Понимание технологий производства из листового металла, основ проектирования, принципов монтажа Владение AutoCAD (обязательно), уверенное пользование Excel, Word, 1С Готовность вникать в сложные задачи и доводить их до конца — без перекладывания ответственности Условия работы: Белая зарплата от 90 000 ₽ на руки + KPI-премия (по эффективности закрытых проектов и экономии на закупках) Работа в дружном коллективе Отсутствие бюрократии, простые и понятные процессы работы График 5/2 с 09:00 до 18:00 - после прохождения испытательного срока возможен совмещенный формат (часть офис, часть удаленно, ) Офис по адресу: г. Москва, 2-я Мякининская ул., д. 9, он находится в 10 минутах езды на общественном транспорте от м. Мякинино, Строгино и в 15 минутах от м. Щукинская, Корпоративный транспорт от ст. метро &quot;Улица 1905 года&quot; (утро/вечер доставка сотрудников Ждем Ваших откликов!",https://hh.ru/vacancy/125298721
Врач травматолог-ортопед / продакт - менеджер,АЙРОНМЭН,,,,,,От 3 до 6 лет,ТК,5/2,,транспорт,"Проведение переговоров с врачами по вопросу использования медицинских изделий, оказание консультационной поддержки врачам при использовании продукта; Установление контакта с первыми лицами ЛПУ; Презентация компании и ее продукта в государственных медицинских учреждениях; Обеспечивать взаимодействие со структурными подразделениями компании при подготовке технических заданий, участии в государственных торгах; Консультировать менеджеров по клиническому применению, спецификациям, целесообразности, рыночной стоимости и позиционированию медицинских изделий; Развитие продаж совместно с ответственными менеджерами; Контроль за исполнением плана отдела продаж, заключенных компанией контрактов. Что мы ждём от вас: Высшее медицинское образование; Ответственность, дисциплинированность, самоорганизация; Стрессоустойчивость, многозадачность; Желание развиваться.",https://hh.ru/vacancy/125262895
Продакт-менеджер,АВВА РУС,,,,,,От 3 до 6 лет,ТК,5/2,,"ДМС, питание, подарки, проезд, кофе, чай","Разработка и реализация стратегии продвижения лекарственных препаратов (статус - ОТС, Rx, БАД) Развитие направления по удаленной коммуникации с врачами Прогнозирование и бюджетирование Разработка и реализация предлончевых и лончевых мероприятий Разработка и реализация стратегии медийного продвижения на конечного потребителя. Разработка всех необходимых материалов для кампаний Разработка и реализация программ, дитейлингов и материалов для врачебного продвижения Оценка эффективности и контроль всех промоционных активностей бренда(ов) Подготовка и организация обучения по продуктам для сотрудников отдела продаж, аптечных сетей и дистрибьюторов Построение крепких здоровых отношений с лидерами мнений Участие в кросс-функциональных проектах Работа с финансовыми показателями бренда(ов), контроль P&amp;L Участие в реализации и оценке исследований по вверенным продуктам (клинических, маркетинговых) Участие в разработке/доработке продукта(ов) с учетом востребованных потребительских свойств и предпочтений специалистов Контроль ключевых метрик здоровья бренда(ов) Пожелания к кандидатам: Высшее образование (медицинское, фармацевтическое) - обязательно Опыт работы в должности продакт/бренд-менеджера Успешный опыт работы с медийными брендами Опыт в диджитал продвижении опыт работы с удаленными коммуникациями с врачами Знание принципов построения и развития брендов (маркетинговое мастерство) Знание ключевых метрик по оценке успешности и здоровья бренда Уважаемые кандидаты, просьба к отклику на вакансию прикладывать небольшое сопроводительное письмо, в котором необходимо коротко отразить ваши основные достижения на предыдущем месте работы, а также Ваши ожидания по заработной плате, если они не указаны в резюме. Для кандидатов на эту должность для проверки профессиональных навыков предусмотрено тестовое задание (без оплаты).",https://hh.ru/vacancy/123702874
Менеджер по продукту / Продакт-менеджер / Product manager (Rx),Канонфарма продакшн,,,,,,От 3 до 6 лет,ТК,5/2,,"форма, подарки, кофе","Разработка и реализация стратегического и оперативного маркетингового плана по продуктам, направленного на специалистов здравоохранения; Прогнозирование продаж и бюджетирование по продуктам; Формирование маркетинговых программ и рекламно-информационных материалов по продуктам; Анализ показателей «здоровья продуктов»; Участие в формировании портфеля новых продуктов Компании; Сотрудничество с медицинским сообществом, специализированными агентствами по вопросам продвижения продуктов; Проведение обучающих мероприятий внутри Компании и на внешних площадках; Работа в команде: лидирование проектов совместно с дизайнером, аналитиком, интернет-маркетологом; Повышение привлекательности сайтов и лендингов по продуктам; Анализ рынка и конкурентной среды, поиск новых каналов привлечения целевой аудитории; Документальное сопровождение всех проектов, внутренняя отчетность перед руководством Компании.",https://hh.ru/vacancy/104353996
"Бренд-менеджер/продакт -менеджер (пищевые, кондитерские продукты)",Бородулин Максим Александрович,120.0,,,,,От 1 года до 3 лет,ГПХ,5/2,,"форма, транспорт","поиск и общение с контрагентами (контрактные производства, типографии, производители); разработка новых позиций, линеек продукции, брендов; коррекция существующих товарных позиций, предложения по изменению ассортимента, форматов, упаковки; Подготовка сезонных коллекций кондитерских изделий 2 раза в год - у нас большой оборот праздничной продукции!; разработка дизайна упаковки с привлечением дизайнеров, тестирование упаковочных материалов, работа с типографиями по конструкциям упаковки; подготовка и реализация ТЗ для производства и контроль качества; координация отделов и управление сроками всех этапов разработки продуктов; подготовка контента для информационных материалов; анализ конкурентов, чтобы выявить плюсы и минусы их продуктов, чтобы вывести формулу лучшего продукта, посещение выставок и сбор контактов; контроль маржинальности/ ценообразования/ бюджетирования; разработка стратегии по выводу новых товаров; организация проведения тестирования продукта на реальных продажах и потребителях на маркетплейсах, с привлечением менеджера по маркетплейсам; осуществление доработки продукта, внесение исправлений и корректировок; аналитика продаж, выручки и маржинальности; обеспечение всей документацией о продукте менеджеров по продажам (В2В и маркетплейсы): презентации, коммерческие предложения; разработка совместно с менеджерами по продажам продукции под брендами заказчика: торговых сетей и крупных клиентов -у нас большой пул СТМ сетей! ведение актуальной базы знаний о продуктах: спецификации, лог данные, макеты, презентации, информационно-рекламные материалы; Что ждем: Необходим сотрудник с опытом разработки новых пищевых продуктов и на сходных рынках FMCG. Опыт работы с документооборотом, поставщиками и клиентами. Желателен опыт работы с дизайнерами, типографиями, производствами упаковок, этикеток, и других различных услуг, заказчиками. Приветствуется опыт поиска товаров/ниш для продажи на маркетплейсах, или через аналитику сетей. Точное и строгое выполнение мелких поручений руководителя: поиск информации, разработка брифа, поиск поставщиков услуг, размещение у них заказа. Работа с документацией. Важно: Вы - увeренный пользовaтель ПK; МS Word, МS Еxcеl; gоogle-тaблицы, opфoграфическaя грaмотнocть, бaзoвые знaния интернет-продвижения. Работа с проектными системами задач приветствуется. Нужен ответственный неравнодушный, любознательный и оптимистически настроенный сотрудник. Также важно умение работать самостоятельно, планировать свое время.",https://hh.ru/vacancy/124463044
"Менеджер по препаратам/Продакт-менеджер (промо-направление Педиатрия, Rx+OTC)",Канонфарма продакшн,,,,,,От 3 до 6 лет,ТК,5/2,,"форма, подарки, кофе","Разработка и реализация маркетингового плана по Rx и OTC препаратам; Сегментирование, таргетинг и позиционирование препаратов на рынке; Анализ рынка и конкурентной среды; Анализ и прогнозирование продаж; Создание маркетинговых программ и рекламно-информационных материалов по препаратам; Сотрудничество с медицинским сообществом, специализированными агентствами по проектам продвижения препаратов; Ведение digital-проектов по продвижению препаратов; Проведение обучающих мероприятий по препаратам; Формирование и контроль бюджетов на продвижение препаратов; Участие в разработке ценовой политики; Документальное сопровождение всех проектов, внутренняя отчетность перед руководством Компании.",https://hh.ru/vacancy/120834494
Технический консультант/Ассистент Продакт менеджера,ProfiStaff,150.0,150.0,,,,От 1 года до 3 лет,ТК,5/2,,"форма, обучение","Проведение презентаций, обучающих мероприятий, участие в конференциях и выставках Техническая поддержка и сопровождение продаж Техническая консультация дилеров по продукту, поддержка партнёров Сбор и анализ информации по конкурентам Анализ и работа с рекламациями Выезд к клиентам, контроль соблюдения норм установки фурнитуры",https://hh.ru/vacancy/121698164
Продакт-менеджер в отдел дистрибуции стороннего ПО,1С,,,,,,От 1 года до 3 лет,ТК,5/2,,"форма, обучение","Прохождение специализированных курсов (продажи, лицензирование, пресейл, технические etc), сертификаций, участие в вебинарах вендора и конкурентов. - Анализ и мониторинг конкурентных решений. (",https://hh.ru/vacancy/125168364
"Продакт-менеджер ЖБИ смотровые устройства (колодцы) связи, люки",Связьстройдеталь,,,,,,От 1 года до 3 лет,ТК,5/2,2 раза в месяц,"страхование, питание, бесплатное питание, форма, премии","Разработка стратегии развития продуктовой линейки в России. Оптимизация себестоимости продукта. Управление ценообразованием (проектным, оптовым, розничным). Разработка &quot;с нуля&quot; новых продуктов или продуктовых линеек, как собственного производства, так и в формате ОЕМ. Мониторинг и анализ рынка конкурентов, сбор и анализ маркетинговой информации. Подготовка конкурентных карт. Участие в управлении ассортиментом, формирование и оптимизации складских запасов, логистических параметров изделия. Составление и выполнение плана продаж по вверенным группам продукции. Контроль и анализ его исполнения. Наполнение сайта контентом по вверенной продуктовой линейке. Разработка маркетинговых материалов. Контроль за актуальностью технической документации продукта, маркетинговых материалов по продукту. Технические консультации. Участие в региональных выставках, конференциях. Помощь и подготовка технико-коммерческой информации по запросу отделов активных и проектных продаж.",https://hh.ru/vacancy/124021967
Продакт-маркетинг менеджер,SORP Group,,,,,,Более 6 лет,ТК,5/2,Еженедельно,,Анализ существующих продуктов и сегментов. Формирование ценностного предложения. Подготовка описаний и материалов для продаж. Сравнение с конкурентами (бенчмаркинг). ,https://hh.ru/vacancy/124189862
Ведущий продакт-менеджер,ПЛЭЙТУДЭЙ СНГ,,,,,,От 1 года до 3 лет,ТК,"5/2, 30/18",,"бонус, кофе","Продуктовая стратегия и ассортимент: Разработка и реализация продуктовой стратегии своей ассортиментной группы; Анализ рынка, конкурентов и потребительских трендов; Участие в формировании и оптимизации ассортиментной матрицы; Участие в выборе моделей для сезонных коллекций и разработка новых предложений совместно с дизайнерами; Управление жизненным циклом продукта: от идеи до запуска и последующего анализа продаж; Мониторинг финансовых показателей категории, работа над увеличением прибыльности. Работа с дизайном и производством: Постановка задач дизайнерам, контроль разработки коллекций; Подготовка технических заданий для производства, взаимодействие с технологом при запуске моделей; Контроль качества образцов и готовой продукции; Размещение заказов на фабриках и контроль сроков их выполнения. Взаимодействие с поставщиками: Поиск и отбор новых поставщиков, проведение коммерческих переговоров и торгов по ценам; Ведение взаимодействия с поставщиками на всех этапах: от отбора моделей до отгрузки продукции; Заключение контрактов, подписание заказов и контроль их исполнения; Формирование и ведение необходимого документооборота, подготовка инструкций для поставщиков; Контроль за своевременной отгрузкой образцов и соблюдением сроков; Отправка претензий поставщикам и мониторинг их исполнения. Координация и взаимодействие с внутренними подразделениями: Взаимодействие с отделами логистики, маркетинга и продаж для успешного вывода продукта на рынок; Создание заявок на оплату и контроль их исполнения. Мы ждем от будущего коллеги: Опыт работы продакт-менеджером / бренд-менеджером / категорийным менеджером от 2 лет (желательно в fashion- или retail-сегменте); Глубокое понимание модной индустрии, особенностей работы с товарными группами, знание тканей и технологий пошива; Знание всех этапов производства и основ материаловедения; Умение работать с технической документацией; Навыки анализа рынка и прогнозирования трендов; Организованность, умение работать в команде; Знание английского языка.",https://hh.ru/vacancy/125105262
Product manager / Продакт-менеджер (рецептурное направление),Flex,,,,,,От 1 года до 3 лет,ТК,5/2,,обучение,"Анализ рынка и конкурентного окружения; - Разработка и реализация маркетинговой стратегии; - Планирование доходной и расходной частей бюджета; - Управление P&amp;L; - Участие в разработке и расширении продуктовой линейки и управление проектами по запуску новых продуктов; - Активное взаимодействие со смежными функциями (отдел развития, регистрация, финансы, производство, коммерческий отдел и др.); - Продуктовое обучение полевых сотрудников и сотрудников аптек.",https://hh.ru/vacancy/118496720
Продакт-менеджер (противовирусная терапия),«ОТИСИФАРМ»,,,,,,От 1 года до 3 лет,ТК,5/2,,"ДМС, страхование, форма, премии, обучение","Изучать и анализировать рынок, конкурентов, вести аналитику в рамках категории; Создавать и реализовывать краткосрочную и долгосрочную стратегию продвижения вверенных брендов; Вести продакт-планирование активностей бренда, в том числе медиапланирование; Планировать и реализовывать omni-channel проекты для специалистов здравоохранения и потребителей; Соблюдать параметры профитабельности. Создать и реализовать стратегию продвижения брендов в формате OTX, вести P&amp;L; Готовить презентации, информационные материалы, POSm для клиентов; Осуществлять совместные проекты с KOL&#39;s; Разрабатывать цикловую стратегию и проводить обучение сотрудников департамента продаж (МП, КАМ). Профиль успешного кандидата: Высшее образование: медицинское/фармацевтическое; Опыт работы на позиции менеджера по продукту в фармацевтической компании-производителе ЛС – от 1 года; Умение работать с аналитическими базами; Навык краткосрочного и долгосрочного планирования; Опыт подготовки маркетинговых планов; Владение Excel, Power Point.",https://hh.ru/vacancy/121989583
Продакт-менеджер (производство медицинской одежды),Вострикова Анастасия Александровна,,,,,'2-3,От 1 года до 3 лет,ГПХ,2/3,Ежемесячно,форма,"1. Разработка и улучшение продукта Подбор и тестирование новых образцов совместно с командой отдела продукта. Доработка существующих моделей, контроль качества образцов. Создание архива образцов и контактной базы фабрик и поставщиков. 2. Работа с текущими партнерскими производствами (Россия, Кыргызстан) Планирование и контроль производственного графика и поставок. Ведение договоров, актов передачи материалов, ОТК-отчётов. Организация закупки тканей и расходников (фурнитура, упаковка и др.). Курирование агентов по проверке качества, контроль устранения брака. 3. Подбор новых поставщиков и фабрик Поиск и переговоры с российскими и киргизскими фабриками (тестирование новых подрядчиков). Сравнение предложений, получение скидок и рассрочек. Заключение контрактов, оптимизация себестоимости. 4. Документооборот и отчётность Подготовка ТЗ, договоров, спецификаций. Учет затрат и контроль себестоимости. Подготовка регулярных отчётов для команды. Учет в МойСклад. Критерии оценки кандидата: Опыт в закупках и управлении производством от 2–3 лет. Опыт работы с фабриками в России, Кыргызстане, Китае. Опыт работы с одеждой. Навыки ведения производственного документооборота: договоры, акты, ТЗ, ОТК-отчёты. Владение Excel/Google Таблицами; опыт работы в МойСклад или 1С.",https://hh.ru/vacancy/124579982
Продакт-менеджер,ГК Лит Трейдинг,150.0,,,,,От 1 года до 3 лет,ТК,5/2,Ежемесячно,,"Управление товарной группой: Продвижение продукта под собственным товарным знаком; Анализ рынка, мониторинг цен конкурентов и поставщиков; Выбор производителя для каждой модели; Контроль развития рынка сбыта продукции. Ценообразование: Разработка максимально выгодных предложений для сбыта продукции с целью увеличения продаж; Разработка и проведение акций; Обеспечение расширения ассортимента действующих клиентов за счет введения новых товаров. Работа с поставщиками: Взаимодействие с производителем для получения лучших цен и условий; Определение технологических процедур допродажного контроля качества; Согласование с поставщиком документации по сервису и дизайну; Ответственность производителя за массовый брак; Договоренности о поставках запчастей.",https://hh.ru/vacancy/121431371
Продакт-менеджер (очистка сточных вод),ПК Поли-Групп,150.0,250.0,,,,Более 6 лет,ТК,5/2,2 раза в месяц,"форма, премии, кофе, чай","Выезды в командировки, проведение встреч с представителями водоканалов, проектных институтов; Организация и проведение семинаров, презентаций, встреч (50% времени); Заключение договоров и контроль их исполнения (счета, оплаты, отгрузки, дебиторская задолженность); Ведение учета и отчетов в CRM; Взаимодействие c различными отделами офиса и складом, в рамках должностных обязанностей. Требования : Опыт работы в продажах оборудования для очистки сточных вод обязателен; Желание и готовность погружаться в технические тонкости производства и технологию работы данного оборудования; Знание ключевых игроков «рынка»; Высокий уровень коммуникативных и презентационные навыков; Умение работать с большим объемом информации, обучаемость, целеустремленность, клиентоориентированность. Умение работать с техническими документами, чтение чертежей (желательно); Уверенный пользователь ПК; Знание и опыт работы с информационными базами: 1C 8, Битрикс24 или аналогах. Высшее образование (техническое); Ответственность, коммуникабельность, исполнительность, внимательность; Грамотная устная и письменная речь; Активная жизненная позиция; Условия : Оформление по ТК РФ, белая заработная плата, выплачивается 2 раза в месяц без задержек; Уровень оплаты готовы обсудить индивидуально, по результатам собеседования, доход состоит из фиксированного оклада и премии; Испытательный срок - 3 месяца; Полный рабочий день с 9:00 до 18:00, суббота и воскресенье выходные; Компенсация мобильной связи, Чай, кофе, вода для сотрудников в офисе; Есть возможность повышения квалификации (семинары, тренинги); Дружный коллектив.",https://hh.ru/vacancy/123348268
Руководитель товарного направления/Продакт-менеджер (Светильники для ЖКХ),TDM ELECTRIC,140.0,300.0,,,,От 3 до 6 лет,ТК,5/2,,,"разработка стратегии товарного направления; управление товарным ассортиментом; планирование и обеспечение производства комплектующими; управление запасами; анализ и отчетность; взаимодействие с другими подразделениями компании. Ожидания: высшее образование (экономическое, коммерческое, техническое); опыт работы в сфере управления товарным направлением не менее 3 лет;",https://hh.ru/vacancy/123710080
"Продакт-менеджер (диагностика, аксессуары для КРС)",ТК ЯРВЕТ,,,,,,От 1 года до 3 лет,ГПХ,5/2,,"ДМС, страхование, форма, бонус, обучение","Исследовать рынок и анализировать конкурентов, чтобы определить потребности клиентов и уникальные возможности для своего продукта; Разработка нового продукта в области фармакологии и биотехнологии; Поиск подрядчиков и исполнителей для проведения всех необходимых этапов разработки; Реализация и контроль всех этапов разработки; Инициализация процесса регистрации и контроль за его проведением; Контроль производства и внедрения продукта на рынок; Подготовка отчетов, презентаций, тренингов по новой продукции; Поиск субстанций, проверка всей необходимой документации; Анализ рынка и определение продуктов на разработку; Двойные визиты к пользователям (на производство); Обучение сотрудников и клиентов.",https://hh.ru/vacancy/124306562
Продакт-менеджер (Product Manager),КОМИТАС,,,,,,От 3 до 6 лет,ТК,5/2,,"ДМС, бонус, бонусы, подарки, обучение",Управление жизненным циклом продукта от разработки до вывода на рынок и поддержки (программно-аппаратные комплексы). Проведение исследования требований рынка к...,https://hh.ru/vacancy/124768216
Продакт менеджер (категория Обувь),"Бренд одежды, обуви и аксессуаров LIMÉ",,,,,'9-18,От 3 до 6 лет,ТК,"5/2, 9/18, 10/19",Еженедельно,"ДМС, скидки, обучение","Создание ассортиментной матрицы с учетом цен, глубин заказов, сроков, жизненного цикла товара и других атрибутов. Формирование принципов расчета заказов по...",https://hh.ru/vacancy/124728205
Бренд-менеджер/продакт-менеджер,Восток-Сервис,,,,,,От 1 года до 3 лет,ТК,"50/60, 5/2, 4/1, 3/2",,"ДМС, форма, подарки, обучение","Стимулирование продаж СИЗ рук Развитие собственного бренда ГК &quot;Восток-Сервис&quot; Регулярные встречи с персоналом компаний-клиентов (крупнейшие промышленные предприятия страны) Консультирование клиентов, подбор ассортимента Участие в проведении испытаний образцов на территории клиента Обеспечение необходимой маркетинговой и технической поддержки продукта Обучение и поддержка отделов продаж Продвижение ассортимента совместно с менеджерами по продажам Что для нас важно: Высшее образование Опыт работы продакт-менеджером или менеджером по продвижению продукта на рынке B2B Отличные презентационные и коммуникативные навыки Готовность к командировкам (50-60% рабочего времени)",https://hh.ru/vacancy/120681080
Продакт-менеджер по зубообрабатывающему оборудованию,Вебер Комеханикс,,,,,,От 3 до 6 лет,ТК,5/2,,"ДМС, форма","Хорошее знание модельного ряда каждого из производителей по зубообработке Знание всех конструктивных и эксплуатационных особенностей каждой из моделей станков каждого производителя Подбор оборудования и режущего инструмента в соответствии с техническими заданиями и потребностями заказчиков Разработка технологических процессов обработки зубчатых венцов Консультации и техническая поддержка менеджеров по продажам оборудования Переговоры с заказчиками, консультации заказчиков Проведение семинаров и учебных мероприятий для заказчиков, подготовка презентаций различного характера Ведение деловой переписки с поставщиками оборудования Технические переговоры с поставщиками оборудования, совместная работа над проектами Разработка и согласование договоров поставки, приложений к договорам, доп.соглашений с заказчиками и поставщиками (на русском и английском языках), размещение заказов на заводах-изготовителях, контроль производства, приемка оборудования на заводах-изготовителях по качеству и заданным показателям Техническая поддержка сервис-инженеров и технологов при сдаче оборудования Техническая поддержка заказчиков в процессе эксплуатации оборудования, организация ремонтных работ Мониторинг деятельности конкурентов и сбор информации – как по российским поставщикам, так и по иностранным и российским производителям Поиск новых производителей и поставщиков, организация работы с ними Перевод коммерческой информации, технической документации на оборудование и программных интерфейсов с китайского и английского языков Подготовка материалов для вебсайта и каталога оборудования Компании; Готовность к командировкам. Наши пожелания к соискателям: высшее техническое образование (желательно в области машиностроения, металлообработки) опыт в развитии направлений, разработке стратегии продаж и продвижения продукта. знание рынка потребителей машиностроительного оборудования РФ и СНГ, основных поставщиков и производителей зубообрабатывающего оборудования системность мышления, опыт в управлении проектами Клиентоориентированность. Развитая эмпатия, коммуникабельность, способность к нахождению общего языка с клиентом и аргументированному отстаиванию позиций компании. Умение понятно и просто объяснить технически сложные вещи. умение работать в команде на общий результат Знание английского языка на уровне не ниже intermediate, достаточном для письменных и устных коммуникаций с поставщиками, производителями, а также для изучения технической документации. Что мы Вам предлагаем взамен на Ваш опыт и знания: Работу в стабильной компании; Трудоустройство и социальные гарантии согласно ТК РФ (оплачиваемый отпуск, больничные листы, ДМС, мобильная связь); Официальное трудоустройство; График 5/2 (гибкое начало дня); Офис в шаговой доступности от м. Новохохловская, улица Новохохловская, 21 к2/c1.",https://hh.ru/vacancy/115934464
Менеджер по продукту / Продакт-менеджер / Product manager (ОТС),Канонфарма продакшн,,,,,,От 3 до 6 лет,ТК,5/2,,"форма, подарки, кофе","Разработка и реализация маркетинговой стратегии, направленной на конечного потребителя или специалистов, выбор основных каналов для продвижения, коррекция соответсвенно текущим условиям рынка; Разработка и реализация стратегии запуска и продвижения ОТС препаратов; Прогнозирование продаж, бюджетирование продаж и затрат продуктов в зоне ответственности, выполнение KPi; Анализ рынка и конкурентной среды, поиск новых каналов привлечения целевой аудитории; Участие в формировании ассортиментного портфеля компании, разработка мер по по его улучшению; Участие в подготовке ценовой политики по продукту; Разработка тактики продвижения препаратов в соответствии с принятой стратегией; Подготовка, организация и проведение маркетинговых мероприятий; Эффективное взаимодействие с лидерами мнения (КОЛ); Проведение обучающих мероприятий внутри Компании, а так же на внешних площадках; Подготовка рекламно-информационных статей, посвященных применению препаратов компании (методические пособия, презентации, POS-материалы), для различных целевых аудиторий; Участие в подготовке сайтов и лендингов по продуктам; оценка эффективности маркетинговых мероприятий, а также выполнение поставленных KPI.",https://hh.ru/vacancy/104342462
"Продакт-менеджер (трубопроводы, насосное оборудование)",Русклимат,,300.0,,,,От 1 года до 3 лет,ТК,5/2,,"ДМС, форма, скидки, обучение","Анализ конкурентов (систематический сбор и анализ информации о продукции, ценовой политики, позиционирования и маркетинговой активности конкурентов); Анализ конкурентоспособности своего ассортимента и сопоставление его потребительских свойств, цены, технических параметров с аналогичными показателями конкурирующей продукции, выпускаемой другими компаниями; Развитие ассортиментного портфеля компании: оптимизация, ввод новых продуктов. Активная работа с поставщиками в части характеристик продуктов, коммерческих вопросов; Составление для последующего утверждения с Руководителем направления детализированного сезонного плана закупок-продаж; Выполнение принятого плана и его ОПЕРАТИВНУЮ коррекцию +/-, вычисление оптимального переходящего стока, online контроль остатков по подразделениям, управление дефицитом, перестоком; Управление продажами, а именно: координация деятельности сбытовых структур, определение списка ключевых клиентов, участие в переговорном процессе с ними, определение коммерческих условий и цен для ключевых клиентов, контроль исполнения на уровне сбытовых отделов; Ценообразование, участие в бюджетировании и планировании продаж; Анализ и постоянное развитие географии продаж; Составление сезонных планов маркетинговых коммерческих и рекламных мероприятий, PR-акций, предоставление контента; Своевременная постановка задачи и предоставление контента для изготовления упаковки, инструкций, сертификатов; Совместно с учебным центром разработка многоуровневых программ обучения, оперативная коррекция учебных материалов; Проведение обучения и презентаций для сотрудников сбытовых структур компании.",https://hh.ru/vacancy/123584971
"Руководитель направления (продакт-спонсор) ""Теплообменное оборудование""",Ридан Трейд,,,,,'1-2,От 3 до 6 лет,ТК,"1/2, 25/35",,"страхование, питание, бесплатное питание, форма, транспорт","Продвижение технических решений, способствующих развитию продаж теплообменного оборудования (ТО); Проведение обучающих семинаров для сотрудников и партнеров Компании; Участие в переговорах с крупными клиентами компании в качестве технического эксперта; Создание презентаций, статей по продукции и областям ее применения; Отслеживание технической информации по конкурентам, подготовка контр- аргументации; Подготовка к выводу и вывод новых типов на рынок; Взаимодействие с производством ТО по вопросам оптимизации конструкции и снабжения комплектующими; Отслеживание, анализ продаж все продуктовой линейки и ее оптимизация; Разработка и выполнение специального плана действий по повышению лояльности клиентов. Требования : Высшее образование по специальности: промышленная теплоэнергетика, теплоэнергетика, энергетика теплотехнологий, теплофизика; Знания основ теплотехники и гидравлики, основ проектирования систем отопления; Опыт работы с программами по подбору теплообменного оборудования; Знать основные схемы тепловых пунктов и владеть технологией подбора ТО; Навыки создание и проведение презентаций, технических обучений; Дополнительные: целеустремленность коммуникабельность, высокий уровень технических знаний.",https://hh.ru/vacancy/118279853
Старший продакт менеджер по сельскохозяйственному направлению,«ОХК «Уралхим»,,,,,,От 1 года до 3 лет,ТК,5/2,Ежемесячно,"ДМС, обучение","Управление продуктовым портфелем Общества по сельскохозяйственному сегменту, развитие новых продуктов. Вывод и продвижение новой продукции (сервисов, услуг) на ключевые рынки...",https://hh.ru/vacancy/124452490
Продакт-менеджер Косметика,Cotton Club (Коттон Клаб),,150.0,,,,От 1 года до 3 лет,ТК,5/2,,"ДМС, форма, бонус","Погружение в категорию продукта, его свойства, специфику производства Анализ рынка и товарных категорий по данным внутренних/внешних данных Участие в формировании ассортиментных линеек по категории &quot;Подарочные наборы&quot; Разработка новых продуктовых линеек в категории Взаимодействие с кросс-функциональными отделами (дизайнеры, производство и Департамент продаж) Мы ожидаем от успешного кандидата: Высшее профильное образование; Обязателен опыт работы Младшим Продакт-менеджером/Продакт-менеджером в компаниях производителях food/non-food от 1,5 лет; Опыт написания тех. задания дизайнерам, умение донести своё видение дизайнерам; Продвинутый пользователь Excel.",https://hh.ru/vacancy/124715294
Менеджер по продукту/ Продакт- менеджер (non-food),УНИКС,,,,,'9-18,От 3 до 6 лет,ТК,9/18,2 раза в месяц,"ДМС, форма, подарки","Анализ и отслеживание конкурентов, трендов, новинок рынка. Вывод новых продуктов и торговых марок на рынок, работа с СТМ. ",https://hh.ru/vacancy/124766256
Продакт-менеджер,ГК Фармасинтез,,,,,,От 1 года до 3 лет,ТК,5/2,Ежемесячно,"ДМС, форма","1. Разработка маркетинговой стратегии Формирование маркетингового плана по продуктам: позиционирование, коммуникационные ключи, УТП; Определение целевой аудитории (пациенты, врачи, фармацевты, блогеры) и каналов воздействия; Участие в запуске новых продуктов; 2. Анализ и планирование: - Анализ рыночных тенденций, конкурентной среды, динамики продаж. Расчет потенциала препаратов, обоснование прогноза сбыта и объёмов закупа; Участие в формировании продуктового портфеля: жизненный цикл, перезапуск, вывод; 3. Работа с контентом и продвижением Построение стратегии продвижения в digital и offline среде: лендинги, вебинары, мероприятия, соцсети, POS-материалы, PR; Взаимодействие с агентствами(дизайн, SMM, PR, производство); Участие в подготовке медицинских и потребительских материалов: аннотации, листовки, инструкции, инфографика. 4. Координация кросс-функциональных процессов Взаимодействие с отделами продаж, e-com, regulatory, логистикой, производством; Обеспечение своевременного вывода продукта в розницу и на маркетплейсы. Работа с медицинским отделом - согласование информации по продукту, научное обоснование эффективности. 5. Коммерческая поддержка Разработка программ лояльности, акций, трейд-маркетинговых активностей; Обеспечение обучения торговых команд и аптечных сотрудников (онлайн/офлайн); Участие в выставках, конференциях, промо-мероприятиях.",https://hh.ru/vacancy/124434297
Продакт менеджер (Бытовые клеи),LAB Industries,,,,,,От 1 года до 3 лет,ТК,5/2,,"ДМС, страхование, форма, бонус","Разработка стратегии развития категории: определение ключевых показателей эффективности, разработка стратегии и реализация ключевых инициатив Исследование рынка/анализ данных или инсайтов для определения тенденций в отрасли и потребителях Анализ текущего ассортимента, подготовка предложений по вводу/выводу ассортиментных позиций, разработка требований по модификации продукции. Проведение систематических тестирований продуктов Управление процессом по созданию новых продуктов, упаковки. Модернизация текущего ряда упаковок, разработка дизайна, новой формы упаковки Участие в ценообразовании в различных каналах продаж, ассортимента продукции Поддержка ATL и BTL в команде со старшим продакт менеджером, бренд менеджером и отделами маркетинговых коммуникаций и трейд маркетинга Эффективное сотрудничество с отделом продаж и технической поддержки для разработки и осуществления мероприятий по поддержке продаж Тесное сотрудничество со всеми функциями, такими как производство, планирование спроса и предложения, R&amp;D в рамках проектов",https://hh.ru/vacancy/120598950
Продакт-менеджер TDMS (Технический документооборот и управление проектами),"СиСофт, (CSoft)",,,,,,От 1 года до 3 лет,ТК,5/2,,"ДМС, форма","Подготовка и проведение презентаций по продукту; Подготовка маркетинговых материалов (подготовка историй успехов, брошюр и прочее); Организация подготовки методических материалов по продукту; Разработка стратегии и осуществление взаимодействия с партнерами (ИТ-компании); Ведение сайта продукта; Подготовка и проведение мероприятий по продукту (совместно с коллегами).",https://hh.ru/vacancy/124558340
AI- продакт (Средний бизнес),Альфа-Банк,,,,,'10-15,От 3 до 6 лет,ТК,"10/15, 5/2",,"ДМС, форма, скидки","Повышать уровень монетизации действующих моделей; Разрабатывать и внедрять стратегию покрытия бизнес-процессов моделями; Брать лидерство в части реализации крупных и сложных внедрений (10-15% от бэклога); Формировать и защищать бэклог разработки моделей по задачам в рамках своей зоны ответственности; Находить лучшие практики в других подразделениях и внедрять в зоне своей ответственности; Обогащать бизнес технической экспертизой, а технических специалистов погружать в бизнес цели и потребности.",https://hh.ru/vacancy/125211362
Продакт менеджер RX и ОТС в фармкомпанию,ДИАМЕД-ФАРМА,,,,,,От 1 года до 3 лет,ТК,5/2,,"ДМС, форма, премии","Мы - современная российская диверсифицированная фармацевтическая компания, основанная в 2008 году, сфокусированная на разработке, регистрации и продвижении оригинальных препаратов, а также поставках продукции ведущих российских фармацевтических производителей в страны СНГ. В настоящий момент компания в поиске продакт менеджера. Обязанности: Стратегическое и операционное управление брендами, в т.ч. лонч и ребрендинг; Развитие продуктового портфеля; Планирование , прогнозирование, бюджетирование по брендам; Разработка и реализация маркетингового плана, промоционных кампаний, активностей и программ в различных каналах коммуникации (digital, аптеки, полевые сотрудники); Анализ рынка и конкурентов, поведения и потребностей потребителей; Контроль и оценка эффективности всех маркетинговых активностей продукта/бренда; Подготовка и организация обучения по продукту для по закрепленному продукту/бренду для сотрудников отдела продаж; Управление и контроль разработки маркетинговых и POS-материалов; Работа с финансовыми показателями продукта/бренда; PnL отчет; Участие в кроссфункциональных проектах, обеспечение эффективной коммуникации с сотрудниками подразделения и других отделов для выполнения общих планов и активностей.",https://hh.ru/vacancy/124710170
Руководитель отдела продакт-менеджеров (игрушки),РОСМЭН,,,,,'9-18,От 3 до 6 лет,ТК,"5/2, 9/18, 10/19",,"форма, скидки","1. Управление командой продакт-менеджеров (9 человек) : организационные вопросы, постановка задач и контроль выполнения; организация взаимодействия со смежными подразделениями 2. Работа с поставщиками: организация и контроль размещения заказов в срок в связи с потребностью в товаре, контроль условий и сроков поставок. 3 . Контроль закупочных цен и мониторинг рынка: анализ текущих цен на рынке, мониторинг предложений конкурентов, контроль закупочных цен, организация процесса по их оптимизации; 4. Организация процесса контроля качества поставляемой продукции. 5. Планирование закупок и управление запасами: участие в формирование плана закупок на год, формирование прогнозов для поставщиков, контроль их выполнения; управление запасами для обеспечения своевременной поставки на склад и бесперебойной работы; совместная работа с отделом продаж и бренд-менеджерами для прогнозирования спроса; подготовка и ведение отчетности по закупкам. 6. Сертификация, маркировка продукции: инициация необходимости сертификации, отслеживание процесса – контроль работы менеджеров. 7. Упаковка продукта: контроль работы команды по локализация дизайна упаковки совместно с командой бренд-менеджеров и дизайнеров. 8. Контроль наличия информации о продукции для заведения в систему. 9. Контроль процесса подготовки продуктовых визуальных материалов.",https://hh.ru/vacancy/124606138
Продакт-менеджер (разработка фоторедакторов),AMS Software,,,,,'8-11,От 3 до 6 лет,ТК,5/2,,форма,"Управление линейкой приложений для обработки фото Разработка плана развития продуктов Составление технических заданий Работа с командой: постановка задач разработчикам и дизайнерам, контроль соблюдения сроков Участие в проектировании новых функций и интерфейсов Тестирование гипотез, формирование и внедрение УТП Что будет полезным: Опыт запуска или развития программных продуктов Опыт написания технических заданий Базовые компетенции в области UX Понимание сути ценностных предложений Навыки проектной работы в формате гибкой разработки Понимание возможностей AI в сфере обработки изображений ЧТО ВЫ ПОЛУЧИТЕ, ЕСЛИ УСТРОИТЕСЬ НА РАБОТУ К НАМ: Гибкий график. Начинать рабочий день можно с 8 до 11 часов. Возможность обучаться и развиваться в сфере управления продуктами Адекватное руководство. Вы не останетесь с проблемами «один на один», в любой момент сможете посоветоваться с коллегами или руководителем. Корпоративные занятия английским языком - дистанционно или офисе. Дружный коллектив и корпоративы. Продуманная система коммуникации. Все задачи ставятся через «Мегаплан», поэтому всегда чётко ясно, кто за что отвечает и на какой стадии находится выполнение каждого задания.",https://hh.ru/vacancy/125121878
"Менеджер по препаратам / Продакт-менеджер / Product manager (Rx, ОТС)",Канонфарма продакшн,,,,,,От 3 до 6 лет,ТК,5/2,,"форма, подарки, кофе","Разработка и реализация маркетинговой стратегии по Rx и OTC препаратам; Сегментирование, таргетинг и позиционирование препаратов на рынке; Анализ рынка и конкурентной среды; Анализ и прогнозирование продаж; Создание маркетинговых программ и рекламно-информационных материалов по препаратам; Сотрудничество с медицинским сообществом, специализированными агентствами по проектам продвижения препаратов; Ведение digital-проектов по продвижению препаратов; Проведение обучающих мероприятий по препаратам; Формирование и контроль бюджета на продвижение препаратов; Участие в разработке ценовой политики; Документальное сопровождение всех проектов, внутренняя отчетность перед руководством Компании.",https://hh.ru/vacancy/110989942
Продакт-менеджер (расходные материалы ВЕНТ),Русклимат,,300.0,,,,От 1 года до 3 лет,ТК,5/2,,"ДМС, форма, скидки, обучение","Анализ конкурентов (систематический сбор и анализ информации о продукции, ценовой политики, позиционирования и маркетинговой активности конкурентов); Анализ конкурентоспособности своего ассортимента и сопоставление его потребительских свойств, цены, технических параметров с аналогичными показателями конкурирующей продукции, выпускаемой другими компаниями; Развитие ассортиментного портфеля компании: оптимизация, ввод новых продуктов. Активная работа с поставщиками в части характеристик продуктов, коммерческих вопросов; Составление для последующего утверждения с Руководителем направления детализированного сезонного плана закупок-продаж; Выполнение принятого плана и его ОПЕРАТИВНУЮ коррекцию +/-, вычисление оптимального переходящего стока, online контроль остатков по подразделениям, управление дефицитом, перестоком; Управление продажами, а именно: координация деятельности сбытовых структур, определение списка ключевых клиентов, участие в переговорном процессе с ними, определение коммерческих условий и цен для ключевых клиентов, контроль исполнения на уровне сбытовых отделов; Ценообразование, участие в бюджетировании и планировании продаж; Анализ и постоянное развитие географии продаж; Составление сезонных планов маркетинговых коммерческих и рекламных мероприятий, PR-акций, предоставление контента; Своевременная постановка задачи и предоставление контента для изготовления упаковки, инструкций, сертификатов; Совместно с учебным центром разработка многоуровневых программ обучения, оперативная коррекция учебных материалов; Проведение обучения и презентаций для сотрудников сбытовых структур компании.",https://hh.ru/vacancy/124428082
Руководитель отдела маркетинга / Продакт Маркетинг,Daewoo Power Products,150.0,300.0,,,'5-2,От 3 до 6 лет,ТК,5/2,,"форма, транспорт","Создание уникального ассортимента на рынке: - Активное участие в создании линейки продукции на основании анализа рынка, потребностей покупателей и конкурентной среды. - Разработка продукта с нуля: Цветовое решение, Брендирование, Упаковка, Рекламные материалы по каждому продукту. - Формирование стратегии реализации совместно с отделами Продаж и Закупок и контроль выполнения. - Анализ существующей линейки и предложения по ее улучшению на основе изучения настроения покупателей и конкурентной среды. - Анализ коммерческих результатов после вывода нового продукта. • Продвижение и Реклама продукта на рынке: - Ежегодный фирменный каталог в соответствии с фирменным стилем. - POS - материалы по всем товарным группам. - Медиа активность и развитие собственного Youtube-канала. - PR стратегия направленная на развитие бренда и продукта. - Программа лояльности для Постоянных покупателей. - Формирование линейки фирменного торгового оборудования. - Контроль процессов разработки полиграфической и сувенирной продукции в соответствии с фирменным стилем. • Организация и проведение маркетинговых мероприятий: - Разработка и реализация маркетингового плана. - Согласование технических заданий, рекламных и информационных материалов; - Планирование и проведение выставочных мероприятий. - Бюджетирование, контроль использования маркетингового бюджета. • Управление сотрудниками отдела: - Постановка задач по основным отделам и контроль их выполнения: Дизайнеры / Интернет-Маркетинг / Видео и Фото операторы. - Контроль работы и корректировка структуры отдела. • Управление внутренними коммуникациями между основными отделами: Продажи - Закупки- Маркетинг - Реклама.",https://hh.ru/vacancy/124630490
Продакт-менеджер (стеновые панели и двери),АЙ ПИ ТИ ГРУПП,,,,,,От 3 до 6 лет,ТК,5/2,,"ДМС, форма, обучение","Аналитика рынка и конкурентов: Мониторинг спроса по сегментам и направлениям Исследование ассортимента конкурентов Анализ ценовой политики, маркетинговых активностей, отзывов покупателей. Разработка и управление продуктом: Формирование продуктовой стратегии (ассортиментная матрица, ценовые сегменты). Работа с поставщиками (отбор, согласование условий, контроль качества). Участие в создании ТЗ для новых коллекций (дизайн, размеры, характеристики). Маркетинг и продвижение: Разработка УТП (уникального торгового предложения) для разных каналов продаж. Подготовка контента (технические описания, каталоги, инструкции, обзоры). Взаимодействие с маркетингом (акции, email-рассылки, таргетированная реклама). Активные продажи и работа с клиентами: Обучение менеджеров по продажам (продуктовая экспертиза, скрипты). Анализ возражений и отзывов клиентов Разработка программ лояльности для B2B-партнеров и партнерских продаж (строительные компании, дизайнеры). Логистика и складское управление: Контроль остатков, прогнозирование спроса. Участие в оптимизации поставок (сроки, минимальные партии).",https://hh.ru/vacancy/124640467
Продакт-менеджер по группе ЦНС препаратов,"БЕЛУПО, лекарства и косметика д.д.",,,,,,От 3 до 6 лет,ТК,5/2,Ежемесячно,"ДМС, проезд, транспорт","Разработка стратегии и тактики продвижения продуктов компании, направленных на увеличение продаж; Разработка и исполнение маркетингового плана; Планирование и распределение бюджета, контроль за расходами по продвижению; Внедрение проектов по продвижению продуктов компании; прогноз продаж; Подготовка промо - материалов по продуктам; Подготовка обучающих материалов для МП и фармацевтов; Ежемесячный анализ рынка в конкурентных кластерах, анализ деятельности ключевых конкурентов; Взаимодействие с сотрудниками отделов продаж по вопросам продвижения, позиционирования продуктов; Взаимодействие с OL, подготовка презентаций; Организационная работа по участию в конгрессах, конференциях, координация;",https://hh.ru/vacancy/124643062
Продакт менеджер,Премиум Эстетикс,,,,,,От 1 года до 3 лет,ТК,5/2,Ежемесячно,"форма, бонус, бонусы","Развитие продуктовой линейки: анализ рынка и конкурентов, участие в формировании позиционирования и «упаковке» преимуществ. Создание и адаптация материалов: презентации, обучающие тексты, сценарии для видео, карточки для соцсетей. Поддержка команды продаж: проведение внутренних тренингов, консультации, помощь в проработке возражений. Взаимодействие с клиниками и врачами: организация обучений, сбор обратной связи, кейсов и экспертных отзывов. Работа с лидерами мнений: участие в исследованиях, организации докладов, подготовке научных публикаций. Участие в продвижении: разработка идей для digital-активностей, мероприятий, спецпроектов. Использование современных digital-инструментов и нейросетей для ускорения и усиления маркетинговых процессов.",https://hh.ru/vacancy/124579111
Продакт-менеджер (Серверы/ СХД/ Комплектующие ПК/ Системы видеонаблюдения/ ИБП),VVP Group,200.0,,,,,От 3 до 6 лет,ТК,"5/2, 30/18, 30/17",Ежемесячно,"ДМС, премии, скидки, обучение, кофе, чай","Закупки и продвижение линейки продуктов в зависимости от опыта работы и пожеланий будущего сотрудника: серверы, СХД, системы видеонаблюдения, ИБП (бренды Huawei, XFusion, Lenovo, Dell, HPE, Cisco, Hikvision, HiWatch, Dahua, APC, Ippon, CyberPower и другие); Закупки и продвижение компьютерных комплектующих: оперативная память, жёсткие диски, видеокарты и тд. (бренды: Samsung, Kingston, Kioxia, Micron/Crucial, Netac, Silicon Power, WD, Seagate, PNY, Asus и другие); Работа с интеграторами и сборщиками IT оборудования; Формирование и контроль бюджета; Управления закупками, управление ценообразованием; Анализ эффективности маркетинговых кампаний и проектов в целом; Работа с поставщиками для успешного запуска всех новинок; Постановка задач менеджерам по продажам и маркетологам для продвижения товаров своей категории. Что должен иметь успешный кандидат: Обязателен опыт продвижения аналогичных продуктов, особенно приветствуется опыт в серверном и сетевом оборудовании; Знание основных производителей и новых тенденций на рынке; Английский язык - пригодится в ежедневной работе на уровне переписки; Опыт во внешнеэкономической деятельности - как дополнительные преимущества; Наличие базы проверенных поставщиков и клиентской базы будет дополнительным преимуществом; Инициативность, желание получать новые знания и развиваться; Умение анализировать цифры и «отделять зерна от плевел», определять истинные причины; Находчивость и предприимчивость для достижения результата вопреки преградам; Энергичность и сильное желание добиваться превосходных результатов; Честность. Готовность и возможность организовать связь с прежними руководителями для получения характеристик Вашей работы.",https://hh.ru/vacancy/117103343
Продакт-менеджер (климатическое оборудование),Бриз - Климатические Системы,,,,,,От 1 года до 3 лет,ТК,5/2,,"ДМС, форма, бонус, бонусы, скидки, обучение, кофе","Развитие товарного направления; Систематический сбор и анализ информации о продукции, ценовой политики и маркетинговой активности конкурентов; Глубокое изучение ассортимента, разработка технических решений совместно с техническим отделом и производителями; Анализ конкурентоспособности ассортимента товарного направления; Полный цикл ведения переговоров с поставщиками: согласование условий сотрудничества и договорных обязательств; Планирование и контроль осуществления закупок; Управление текущими остатками, участие в составлении квот по подразделениям; Совместно с департаментом продаж проведение переговоров с клиентами; Участие в создании стратегии продаж по товарной группе и её выполнение; Совместная работа с департаментом рекламы и маркетинга по созданию системы продвижения и узнаваемости брэнда; Разработка программ обучения, с учетом специфики сбытовых подразделений, оперативная коррекция учебных материалов, корректировка технологии продаж продукта. Обучение менеджеров по продажам. Что для нас важно: Опыт работы продакт-менеджером; Опыт работы в климатической сфере или сфере оборудования - будет преимуществом; Опыт взаимодействия с заводами-производителями; Навыки работы с большими объемами информации, в т.ч. с анализом аналитических данных; Высшее образование. Приветствуется высшее образование по профилю ОВиК; Амбиции на достижение цели, упорство в работе, гибкий быстрый аналитический ум, чувство цифр, развитые аналитические способности, высокий уровень самодисциплины; Знание английского языка на уровне ведения самостоятельной переписки; Уверенный пользователь Excel, 1C, Power Point. Работа в &quot;Бриз&quot; - это: Работа в компании-лидере рынка климатического оборудования России и СНГ; Престижный доход в «белой» компании, оформление по ТК РФ; Расширенный пакет ДМС для Вас и возможность подключить к ДМС Ваших близких; Эксклюзивные скидки на продукцию «Бриз» для сотрудников компании; Современный бизнес-центр, просторный стильный офис и комфортные рабочие места; Офис в 10 минутах от: - метро/ МЦК Ботанический сад и центра города - парковая пешеходная линия «Сада Будущего» по пути от метро и МЦК в офис - рядом также платформа РЖД Ростокино, ВДХН и парк Яуза; Несколько кафе на территории бизнес-центра; Несколько кухонных зон и вендоров в офисе «Бриза», кофе-машины; Корпоративная мобильная связь; Корпоративная компьютерная техника (согласовывается при необходимости); Возможность работать удаленно в случае форс-мажора; График работы обсуждаем: с 08:00 до 17:00, с 09:00 до 18:00, с 10:00 до 19:00. А также: Дружная команда лучших профессионалов рынка, программы адаптации и карьерного развития, корпоративный коучинг, программы обучения; Богатая корпоративная культура (корпоративные активности во всех локациях компании; тематические мероприятия, праздники и вечеринки; поздравления с профессиональными и календарными праздниками; тематические конкурсы для сотрудников; спортивные командные мероприятия; программа активностей для детей сотрудников; благотвор",https://hh.ru/vacancy/125098261
Продакт-менеджер в отдел маркетинг ТМ PresiDent,Премьер-продукт,,,,,,От 1 года до 3 лет,ТК,5/2,,"ДМС, подарки, скидки, обучение",Вывод на рынок новых продуктов для канала E-com и HoReCa Анализ рынка конкурентов и тенденций на маркетплейсах Разработка стратегии развития бренда в краткосрочном и долгосрочном периоде Рекомендации по созданию карточек товара (коммуникационное сообщение) Помощь в организации маркетинговых мероприятий НАШИ,https://hh.ru/vacancy/124374188
Старший продакт-менеджер (Лонгидаза),Петровакс Фарм,,,,,,От 3 до 6 лет,ТК,5/2,,"ДМС, форма, бонус","Управление P&L продукта, планирование и контроль финансовых показателей здоровья продукта. Вы - CEO своего проекта! Разработка и реализация маркетинговой стратегии...",https://hh.ru/vacancy/123283333
Продакт-менеджер по развитию и трансформации логистики,ТракМоторс,,,,,,От 3 до 6 лет,ТК,5/2,,"форма, проезд, транспорт",Анализ и проверка гипотез для трансформации подразделения логистики (транспортной и складской). Формирование roadmap проектов и контроль их выполнения. ,https://hh.ru/vacancy/124562599
"Продакт-менеджер на категории автозапчастей (Камаз, Маз, Газ, Ваз, МТЗ)",Хомченко Максим Альбертович,,,,,'3-5,От 3 до 6 лет,ТК,3/5,,,"Проведение глубокого исследования спроса и предпочтений целевой аудитории, изучение поведения покупателей. Оценка рыночной ситуации, отслеживание тенденций в сегменте отечественных автозапчастей, мониторинг действий основных игроков рынка. Планирование ассортимента товаров, подготовка рекомендаций по расширению или сокращению линейки продукции. Регулярное обновление каталога запчастей, оптимизация ассортимента и устранение слабых позиций. Постановка целей и задач команде продаж, координация усилий различных подразделений компании. Обеспечение роста объема продаж и прибыли путем повышения эффективности продвижения и дистрибуции. Контроль уровня запасов и своевременное пополнение складов необходимых товаров. Сбор и обработка отзывов клиентов, формирование предложений по улучшению качества обслуживания и сервиса. Составление детальных планов мероприятий по развитию продукта и его продвижению на рынке. Презентация результатов своей работы руководству компании и партнёрам. Требования к кандидату: Образование высшее техническое или экономическое. Наличие подтвержденного опыта работы в сфере автозапчастей минимум 3–5 лет. Глубокое понимание структуры вторичного рынка автозапчастей для техники КАМАЗ/МАЗ/ МТЗ/ГАЗ/ВАЗ, знакомство с принципами функционирования автодистрибьюторов и ритейлеров. Владение основными инструментами анализа рынка и оценки прибыльности продукции. Опыт формирования ассортиментной матрицы, умения проводить ABC-анализ и XYZ-анализа товаров. Навыки эффективного взаимодействия с поставщиками и покупателями, ведение переговоров на высоком профессиональном уровне. Собственный успешный опыт увеличения продаж автомобильных комплектующих. Грамотность речи, уверенное владение деловым стилем общения. Высокий уровень самоорганизации, стрессоустойчивость, ответственность и инициативность. Базовые знания правовых аспектов торговли автомобильными запчастями, сертификации продукции. Дополнительные преимущества кандидата: Английский язык (будет плюсом при работе с зарубежными партнерами)",https://hh.ru/vacancy/124767972
Продакт/проджект-менеджер функциональных продуктов BIKKI,Бикеева Юлия Талгатовна,60.0,,,,,От 1 года до 3 лет,ГПХ,5/2,2 раза в месяц,"форма, бонус, бонусы",Участвовать в создании базы данных по бренду вместе с фаундером и постоянно поддерживать ее актуальность. Вести полный контроль текущих продуктов...,https://hh.ru/vacancy/124461245
Групп продакт-менеджер,ГК Фармасинтез,,,,,,От 3 до 6 лет,ТК,5/2,Ежемесячно,ДМС,"Стратегическое планирование - Разработка и реализация кратко- и долгосрочной стратегии для продуктовой группы;- Определение маркетинговых приоритетов, продуктового позиционирования, ключевых сообщений;- Формирование бизнес-планов, прогнозов продаж, планов продвижения; Управление командой продакт-менеджеров - Постановка задач, контроль исполнения, наставничество;- Оценка эффективности и развитие сотрудников;- Обеспечение кросс-функционального взаимодействия (регистрация, логистика, производство, медицина, digital); Маркетинговая деятельность - Координация запуска новых продуктов и продвижения текущих;- Работа с медицинским и диджитал маркетингом, создания МП- и DTC-кампаний;- Анализ конкурентов, рынка, потребительского поведения;Взаимодействия с KOL и профессиональным сообществом; Финансовое планирование и аналитика - Формирование и контроль маркетингового бюджета;- ROI-оценка активности;- Подготовка регулярных отчетов по KPI: доля рынка, выручка, оборачиваемость, узнаваемость бренда.",https://hh.ru/vacancy/121804923
"Категорийный менеджер/Продакт-менеджер ТН ""Бытовая химия, Уход и красота, Гигиена""",ГАЛА-ЦЕНТР,170.0,,,,,От 1 года до 3 лет,ТК,"1/5, 5/2",,,"Комплексное ведение категорий «Бытовая химия», «Уход и красота», «Гигиена» во всех каналах компании. Разработка и реализация ассортиментной стратегии: ABC/XYZ-анализ, регулярный ввод новинок, своевременный вывод неэффективных SKU. Поддержка полного промо-цикла: сетевые листовки, micro-/gender-сезоны, in-out-акции; согласование цен, макетов и дат выхода. Мониторинг и достижение KPI (оборот, валовая прибыль, наценка, ROS); подготовка квартальных отчётов и презентаций для руководства. Проведение плановых переоценок с учётом конкурентного анализа и изменений рынка. Партнёрские переговоры с действующими и новыми поставщиками: условия, цены, сроки, поиск альтернатив и новинок. Согласование шок-цен, прикассовой матрицы, спецакций «1/5/10» и позиционных промо совместно с мерчандайзингом. Координация логистики: прогноз поставок, информирование РЦ, контроль резервов, управление остатками и дефицитами. Системная работа с аналитикой и маркетингом: проверка цен и контента, контроль публикаций, оценка эффективности промо-мероприятий. Регулярные полевые визиты в собственные ТТ и к конкурентам для оценки ассортимента, цен, выкладки и маркетинговых активностей. Пожелания к кандидату: 2+ года самостоятельного управления категориями «Бытовая химия / Уход и красота / Гигиена» в федеральном розничном ритейле (500+ ТТ, 300+ SKU) Успешный опыт работы с ассортиментом: ABC/XYZ-анализ, ввод новинок, вывод slow movers, управление P&amp;L категории. Сильные переговорные навыки: личное заключение контрактов с производителями Практика ведения полного промо-цикла (сетевые листовки, in-out, шок-цена) и регулярных переоценок на основе мониторинга конкурентов. Уверенное владение Excel: сводные таблицы, модели для расчёта маржи и оборачиваемости Опыт кросс-функционального взаимодействия с маркетингом, логистикой, аналитикой и мерчандайзингом Структурированность и системное мышление, ответственность за результат, гибкость мышления и методов, проактивная позиция Условия сотрудничества: Быстрый профессиональный рост: работаем в зоне постоянных изменений рынка и даём возможность сразу «качать» новые компетенции. Команда сильных практиков: ежедневная работа плечом к плечу с экспертами федерального и международного уровня. Культура гибкости — «всегда на высоте»: меняемся быстро, поощряем инициативу, ценим проактивность и ответственность. Оформление по ТК РФ с первого дня, отпуска и больничные — всё официально. Корпоративная техника для работы (ноутбук, мобильная связь); График работы 5/2 Социальная поддержка (реальная финансовая помощь сотрудникам, оказавшихся в тяжелых жизненных ситуациях, а также в целях поддержки семей сотрудников); Уютный офис класса &quot;А&quot; рядом со ст. м. Парк Культуры. Наша команда непрерывно растёт, пополняясь новыми, опытными специалистами высокого класса - настоящими экспертами в своей профессиональной области. Мы ценим в своих сотрудниках амбициозность в поставленных целях. Мы рады предложить работу профессионалам, которые готовы реализовывать свои навы",https://hh.ru/vacancy/124364329
Бренд-менеджер/Продакт-менеджер/Категорийный менеджер (премиальная линейка детских смесей),ИНФАПРИМ,,,,,,От 3 до 6 лет,ТК,5/2,,ДМС,"Анализ рынка, трендов, конкурентной среды, изучение потребностей целевой аудитории. Разработка и запуск новых продуктов. Управление ассортиментом. Разработка позиционирования бренда и коммуникационной стратегии. Разработка и реализация стратегии развития бренда. Формирование маркетингового плана. Анализ и контроль эффективности рекламных компаний. Разработка ценовой политики Разработка рекламных материалов, POSM, сувенирной продукции. Планирование и управление бюджетом, анализ эффективности затрат.",https://hh.ru/vacancy/125036352
Продакт-менеджер,Гамма-Центр (банковское оборудование),,,,,'2-3,От 1 года до 3 лет,ТК,"2/3, 5/2, 9/30",,"бонус, бонусы","Управление товарной матрицей и поддержание её конкурентоспособности; Выявление и анализ потенциала ввода новых продуктов в ассортиментную матрицу, поиск новых и потенциальных поставщиков, мониторинг поставщиков конкурентов; Управление проектами по разработке и выводу новых и развития существующих продуктов; Взаимодействие с иностранными и местными производителями по всем вопросам продуктового характера: маркетингового, аппаратного и программного характера; Отслеживание технических новшеств в областях, связанных с вверенными продуктами; Постановка задач производителям по доработкам оборудования, контроль их исполнения; Поддержание в актуальном состоянии пакета технической и маркетинговой документации по продуктам; Проведение обучающих семинаров для отделов продаж; Командировки на зарубежные выставки и к иностранным деловым партнерам (2-3 раза в год). Какие у нас пожелания: Опыт работы продакт-менеджером, торговым представителем; Эффективное управление продуктом/группой продуктов на всех этапах жизненного цикла продукта; Знание китайского и английского языков на уровне, достаточном для устных и письменных переговоров Мы предлагаем : Сильную команду профессионалов: учись у лучших специалистов и делись своим опытом. Постоянное развитие: посещай тренинги, конференции и воркшопы — мы поддержим твое профессиональное и личностное развитие. Конкурентоспособная зарплата и бонусы: мы ценим твою работу и предлагаем достойное вознаграждение. Оформление по ТК РФ с первого рабочего дня; Официальную заработную плату, оплачиваемые больничные листы и отпуска; График работы 5/2 ( с 9-30 до 18-00); Карьерный рост; Место работы: г. Москва, ул. Пришвина, д. 8, Бизнес-центр РТС &quot;Алтуфьевский&quot;. Присоединяйтесь к нам и вместе добьемся больших результатов!",https://hh.ru/vacancy/124833372
Продакт-менеджер (гинекология),Авексима,,,,,,От 3 до 6 лет,ТК,5/2,,"ДМС, форма, подарки, скидки, кофе, чай","Разработка стратегии - формировать видение и цели для нашего продукта. Маркетинговая аналитика - проводить исследование рынков, конкурентов и потребностей наших клиентов. ",https://hh.ru/vacancy/123744614
"Ведущий продакт-менеджер/ Senior product Manager (ОТС, RX гинекология)",Валента Фармацевтика,,,,,'3-5,От 3 до 6 лет,ТК,"3/5, 26/10",,"ДМС, страхование, форма, бонус, обучение, транспорт","Развитие новых гинекологических продуктов (лончи 2024 года – инновационный препарат локальной МГТ и уникальное ИМН для устранения сухости в интимной зоне), включая разработку, защиту и реализацию маркетинговой и медицинской стратегии развития брендов: 3-5-10-летние планы продаж, разработка и корректировка позиционирования, инициативы по расширению линеек, идеи по новым продуктам, новые ниши для продвижения; Выполнение финансовых и маркетинговых KPI; 360° продвижение брендов с использованием различных инструментов, направленных на врачебное сообщество, потребителей, а также включая взаимодействие с аптечными сетями и другими участниками рынка; Формирование и развитие базы лояльных лидеров мнения федерального и регионального значения; Регулярный анализ рынка, конкурентной среды, прогнозирование продаж, бюджета, анализ ключевых показателей эффективности, подготовка и защита бизнес-ревью; Организация и контроль процессов на всех этапах жизненного цикла продукта; Управление, обучение, распределение проектов для специалиста брендов; Участие в кросс-функциональных проектах компании. Требования к кандидатам: Высшее образование. Маркетинг (предпочтительно, но необязательно); Желательно прохождение любых курсов по навыкам презентации, любые курсы связанные с диджитал продвижением.",https://hh.ru/vacancy/125059054
Продакт-менеджер,Фарм-Синтез,,,,,,От 3 до 6 лет,ТК,5/2,,ДМС,Разработка стратегии продвижения препарата в направлении акушерство-гинекология; Выполнение тактических мероприятий по реализации стратегии продвижения; Подготовка и размещение публикаций по препарату; Участие в подготовке промо материалов для продвижения препарата; Мониторинг и исследование рынка и конкурентного окружения с прогнозированием тенденций.,https://hh.ru/vacancy/124870749
Продакт-менеджер (системы отопления),Русклимат,,200.0,,,,От 1 года до 3 лет,ТК,5/2,Ежемесячно,"ДМС, скидки, обучение","Ввод в ассортимент новых товарных групп, поиск поставщиков, внедрение в собственное производство; Техническая обвязка продукта: паспорт а, инструкции, сертификаты, нормативная документ ация; Взаимодействие с органами по сертификации: получение сертификатов, протоколов испытаний, заключений и т.д. Участие в подготовке маркетинговых мероприятий (Аква-Терм, Запуск сезона, обучения, презентации и пр.); Ведение архива паспорт ов, коробок, сертификатов всех продуктов в группе; Администрирование вопросов, связанных с возмещением по страховым случаям, компенсациям по принятым претензиям, претензионная работа с заводом и другими поставщиками (функция заказчика у корпоративного сервисного центра); В тесном взаимодействии с производством участие в разработке новых моделей конвекторов;",https://hh.ru/vacancy/118820926
Продакт-инженер,Гамма-Центр (банковское оборудование),,,,,'2-3,От 1 года до 3 лет,ТК,"2/3, 5/2, 9/30",,обучение,"Взаимодействие с иностранными производителями по всем вопросам работы оборудования аппаратного и программного характера Тестирование образцов продуктов, тестирование программного обеспечения, технический анализ результатов тестирования. Определение необходимых технических параметров продукта, исходя из заданных потребительских свойств, и составление перечня технических требований к продукту. Поддержание в актуальном состоянии пакета технической документации по вверенным продуктам. При внесении производителем изменений в продукт, проверка их соответствия заданным потребительским свойствам продукта и подтверждение возможности допуска этой модификации к использованию. Участие в разработке планов-графиков работ по введению новых и развитию имеющихся продуктов. Отслеживание технических новшеств в областях, связанных с вверенными продуктами. Очное обучение (групповые семинары) инженеров. Участие в выставках и конференциях Командировки к зарубежным деловым партнерам (2-3 раза в год) Для нас важно: Опыт работы в области ремонта и обслуживания оборудования; Знание принципов работы и устройства различных типов электрооборудования; Умение работать с технической документацией; Опыт работы Инженером по продукту , ГИП, Инженером по продажам, Сервисным инженером, Инженером по ремонту с банковской техникой, ПО, электроникой от 1 года; Английский технический и разговорный (для обсуждения технических вопросов по софту и железу с иностранными производителями) не ниже Intermediate; Ответственность, внимательность, коммуникабельность; Высшее техническое образование!",https://hh.ru/vacancy/124833235
"Категорийный менеджер/Продакт менеджер ТН ""Хозтовары""",ГАЛА-ЦЕНТР,150.0,,,,,От 3 до 6 лет,ТК,5/2,,,"Комплексное управление ассортиментом. Управление эффективностью товарных групп, анализ ключевых показателей. Разработка новых товаров под СТМ, поиск новых товаров. ",https://hh.ru/vacancy/122606300
"Младший продакт-менеджер/Junior product Manager (OTC, Дерматология, мужское и женское здоровье)",Валента Фармацевтика,,,,,,От 1 года до 3 лет,ТК,26/10,,"ДМС, страхование, бонус, обучение, транспорт","Реализация тактики и контроль ключевых показателей эффективности продвижения по 2 продуктам портфеля &quot;Женское здоровье&quot;; Осуществление прогнозирования и планирования продаж/спроса; Разработка и реализация рекламных мероприятий на разные целевые аудитории; Контроль исполнения бюджета продаж и маркетингового бюджета по вверенным продуктам по всем ключевым и релевантным показателям; Контроль ключевых финансовых показателей по продуктам; Регулярный анализ рынка, конкурентной среды, подготовка ревью по продуктам; Участие в разработке долгосрочной стратегии развития продуктов. Участие в кросс-функциональных проектах компании",https://hh.ru/vacancy/124889701
Стажер продакт-менеджер,Банк ПСБ,,,,,,Нет опыта,ТК,30/40,,обучение,"Анализ пользовательского фидбека: выделение проблем, предложение гипотез Конкурентный анализ фичи: сравнение реализации похожего функционала у конкурентов Работа с бэклогом Детализация новых задач: проверка на наличие всех артефактов в задаче Контроль сроков выполнения задач. Например, задач на дизайн Административная работа, сопровождение олимпиад Ведение митингов: фиксация ключевых решений после совещаний Что важно для нас: В том числе Студент/выпускник факультета бизнес-анализа, менеджмента, IT или смежных направлений Базовое понимание процессов разработки ПО (гибкие методологии, цикл жизни продукта) Навыки работы с Excel - формулы и функции, сводные таблицы, обработка данных Навыки работы с системами управления задачами",https://hh.ru/vacancy/125423148
Продакт-менеджер по упаковке,ВкусВилл,,,,,'1-2,От 3 до 6 лет,ГПХ,1/2,,"ДМС, бонус","Создавать удобную навигацию и единый стиль для разных категорий товаров (заморозка, готовые блюда, свежие продукты). Разрабатывать новые виды упаковки, включая...",https://hh.ru/vacancy/124496666
Начинающий продакт менеджер,"Согласие, страховая компания",,,,,,Нет опыта,ГПХ,5/2,,"форма, бонус, обучение","сопровождение полного цикла реализации страхового продукта от формирования идеи до вывода продукта на рынок: координация процесса, взаимодействие со всеми профильными подразделениями и контроль за соблюдением сроков; продвижение продукта на рынок: участие в разработке стратегии продвижения, программы обучения партнеров и продавцов компании, создание рекламно-информационных материалов, участие в запуске акций, направленных на продвижение продукта, а также подготовка презентационных материалов; анализ рынка: следить за новыми трендами и изменениями в отрасли; взаимодействие с подрядчиками сервисных услуг: ведение переговоров, заключение договоров и совместная реализация различных активностей, направленных на продвижение.",https://hh.ru/vacancy/124214806
Продакт-менеджер/Категорийный менеджер,Компэл,200.0,250.0,,,,От 3 до 6 лет,ТК,5/2,,"ДМС, страхование, форма, обучение, кофе","Анализ рынка, поиск новых товаров и товарных категорий. Создание товарного предложения и введение в ассортимент, занятие целевой доли рынка. Контроль остатков, закупки товара, контроль оборачиваемости. Взаимодействие с поставщиками по ценам, условиям сотрудничества, кастомизации товара, совместным активностям. Постоянный мониторинг рынка, конкурентов. Разработка стратегии продаж товара и маркетинговой стратегии, построение планов продаж, корректировка и контроль их исполнения.",https://hh.ru/vacancy/124368688
Продакт менеджер / Product Manager / Маркетинг,Гринфилдс-Логистика,,,,,,От 1 года до 3 лет,ТК,5/2,,"ДМС, скидки","Планирование, разработка и запуск новых продуктов и услуг. Предложения по оптимизации, улучшения упаковки продуктов. Поиск лучших решений для упаковки. Создание и актуализация дорожных карт для действующих и новых продуктов, контроль их выполнения. Участие в формировании продуктовой стратегии компании, определение приоритетных направлений развития, оценка текущего видения и предложение корректировок. Проведение исследований, включая интервью с потребителями, анализ продуктовых метрик, отслеживание рыночных тенденции. Поддержание актуальности продуктовых каталогов компании. Проведение сравнительных дегустаций, анализ продуктовых отзывов.",https://hh.ru/vacancy/125135278
Продакт менеджер по продукту (женская одежда),Mechta Brand,,150.0,,,'9-10,От 3 до 6 лет,ТК,"5/2, 9/10",2 раза в месяц,,"работа с дизайнерами одежды при разработке новинок, работа с технологами и конструкторами, экспериментальными цехами; - организация примерок образцов; - составление плана разработки новинок ; - подбор тканей и фурнитуры для новой продукции; - согласование размерной сетки, подбор тканей, - расчет себестоимости, составление бюджета на разработку ; - составление отчетности, отслеживание эффективности ,продаж новинок; - взаимодействие со смежными отделами компании для эффективной работы.",https://hh.ru/vacancy/124463250
Продакт Beauty (маркетплейсы),Cosmeya,,,,,,От 1 года до 3 лет,ТК,5/2,,"бонус, бонусы","Руководить командой дизайнеров (постановка задач, контроль качества и сроков). • Разрабатывать и утверждать концепции карточек товаров с учётом алгоритмов маркетплейсов. • Контролировать, чтобы в карточках были акценты на УТП, боли и выгоды, а визуал цеплял внимание. • Анализировать конкурентов на маркетплейсах и внедрять лучшие практики. • Тестировать гипотезы в связке с маркетингом, отслеживать показатели конверсии карточек. • Обеспечивать единый стиль бренда. Про тебя: • Опыт работы с маркетплейсами (Wildberries, Ozon и др.) от 2 лет . • Опыт работы в сфере beauty/косметики. • Практический опыт создания и контроля карточек товаров (обязательно показать портфолио). • Понимание, какие визуальные и текстовые решения повышают конверсию. • Опыт руководства командой дизайнеров. • Умение проводить анализ ЦА и продукта, формулировать продуктовые гипотезы. Будет плюсом • Навыки работы с GPT или другими LLM для генерации идей и гипотез • Навык построения дизайн-процессов «под ключ» (от ТЗ до готовой карточки). Преимущества: • Удалённая работа (полная занятость/частичная занятость, 5/2). • Конкурентная зарплата + бонусы за рост конверсии карточек. • Работа с быстрорастущим брендом, где дизайн напрямую влияет на продажи.",https://hh.ru/vacancy/124321428
Продакт-менеджер (Детские товары),Give Creative,100.0,,,,,От 1 года до 3 лет,ГПХ,"5/2, 25/35",2 раза в месяц,форма,"Разработка и создание товаров под ключ (преимущественно Китай, реже Россия); Анализ категорий на российских и зарубежных площадках; Формирование УТП продукта; Поиск поставщиков, переговоры по условиям; Просчет юнит-экономики; Тестирование образцов и написание инструкций к товарам; Постановка ТЗ дизайнерам, согласование макетов. При необходимости поиск подрядчиков; Администрирование всех процессов производства продукта.",https://hh.ru/vacancy/124728189
Продакт-менеджер,БорисХоф,,,,,'2-3,От 3 до 6 лет,ГПХ,2/3,,"ДМС, скидки","формирование и реализация стратегии развития сайта как канала маркетинга и e-commerce; управление полным циклом разработки и доработки функционала: постановка требований, контроль сроков и качества; взаимодействие с подрядчиками, IT-командой и агентствами: согласование задач, контроль исполнения, приемка результатов; построение и оптимизация клиентских сценариев: заявки, корзина, бронирование, онлайн-продажи; разработка и внедрение новых сервисов и интеграций (CRM, ERP, маркетплейсы, платежные системы, аналитика); совместная работа с маркетингом и e-commerce для формирования акций, офферов и их корректного отображения на сайте; анализ показателей эффективности сайта: трафик, конверсии, SEO, юзабилити, техническая стабильность; внедрение A/B-тестов, оптимизация UX и UI; поддержка безопасности сайта, контроль обновлений и соответствие стандартам защиты данных; подготовка отчетности и презентация результатов руководству. Для нас важно: опыт работы продакт-менеджером или project-менеджером в digital/e-commerce (от 2–3 лет); понимание принципов web-разработки, UX/UI, клиентских сценариев; опыт постановки ТЗ и управления процессами доработки сайтов; знание систем аналитики: Яндекс.Метрика, Google Analytics, BI-инструменты; опыт интеграции сайта с CRM, ERP, платежными шлюзами и внешними сервисами; навыки управления подрядчиками и кросс-функциональными командами умение работать с данными и принимать продуктовые решения на основе аналитики; организованность, системное мышление, умение работать в условиях многозадачности.",https://hh.ru/vacancy/124822008
Продакт-менеджер,КАДР,150.0,250.0,,,,От 3 до 6 лет,ГПХ,5/2,Ежемесячно,чай,"Разработка эталонов и технических заданий для производства коллекций премиум-качества; Размещение заказов на производство, полный контроль сроков и качества исполнения; Разработка индивидуальных моделей с контрактными производствами; Оптимизация расходов на разработку, логистику и производство; Подбор сырья, материалов и подрядчиков (ателье, фабрики); Ведение претензионной работы с подрядчиками; Организация логистических процессов. Мы ожидаем от кандидата: Опыт работы продакт-менеджером в сфере производства одежды (премиум или люксовый сегмент); Отличное знание Excel (формулы, сводные таблицы), опыт работы с CRM/ERP-системами (Bitrix24 и аналоги); Развитый эстетический вкус, креативность и конструктивность; Умение самостоятельно находить решения, расставлять приоритеты и вести проекты от идеи до реализации; Исполнительность и нацеленность на результат.",https://hh.ru/vacancy/124882268
Образовательный продакт-менеджер (педагогический дизайнер),Московский институт психоанализа,,,,,,От 1 года до 3 лет,ТК,5/2,,"ДМС, скидки","Разрабатывать единый процесс по созданию методических материалов с экспертами; Отвечать за наполнение продукта и образовательные метрики; Прорабатывать методическую часть продукта с экспертом; Контролировать сроки, качество выполнения задач и отчетность оунеру продукта; Работать с внутренней экономикой продукта; Анализировать метрики, обратную связь и проводить исследования для формирования гипотез по улучшению ключевых, образовательных метрик; Разрабатывать стратегии улучшения / оптимизации внутренней части продукта",https://hh.ru/vacancy/125223270
Продакт менеджер/руководитель категорийного отдела,Планета Творчества,150.0,200.0,,,,От 1 года до 3 лет,ТК,5/2,2 раза в месяц,ДМС,"Ты умеешь работать с аналитикой, выстраивать ассортимент, формировать стратегию и вдохновлять команду. Что предстоит делать: Придумывать и запускать новые продукты...",https://hh.ru/vacancy/124642859
Продакт-менеджер,Московский институт психоанализа,,,,,,От 3 до 6 лет,ТК,5/2,,"ДМС, форма, скидки","Работать с разными форматами продуктов на разных стадиях жизненного цикла; Проводить исследования в поисках точек роста и строить гипотезы на основе полученных данных; Проверять и приоритизировать гипотезы; Выстраивать системную работу над метриками; Разрабатывать продуктовую стратегию; Выстраивать взаимодействие с разными кросс-подразделениями: маркетинг, ОП, ППС; Вести параллельно несколько продуктов; Планировать и работать с roadmap; Финансовое моделирование: работать с UE и P&amp;L; Создавать лендинги проектов и работать с лендингами на основном сайте; Работать не в режиме &quot;жду задачу&quot;, а быть проактивным и отвечать за результат",https://hh.ru/vacancy/125150981
Продакт-менеджер/Бренд менеджер/Продуктолог-аналитик/ Категорийный менеджер Wildberries Ozon,Кузьмина Диана Игоревна,70.0,80.0,,,,От 1 года до 3 лет,ТК,5/2,,"бонус, бонусы, обучение","Искать и подбирать актуальные товары и новинки на маркетплейс и иных источниках. Помогать в анализе трендов, ассортимента и конкурентов. ",https://hh.ru/vacancy/124383990
Продакт-менеджер,АСТОРИЯ КОСМЕТИК,,,,,'2-3,От 1 года до 3 лет,ТК,"2/3, 5/2",,форма,"Исследование и анализ рынка, конкурентов и потребностей пользователей для определения направлений развития продукта. Разработка стратегии развития продукта, включая определение целей, приоритетов и планов по улучшению характеристик и функционала. Взаимодействие с командами производства, дизайна, маркетинга и продаж для координации работы по созданию и выводу продукта на рынок. Управление жизненным циклом продукта, включая планирование, разработку, тестирование, запуск и послепродажное сопровождение. Сбор и анализ обратной связи от пользователей, определение требований к продукту и формирование задач для команд. Подготовка и презентация отчётов о состоянии продукта и его рыночных перспективах для руководства и заинтересованных сторон. Участие в принятии решений о выпуске новых версий продукта, оптимизация существующих функций и устранение ошибок. Мониторинг ключевых показателей эффективности (KPI) продукта и анализ их динамики для оценки успешности стратегии развития. Взаимодействие с отделом качества для обеспечения высокого уровня удовлетворённости пользователей и соответствия продукта стандартам качества. Подготовка предложений по оптимизации затрат на разработку и поддержку продукта.",https://hh.ru/vacancy/125371240
Продакт-менеджер (платежные сервисы и переводы),Россельхозбанк,,,,,,От 3 до 6 лет,ТК,5/2,,"ДМС, страхование, скидки, обучение","развивать платежные услуги и переводы денежных средств физических лиц; формировать видение продукта и бизнес-требования с целью максимизации его ценности, определять КПЭ и качественные результаты по продукту и сроки их достижения; формировать, приоритизировать и управлять бэклогом по продукту с учетом обратной связи от заинтересованных сторон; выстраивать коммуникацию с заинтересованными сторонами и заказчиками, а также с вендорами, платежными системами и региональными филиалами и подразделениями Банка; обеспечивать понимание всеми заинтересованными участниками видения и бэклога по продукту; понимать и участвовать в методологической работе по формированию ВНД, тарифов, клиентских документов и инструкций; анализировать конкурентов и потребности пользователей платежного сервиса. Основные ожидания: опыт работы в роли руководителя проекта/владельца продукта/менеджера команды; экспертное знание продуктов СБП для розничного сегмента; понимание продуктов СБП для корпоративного сегмента; знание банковского, валютного, гражданского законодательства; приветствуются знание в области эквайринга, биометрии, цифрового рубля; приветствуется опыт взаимодействия с национальными и международными платежными системами (НСПК, Visa, МС и др.).",https://hh.ru/vacancy/124539746
Руководитель проектов/Продакт со знанием английского языка (электроника/мультимедийное оборудование),Сервис Плюс,,,,,,От 1 года до 3 лет,ТК,5/2,2 раза в месяц,"форма, подарки","Управление полным циклом R&amp;D проектов, включая планирование, распределение ресурсов, контроль качества и соблюдение сроков. Установление и поддержание отношений с иностранными вендорами, проведение переговоров для обеспечения выгодных условий сотрудничества (очные). Обеспечение успешного запуска новых продуктов в производство на аутсорсинге, включая подготовку технической документации, решение возникающих проблем и контроль качества. Участие в сложных пресейлах, демонстрация технических преимуществ и возможностей новых продуктов потенциальным клиентам. Обеспечение технической поддержки и экспертизы для решения сложных задач, возникающих в смежных подразделениях, способствуя бесперебойной работе Анализ рынка и ценообразования продукции конкурентов для определения оптимальной стратегии развития продукта; Разработка концепций и создание маркетинговых материалов (брошюры, презентации, веб-контент) для продвижения новых продуктов. Выявление и оценка новых технологических трендов и определение их потенциала для создания новых продуктов и услуг. Разработка конструктивных решений и создание прототипов новых продуктов, включая физическую доработку и оптимизацию. Посещение объектов заказчика в странах СНГ (25% рабочего времени) для внедрения новых продуктов, решения технических вопросов и проведения обучения. Для нас важно: Высшее техническое образование (желательно электроника, радиотехника, информационные технологии) Опыт создания продукта с &quot;0&quot; или улучшения уже существующего. Ответственность за стратегию продукта. Опыт работы с продуктами и знание технических характеристик: мультимедийным оборудованием (желательно телевизоры, LCD-панели) или по другой электронике (компьютеры, средства измерения, станки) Знание рынке розничной торговли мультимедийного оборудования, позволяющий учитывать потребительские предпочтения при разработке и продвижении продуктов Опыт проведения очных переговоров на английском языке (у нас это китайцы) Чтение и понимание технической документации на английском которая поставляется вместе с продукцией из Китая Знание рынке розничной торговли мультимедийного оборудования, позволяющий учитывать потребительские предпочтения при разработке и продвижении продуктов Опыт эффективного взаимодействия с менеджерами коммерческого подразделения для обеспечения соответствия технических решений требованиям рынка и потребностям клиентов Готовность к командировкам в страны СНГ для проведения технических консультаций, внедрения новых продуктов и решения проблем у заказчиков (не более 25% рабочего времени)",https://hh.ru/vacancy/125454061
Продакт-менеджер ( производство ),Фабрика Творчества,,,,,,От 1 года до 3 лет,ТК,5/2,2 раза в месяц,форма,"Формирование команды R&amp;D отдела; Подготовка продукта к внедрению (разработка, корректировка, согласование ТЗ и прочей документации); Генерация идей, разработка и внедрение в производство новых видов продукции, расширение ассортиментного портфеля, оптимизация текущих продуктов; Разработка, составление и отработка рецептур в пилотных условиях. Подготовка, организация промышленных тестов, контрольных выработок: составление технического задания, актов, отчетов; Проведение ассортиментных комитетов; Оптимизация в части качества, себестоимости, состава; Работа с поставщиками: поиск, подбор, проработки нового или альтернативного сырья; Внедрение продуктов в производство и оказание технологической поддержки в начале запуска и продаж. Предоставление информации о продукте коммерческому отделу и отделу маркетинга; Участие в поиске и подборе технологического оборудования, технологических линий, предоставление информации для составления технических заданий; Мониторинг рынка ингредиентов и новых технологий для возможной оптимизации технологических процессов и повышения экономической эффективности предприятия.; Работа по выявлению и освоению технических новинок, научных открытий и изобретений, участие в конференциях, выставках, семинарах, вебинарах и т.д; Формирование, защита и исполение бюджетов по затратам и доходам; Участие в рабочих группах по проектам, по планированию и т.д; Взаимодействие с другими службами и отделами предприятия. Что мы ожидаем от кандидата: Умение генерить идеи и доносить их до команды и руководства, а также организовывать исследования; Умение анализировать, строить и проверять гипотезы: анализ конкурентов, анализ технологий, анализ данных; Стратегическое мышление, умение смотреть на проблему &quot;сверху&quot; Что предлагаем мы: Официальное оформление ТК РФ (своевременные выплаты 2 раза в месяц); Возможность профессионального и карьерного роста; Заработная плата, соответствующая Вашему профессиональному уровню и индексируемая в соответствии с ростом профессиональных навыков; Отсутствие дресс-кода; Поощрение профессионального развития (возможность обучения, участия в конференциях); Открытость руководства к новым идеям и предложениям, адекватное отношение к каждому сотруднику, без лишних формальностей и бюрократии.",https://hh.ru/vacancy/124540858
Продакт-менеджер телеком муфты и аксессуары для оптических кабелей,Связьстройдеталь,,,,,,От 1 года до 3 лет,ТК,5/2,2 раза в месяц,"страхование, питание, бесплатное питание, форма, премии","Разработка стратегии развития продуктовой линейки в России. Оптимизация себестоимости продукта. Управление ценообразованием (проектным, оптовым, розничным). Разработка &quot;с нуля&quot; новых продуктов или продуктовых линеек, как собственного производства, так и в формате ОЕМ. Мониторинг и анализ рынка конкурентов, сбор и анализ маркетинговой информации. Подготовка конкурентных карт. Участие в управлении ассортиментом, формирование и оптимизации складских запасов, логистических параметров изделия. Составление и выполнение плана продаж по вверенным группам продукции. Контроль и анализ его исполнения. Наполнение сайта контентом по вверенной продуктовой линейке. Разработка маркетинговых материалов. Контроль за актуальностью технической документации продукта, маркетинговых материалов по продукту. Технические консультации. Участие в региональных выставках, конференциях. Помощь и подготовка технико-коммерческой информации по запросу отделов активных и проектных продаж.",https://hh.ru/vacancy/124020802
