Должность,Работодатель,ЗП от (т.р.),ЗП до (т.р.),Средний совокупный доход при графике 2/2 по 12 часов,В час,"Длительность 
смены","Требуемый
опыт",Труд-во,График,"Частота 
выплат",Льготы,Обязаности,Ссылка
Менеджер объектных продаж (строительные материалы),Строительный Двор,80.0,130.0,,,,Нет опыта,ГПХ,5/2,,"форма, транспорт",Вести и пополнять клиентскую базу. Выстраивать долгосрочные партнерские отношения с клиентами. Профессионально консультировать клиентов по строительным материалам. Проводить переговоры и...,https://hh.ru/vacancy/125304661
Менеджер по продажам,Дельта системы безопасности,100.0,,,,,Нет опыта,ТК,5/2,Ежемесячно,"кофе, чай",Поиск клиентов В2В на закрепленной за сотрудником территории. Проведение личных встреч/телефонных переговоров. Консультирование существующих клиентов и поиск...,https://hh.ru/vacancy/123812783
Менеджер по оптовым продажам автозапчастей (начинающий специалист),ББС,,,,,,Нет опыта,ТК,5/2,Ежемесячно,премии,"Поддержание действующей клиентской базы. Выстраивание долгосрочных отношений с контрагентами. Анализ продаж и выработка предложений по их росту. Контроль отгрузок и дебиторской задолженности, работа в 1С (научим). Ключевые качества, навыки: Опытный пользователь ПК. Отличные коммуникативные навыки, активная жизненная позиция, ориентация на результат. Грамотная устная и письменная речь. Опыт работы в продажах автозапчастей в секторе B2B будет являться преимуществом.",https://hh.ru/vacancy/124259885
Специалист по работе с клиентами,НПФ Газфонд пенсионные накопления,70.0,,,,,От 1 года до 3 лет,ТК,5/2,,форма,"Личный приём и операционное обслуживание клиентов на входящем потоке (консультация клиентов по предварительной записи); Предложение клиентам пенсионных и партнерских продуктов (мы входим в ТОП 3 по уровню доходности среди НПФ); Оформление документов в информационной системе. Будем рады видеть Вас в команде, если Вы: Можете найти индивидуальный подход к клиенту; Имеете опыт продаж; Уверенный пользователь ПК. Со своей стороны,",https://hh.ru/vacancy/125448993
Менеджер по продажам,Ингосстрах,60.0,,,,'9-18,Нет опыта,ТК,5/2,,"ДМС, страхование, форма, обучение","Активный поиск и привлечение новых клиентов, формирование собственной клиентской базы; Обработка входящих лидов и контактов клиентов; Поддержание и развитие отношений с текущими клиентами; Продвижение страховых продуктов компании среди друзей и знакомых; Ответы на вопросы клиентов по продуктам, оформление страховой документации; Сопровождение процесса заключения договора страхования; Продвижение бренда компании «Ингосстрах» на рынке страхования.",https://hh.ru/vacancy/124592155
Менеджер по продажам БПЛА,Frobotics,100.0,300.0,,,'9-18,От 1 года до 3 лет,ТК,5/2,,"кофе, чай","Активные продажи БПЛА (входящий трафик); Изучение модельного ряда БПЛА, их особенностей и технических характеристик; Развитие долгосрочных партнерских отношений с текущими клиентами и ведение клиентской базы; Проведение презентаций продукции и услуг компании. Общение с клиентами и поддержание связи с ними на всех стадиях реализации проекта; Осуществление полного цикла подготовки сделок, заключение договоров; Консультирование клиентов по продукции и услугам компании; Организация и проведение встреч с действующими и потенциальными заказчиками Обеспечение высокого уровня сервиса и удовлетворенности заказчиков; Согласование условий и порядка оплаты, контроль за дебиторской задолженностью, составление и предоставление коммерческих предложений; Взаимодействие со смежными подразделениями Компании. Что мы от тебя ожидаем: Опыт продаж БПЛА и авиационных услуг (желательно, но необязательно), рассматриваем также кандидатов из области машиностроения и автомобильного рынка; Желание развиваться в сфере, которая помогает людям; Высокий уровень коммуникации и навыки проведения переговоров; Навыки работы с ПК и CRM-системами (Битрикс 24); Высшее образование; Желание погружаться в новые задачи и быть инициативным в их достижении; Уверенность в себе, амбициозность, не бояться совершать звонки и расширять клиентскую базу, ответственного и стрессоустойчивого. Будет преимуществом: Понимание разрешительной документации, связанной с БПЛА; Опыт работы с грантами; Опыт работы на зарубежных рынках. Приходи к нам, мы ждем именно тебя :) Отклики с сопроводительным письмом рассматриваются в первую очередь!",https://hh.ru/vacancy/125418588
Региональный менеджер по продажам,Венера,110.0,,,,'9-18,От 1 года до 3 лет,ТК,5/2,Ежемесячно,"форма, бонус, обучение","Привлечение новых потенциальных клиентов, развитие активной клиентской базы; - Ведение переговоров с клиентами, подготовка коммерческих предложений, заключение договоров, контроль исполнения условий действующих договоров с клиентами; - Контроль дебиторской задолженности; - Ежемесячное выполнение плана по объёму продаж; - Анализ рынка, сбор информации о потенциальных клиентах; - Ведение отчетности.",https://hh.ru/vacancy/125432679
Менеджер по продажам,ГК АВТОР,,170.0,,,,От 1 года до 3 лет,ТК,5/2,,,Знание продукта застройщика и конкурентов Ведение переговоров с клиентами Работа в CRM системе (мы обучим) Заключение договоров на покупку недвижимости Документальное сопровождение сделки Выполнение плана продаж,https://hh.ru/vacancy/125449802
Менеджер по продаже эксклюзивных проектов,Whitewill,,,,,,От 1 года до 3 лет,ТК,"5/2, 2/2",Еженедельно,"бонус, бонусы","оперативная обработка входящих обращений клиентов по стандартам компании; подбор объектов и назначение показов и встреч с клиентами; проведение показов в офисах продаж застройщиков или в офисе Whitewill; координация и курирование сделки до момента оплаты клиентом; отражение данных о своей работе в crm-системе компании; проведение брокер-туров на объектах и участие в еженедельных координациях команды. Работа менеджером отдела эксклюзивных проектов в Whitewill подойдёт вам, если: у вас есть опыт продажи жилых комплексов бизнес и премиум-класса и гордитесь крутыми результатами; понимаете, что такое клиентский сервис и умеете найти индивидуальный подход к каждому клиенту; вы готовы постоянно учиться и работать над своими ошибками; вы круто общаетесь, быстро находите общий язык с людьми, уверенно продаёте, отрабатываете возражения, закрываете сделки; вы можете продуктивно работать над несколькими задачами одновременно, при этом умеете сосредоточиться, внимательно прочитали текст вакансии и начнете сопроводительное письмо со слов: «Отличное начало».",https://hh.ru/vacancy/124952041
Менеджер по продажам (без поиска клиентов),СОВРЕМЕННИК,90.0,120.0,,,,Нет опыта,ТК,5/2,,"форма, премии, обучение","Алло..? Мы ищём таланты! Мы знаем, как ты хочешь построить карьеру. Важно найти такую работу, чтобы в ней не было никаких пределов.СОВРЕМЕННИК — взлётная полоса для тех, кто готов стремительно расти. Уже через три месяца сможешь стать специалистом по недвижимости ЧЕМ ПРЕДСТОИТ ЗАНИМАТЬСЯ . - профессиональное консультирование клиентов наших по объектам компании (встречи, ведение первичной документации, показ объектов недвижимости); - повышение узнаваемости и известности нашей компании; - проведение презентаций клиентов нашей компании; - работа с первичной документацией; - организация мероприятий и экскурсий на проекты для наших клиентов; - всегда работать в режиме многозадачности , повышая свой профессионализм; - стремиться стать экспертом в сфере продаж; - брать на себя ответственность и принимать решения самостоятельно; - владеть грамотной речью и применять ее на практике; - не стоять на месте и непрерывно совершенствовать себя со всех сферах; - работать с критикой в свой адрес; - учиться, учиться и еще раз учиться! МЫ ПРЕДЛАГАЕМ: - яркое и полномасштабное обучение за счёт компании; - проведение тренингов от ведущих спикеров страны; - стабильно растущая заработная плата; - работа в дружном и сплоченном коллективе; - рабочее место в современном офисе с новой техникой в самом центре города; - участие в выездных мероприятиях в разных городах (обучение); - посещение крупнейших девелоперских событий; - реализовывать свои идеи и проекты в компании; - участвовать в корпоративной культуре компании: книжные клубы, мастер-майнды, мозговые штурмы, корпоративы; - крутые инструменты нематериальной мотивации и поездка в г.Сочи за счёт компании! НЕМНОГО ФОРМАЛЬНОСТЕЙ: - график работы 5/2 с 10:00 до 19:00- с плавающими выходными , учитываются индивидуальные предпочтения; - оформление по ТК РФ и полный соц. пакет; - у нас несколько систем мотивации в построении заработной платы, вы сможете выбрать структуру оплаты труда (окладная часть от 40 тыс. рублей); - компания стала финалистом премии HeadHunter и нам не всё равно какое будет будущее наших сотрудников, мы хотим, чтобы команда любила свою работу и строила вместе с нами - работу мечты! Мы не ограничиваем Ваши возможности развиваться и зарабатывать больше, а только поддерживаем Ваши стремления, также у нас есть написанная система грейдов для Вашего карьерного роста! Если Вам близко то, что прочитали выше, у Вас горят глаза и Вы уже знаете, что такое успешные переговоры и продажи - ставьте отклик, присылайте резюме!",https://hh.ru/vacancy/123993517
Менеджер по работе с клиентами,Чистая Вода 100%,50.0,,,,,Нет опыта,ТК,5/2,2 раза в месяц,обучение,"Прием заказов; Подготовка сопроводительных документов; Ведение отчетности; Взаимодействие с производством. Что мы ждем: Грамотную речь; Опыт в продажах, если его нет - проведем обучение; Умение пользоваться ПК.",https://hh.ru/vacancy/125459718
Менеджер по продажам,НИУ БелГУ,,54.3,,,,От 1 года до 3 лет,ТК,5/2,,обучение,"Набор слушателей на учебные программы Центра развития компетенций; Осуществление исходящих звонков, обработка входящих заявок (лидов), рассылка коммерческих предложений; Работа в CRM-системе (Битрикс 24); Составление договоров, выставление платежных документов, контроль оплаты. Участие в очных и онлайн мероприятиях Центра развития компетенций.",https://hh.ru/vacancy/125234303
Руководитель дивизиона продаж​​​​​​​/Региональный менеджера по продажам,Дёке Трейд Маркетинг,225.0,,,,'1-2,От 3 до 6 лет,ТК,"5/2, 1/2, 2/3",,"ДМС, форма, подарки, обучение, проезд","Эффективное взаимодействие с оптовыми покупателями (дистрибуторами) на всех этапах осуществления сделок; Обеспечение выполнения дистрибуторами плана отгрузок и оплат; Работа с дебиторской задолженностью; Координация и контроль поставок: мониторинг стоков Дистрибьюторов, планирование поставок, решение различных вопросов; Контроль ценовой политики; Обеспечение и координация рекламно-информационной поддержки дистрибуторов и обеспечении их демонстрационным оборудованием; Развитие клиентской базы; Проведение встреч и переговоров, обсуждение коммерческих предложений, согласование ассортиментной матрицы; Участие в мероприятиях – конференции, выставки и т.д.; Контроль удовлетворенности партнеров, анализ проблем, подготовка предложений; Аналитика и отчетность: анализ рынка и маркетинговой активности конкурентов, сбор данных, подготовка регулярных отчетов; Ведение отчетной документации, оформление изменений и контрактов; Взаимодействие со структурными подразделениями компании.",https://hh.ru/vacancy/125454369
Менеджер по работе с клиентами,ГК Бафра,70.0,,,,,От 1 года до 3 лет,ТК,5/2,Ежемесячно,обучение,"Взаимодействовать с клиентами и руководителями по бухгалтерским, налоговым и бизнес-вопросам. Принимать входящие запросы от клиентов и распределять их между...",https://hh.ru/vacancy/125100810
Менеджер по продажам (направление IT),Спсофт,120.0,,,,,От 1 года до 3 лет,ТК,5/2,,"форма, премии, обучение","Выстраивает качественные и долгосрочные отношения с заказчиками. Ведёт активные продажи, развивая существующую клиентскую базу. Регулярно выполняет план продаж. ",https://hh.ru/vacancy/124418172
"Менеджер по работе с клиентами (финансовые услуги, B2B)",АФК ФинДирект,80.0,130.0,,,,Нет опыта,ТК,5/2,,"форма, обучение","Обрабатывать новые входящие заявки (у нас свой сайт, который под контролем отдела маркетинга генерирует новые лиды, и многие другие источники...",https://hh.ru/vacancy/124482904
Менеджер по продажам,ГК ЦЭР,100.0,200.0,,,,От 1 года до 3 лет,ТК,5/2,,обучение,Полный цикл работы с клиентами — от поиска до закрытия сделки. Продажа услуг экспертизы проектной документации. Ведение клиентской базы в CRM...,https://hh.ru/vacancy/121283264
Продавец-консультант / Менеджер по работе с клиентами,Рекруто,120.0,200.0,,,,Нет опыта,ТК,4/3,Ежемесячно,обучение,"Работать только с тёплыми и горячими клиентами (входящий трафик: шоу-рум, звонки, интернет-заказы, мессенджеры). Находить решение для клиентов, переходящее в успешную сделку (по материалам, брендам, технологиям, качеству, стилям, и так далее) Сопровождать сделки до момента оплаты, а дальше - немного расслабиться, предоставив работу Сервисному отделу - и переходить к новым клиентам:) Участвовать в профильных выставках - это интересно! Мы проверяли. Привносить свои идеи по улучшению процесса своей работы. Мы за то, чтобы от работы было удовольствие , и не только материальное, но и моральное. Мы ждем от вас: Горящих глаз и большого желания развиваться в продажах. Желания и способности оперативно погрузиться в продукт, разобраться в его нюансах - и впоследствии грамотно использовать эти знания в работе. Ответственности, инициативности, задора и оптимизма (куда же без этого??))",https://hh.ru/vacancy/125299599
Менеджер по продажам земельных участков (Коттеджный поселок Богородск Форест),Астерра,,,,,,От 1 года до 3 лет,ТК,"3/3, 2/2",,ДМС,"Ведение полного цикла сделок купли-продажи земельных участков. Консультирование клиентов по схемам купли-продажи и сопровождение их на каждом этапе (от первого звонка до заключения договора). Организация и проведение презентаций наших индустриальных парков. Формирование и поддержание актуальной клиентской базы. Проведение маркетинговых исследований для выявления потребностей клиентов. Документальное сопровождение сделок. Наши ожидания от кандидата: Опыт работы в сфере земельных отношений или загородной недвижимости. Отличные коммуникативные навыки, высокая работоспособность и активность. Умение работать в команде и нацеленность на результат.",https://hh.ru/vacancy/125391181
"Менеджер по продажам (B2B, Marketing)",VICTORY group,160.0,500.0,,,,Нет опыта,ТК,"5/2, 30/19",,"форма, премии, кофе","Ведение полного цикла активных продаж в сегменте B2B (работа с юр. лицами) ; Поиск клиентов по готовой базе ( звонки , выход на ЛПР, работа с возражениями ); Формирование и ведение собственной клиентской базы (выстраивание долгосрочных отношений с клиентами) ; Работа в CRМ.",https://hh.ru/vacancy/124579063
Менеджер по продажам,JDaI,203.0,221.0,,,,От 1 года до 3 лет,ГПХ,5/2,,обучение,Поиск клиентов и холодные звонки. Продажа услуг аутсаффинга. Подготовка и отправка КП и договоров. Согласование и отправка договора.,https://hh.ru/vacancy/125375997
"Менеджер по продажам, Барнаул",Буран,60.0,120.0,,,,Нет опыта,ТК,5/2,,обучение,"Работа по готовой клиентской базе и привлечение новых клиентов Повышение и поддержание личного уровня продаж Консультация покупателей и продажи в офисе продаж Оформление дел в CRM и 1C Работа со входящими звонками, письмами и заявками из интернет-магазина Контроль отгрузки товаров и поступления денежных средств Участие в выездных мероприятиях, отраслевых выставках",https://hh.ru/vacancy/125448289
Менеджер по продажам IT-продуктов,Roistat,,,,,,От 1 года до 3 лет,ТК,5/2,,"ДМС, форма, бонус, бонусы, обучение","Формировать базу потенциальных клиентов в В2В-секторе; Совершать звонки и выходить на ЛПР: генерального директора/руководителя отдела маркетинга/маркетолога компании; Проводить клиентам онлайн-презентации и показывать, как платформа Roistat помогает их бизнесу стать эффективнее; Совершать сделки и выстраивать долгосрочные отношения с клиентами. Мы рады встрече, если ты: Знаешь методы и этапы продаж; Имеешь опыт в B2B сегменте; Нацелен на результат. Плюсом будет, если ты: Вариативен в способах работы; Грамотно расставляешь приоритеты. Что у нас хорошего и полезного для тебя: Крутая и сплоченная команда единомышленников; Работа с продуктом, которым пользуются тысячи компаний; Мы помогаем адаптироваться и развиваться (руководитель поможет найти твои точки роста и прокачать их, а HR поможет по всем остальным вопросам); Оплачиваемое обучение от компании; 4 дополнительных выходных дня в году за счет компании; Мы платим бонусы за чтение профессиональной литературы; Проводим крутые корпоративы как для всей компании, так и внутри отделов; Общение на &quot;ты&quot;, насыщенная корпоративная культура; Стильный и уютный офис с просторной зоной отдыха, настольным футболом, PlayStation и всего в 7 минутах от м.Таганская/м.Марксистская; Официальное трудоустройство, полностью белая ЗП. Программа ДМС.",https://hh.ru/vacancy/124644079
Менеджер по продажам В2В,АЛАБУГА,150.0,300.0,,,,От 1 года до 3 лет,ТК,5/2,,форма,"Поиск и привлечение новых клиентов (входящий трафик тоже есть) Проведение онлайн/оффлайн встреч с потенциальными заказчиками Подготовка коммерческих предложений Ведение базы клиентов в AmoCRM, заполнение отчетности Заключение договоров с клиентами Командировки по РФ и СНГ Работа с Google таблицами Если тебя заинтересовали условия нашей вакансии, то ждем твоего отклика. Свяжемся в ближайшее время!",https://hh.ru/vacancy/125359025
Менеджер по работе с клиентами/Специалист по документообороту,Акустик Групп,73.5,85.0,,,,От 1 года до 3 лет,ТК,5/2,,"ДМС, подарки, транспорт, кофе, чай","Обработка документов в ЭДО и отражение в 1С ERP Контроль поступления закрывающих документов, проверка документов на наличие подписей, корректной печати, а также прилагаемой доверенности Архивация документов Проставление отметки о получении оригинала документов в каждой операции Отправка полного комплекта документов менеджерам, для переподписания с клиентами в случае необходимости корректировки Консолидация документов под каждый рейс с разнесением по юр.лицам (счета/акты от ТК) Проведение документов движения в ERP Мы ждем от вас: Опыт работы с документами (доверенности, счет-фактуры, ТТН, ТН, акты сверки и т.д.) Знание ПК на уровне пользователя, опыт в программе 1 С (1 C ERP - будет преимуществом) Опыт работы в ЭДО (готовы рассматривать с минимальным) Грамотная письменная и устная речь Акустик Групп в цифрах: 25 лет мы устраняем шум и улучшаем акустику помещений 450 сотрудников, офисы в России, Сербии, Казахстане и Беларуси Более 100 тысяч выполненных проектов Собственная измерительная лаборатория и школа обучения звукоизоляции Acoustic Build Адрес склада - г. Домодедово ул. Логистическая 8 Остановка ЖК Домодедово Парк, номера маршрутов автобусов: 14, 57, 899К Пишите/звоните - я расскажу подробнее о вакансии и отвечу на все вопросы! Наша вакансия будет интересна тем, кто работал или ищет работу по должностям: оператор, менеджер по работе с клиентами, специалист по документообороту, администратор, офис-менеджер, работа на складе, стабильная работа, работа в Домодедово.",https://hh.ru/vacancy/125450863
Менеджер по продажам недвижимости | SUNLIFE,САНЛАЙФ,250.0,1000.0,,,,От 1 года до 3 лет,ТК,5/2,,"бонус, бонусы, обучение","Поток горячих заявок — свой call-центр и маркетинг, никаких холодных звонков.",https://hh.ru/vacancy/124578166
Менеджер по продажам (без поиска клиентов),Городская Транспортная Компания,250.0,,,,,От 1 года до 3 лет,ТК,5/2,,,Совершать продажи теплой базе клиентов. Оперативно решать все возникающие вопросы с клиентами. Выполнять планы и нормативы по продажам . ,https://hh.ru/vacancy/125318499
Региональный менеджер по продажам,БРИКСО,,215.0,,,,От 3 до 6 лет,ТК,5/2,,"ДМС, премии, бонус, бонусы","Развитие продаж брендов компании на территории ПФО. Координация и работа с дилерами (ключевая розница), выявление и решение всех сложностей, связанных...",https://hh.ru/vacancy/125404319
Специалист отдела по работе с клиентами,Морское агентство Новоторик Новороссийский Филиал,100.0,,,,,От 1 года до 3 лет,ТК,5/2,,ДМС,"проверка и администрирование дисбурсментских счетов, в том числе и иностранных субагентов при обработке судов танкерного флота. ведение соответствующей отчетности перед Принципалом.",https://hh.ru/vacancy/125269208
Менеджер офиса продаж в крематорий,СпецРитуалТомск,55.0,75.0,,,,От 1 года до 3 лет,ТК,5/2,,,"Осуществлять прием клиентов. Разъяснять правила работы крематория. Принимать необходимые документы от клиентов, осуществлять их проверку, оформлять договора по оказанию услуг. Предлагать клиентам дополнительные услуги и товары. Принимать оплату от заказчика (наличный, безналичный расчет). Вести внутренний документооборот и передавать необходимые документы другим сотрудникам крематория.",https://hh.ru/vacancy/125205479
Менеджер по продажам,SIBERIA,140.0,250.0,,,,От 1 года до 3 лет,ТК,2/2,,форма,"Активные продажи в сегменте B2C с входящим потоком лидов. Предоставление нашим гостям информации о spa-комплексе. Продажа основных и дополнительных услуг, перевод неактивных лидов в активные. Работа в CRM системе. Ведение клиентской базы. Общение с гостями и членами клуба. Что мы ждем от тебя: Результат — потому что, если его нет, остальное для нас не имеет смысла. Храбрость — потому, что высоких результатов достигают только смелые. Успешный опыт работы в телефонных продажах услуг от 1 года. Знаешь технику продаж и применяешь её на практике.",https://hh.ru/vacancy/125391965
Менеджер по оптовым продажам,Электро-Миа,150.0,,,,,От 1 года до 3 лет,ТК,5/2,,обучение,"Обработка входящих звонков и заявок клиентов Наработка клиентской базы, обзвон и налаживание сотрудничества Консультация, оформление заказа в 1С Заказ товара у поставщиков компании Контроль отгрузок и доставок Выставление счетов юридическим лицам по входящим заявкам",https://hh.ru/vacancy/124714747
Менеджер по продажам (digital),Site-UPer,200.0,370.0,,,,Более 6 лет,ТК,5/2,,форма,"Какие навыки потребуются: Умение квалифицировать клиента, использовать СПИН. Собранность и самодисциплина.",https://hh.ru/vacancy/125372712
Менеджер по продажам оборудования B2B BtG / технический специалист по продажам,Спецмашэлектро,,,,,,От 3 до 6 лет,ТК,5/2,,"форма, бонус, подарки, обучение, кофе, чай","Ведение коммерческого документооборота и деловой переписки с заказчиками и поставщиками; Обладание опытом и навыками активного привлечения, последующего сопровождения и развития клиентов разного уровня; Знание рынка электронных компонентов будет Вашим преимуществом; Креативный подход к работе и желание развиваться; Готовность к «холодным звонкам» и проработка существующей клиентской базы; Сопровождение процесса продаж на всех этапах: обработка заявок, составление коммерческих предложений, оформление договоров, выставление счетов, контроль оплаты и поставки; Взаимодействие со смежными отделами по вопросам поставок Участие в отраслевых выставках Регулярные командировки к Заказчикам",https://hh.ru/vacancy/124425924
Менеджер по работе с клиентами,АрхСпецСнаб,100.0,150.0,,,,Нет опыта,ТК,5/2,,,"Подготавливать коммерческие предложения, проводить переговоры с клиентами и поставщиками как в офисе, так и в полях, работа в 1с программе - документальное сопровождение сделок, работа с входящей документацией. Работа как в офисе, так и разъездного характера. Работа с холодной и теплой базой.",https://hh.ru/vacancy/125471770
Менеджер по продажам промышленного оборудования (без холодных звонков),Деркач Елена Владимировна,200.0,500.0,,,,От 1 года до 3 лет,ТК,5/2,2 раза в месяц,"форма, бонус, бонусы","Решения по бесперебойному питанию и альтернативному электроснабжению​​​​​​. Оборудование для производства сжатого воздуха, который выступает в качестве движущей силы или для...",https://hh.ru/vacancy/125397070
Менеджер по продажам Дом Моды,Модный Дом Mastersuit,185.0,350.0,,,,От 1 года до 3 лет,ГПХ,5/2,,бонус,"Консультировать клиентов по услугам, наличию товаров, размеров. Формировать и оформлять заказы. Обрабатывать теплые и горячие заявки. Согласовывать встречи между нашим...",https://hh.ru/vacancy/123150193
Account-manager / аккаунт-менеджер,Добро,,,,,,От 1 года до 3 лет,ТК,5/2,Еженедельно,бонус,"организация и координация процесса производства креативных, digital и дизайн-проектов для PMI International и др. клиентов агентства; — подготовка и согласование смет, таймингов и презентаций с клиентом; — координация внутренней и внешних команд; — участие в собраниях и проектных статусах агентства; — выполнение отдельных служебных поручений своего непосредственного руководителя, работа в паре с Senior Account Manager над проектами.",https://hh.ru/vacancy/125437790
New business manager/Sales manager,DIDENOK TEAM,,,,,,От 3 до 6 лет,ТК,5/2,,"ДМС, форма, кофе",Интегрированные маркетинговые кампании и спецпроекты на стыке различных инструментов digital с участием блогеров и звёзд. Креативный хаб: разработка креативных концепций...,https://hh.ru/vacancy/120422330
Менеджер по работе с клиентами / Оператор 1С,Ликви Моли Руссланд,70.0,75.0,,,,От 1 года до 3 лет,ТК,5/2,,,"Прием и своевременная обработка поступающих заказы от клиентов и менеджеров филиала. Формирование полного пакета необходимых документов (документы на оплату и доставку) для отправки груза по каждой заявке. Подготовка для менеджеров и клиентов по запросу необходимой отчетности. При необходимости: - внесения изменений в документы (документы на оплату и доставку); - оформление возвратов от клиентов и менеджеров; - урегулирование конфликтных ситуации с клиентами. Контроль за оформлением маршрутныхлистов. Административно-хозяйственная работа: - прием и распределение входящих звонков; - прием, регистрация и отправка почтовой корреспонденции.",https://hh.ru/vacancy/125346800
Менеджер по продажам B2B,Зип завод,100.0,300.0,,,,От 1 года до 3 лет,ТК,5/2,2 раза в месяц,,Активное ведение ДЕЙСТВУЮЩЕЙ тёплой клиентской базы и развитие длительных партнёрских взаимоотношений. Проведение эффективных переговоров и демонстрация преимуществ нашей продукции клиентам. Увеличение объема продаж по текущей базе. Работа с входящим потоком.,https://hh.ru/vacancy/125336400
Специалист по работе с клиентами / Оператор 1С,Азбука тепла,60.0,60.0,,,,От 1 года до 3 лет,ТК,5/2,,"форма, обучение",Формирование и эффективное выставление счетов и коммерческих предложения в 1С Ведение документооборота Компании Ведение базы данных по клиентам Соблюдение стандартов Компании,https://hh.ru/vacancy/125440648
"Менеджер по продажам (закрытие теплых лидов, ПО iiko)",ITS Group,95.2,170.0,,,'2-4,Нет опыта,ТК,"2/4, 1/3, 5/2",,"обучение, кофе","Продавать услуги ""теплой"" базе клиентов (входящие звонки, заявки с наших интернет-ресурсов / Работа с входящими тёплыми заявками от колл-центра). ",https://hh.ru/vacancy/124763576
Менеджер по работе с клиентами,Эскадрилья,100.0,140.0,,,'20-21,Нет опыта,ТК,"2/2, 20/21",,"кофе, чай","Обработка только входящих обращений от клиентов . У нас их очень и очень много , так что скучать вам не придется; Формирование заказов продукции; Контроль поставок; Проверка платежей и выставление счетов ; Работа с кассой и отчетными таблицами;",https://hh.ru/vacancy/125364719
Менеджер по продажам (чаты),Диалрум,100.0,,,,,Нет опыта,ТК,5/2,,,"Вести коммуникацию с клиентами в FasTrack и Telegram; Продавать услуги компании; Возвращать «спящих» клиентов (уже работали с нами, просто не активны); Вести работу в CRM, заполнять отчетность.",https://hh.ru/vacancy/125335757
Региональный менеджер по продажам. Санкт-Петербург и Ленинградская область.,Дербентский коньячный комбинат,,230.0,,,,От 1 года до 3 лет,ТК,5/2,,скидки,"Реализация стратегии продаж, направленной на достижение поставленных целей во всех каналах сбыта (ОПТ/ЛС/Розница/HoReCa). Выполнения планов продаж и дистрибуции. Выполнение финансовых показателей в регионе. Контроль ценообразования на вверенной территории, мониторинг ключевых клиентов в разрезе собственных и конкурентных брендов. Анализ ценовой политики на вверенной территории. Участие в разработке ценовой стратегии, обеспечивающей конкурентоспособность собственных брендов. Мониторинг и анализ динамики продаж Активная сбытовая позиция, нацеленность на увеличение количественной дистрибуции и расширение ассортимента представленности. Контроль эффективности использования маркетингового бюджета для достижения целевых показателей продаж. Подготовка и предоставление регулярных отчетов о результатах работы, анализе рынка и других показателях регламентированных в компании. Наши ожидания: Опыт работы от 2-х лет на аналогичной позиции (обязательно на рынке FMCG, в приоритете опыт работы в алкогольных компаниях федерального масштаба); Знание рынка во всех каналах продаж: опт, сети, розница, HoReCa. Глубокое понимание специфики рынка, конкурентной среды, потребностей клиентов на вверенной территории. Умение оценивать рентабельность проектов. Опыт ведение переговоров на уровне первых лиц компаний. Опыт построения долгосрочных и взаимовыгодных отношений с дистрибуторами в регионе Наличие высшего образования; Личностные характеристики: хорошие коммуникативные навыки; стрессоустойчивость; инициативность; нацеленность на результат.",https://hh.ru/vacancy/125455306
Специалист отдела продаж,ТТМ,60.0,90.0,,,,Нет опыта,ТК,5/2,,"ДМС, форма",Вносить информацию в систему Битрикс 24 по проведенным переговорам с клиентом.,https://hh.ru/vacancy/124312036
Менеджер по работе с клиентами (Заклинатель сложных клиентов),Deez.Studio,350.0,,,,,От 1 года до 3 лет,ТК,64/27,,"форма, бонус, бонусы","Вести коммуникацию с клиентами студии (брендинг, дизайн, digital). Переводить «не нравится» в конкретику: Если клиент говорит «не то», вы выясняете, что именно его не устраивает (и почему это вдруг превращается в просьбу сделать шрифт Comic Sans). Участвовать в брифингах, уточнять цели и детали проекта. Расшифровывать клиентский язык: «Сделайте поярче» или «логотип покрупнее» — и превращать это в нормальные дизайнерские задачи. Решать спорные ситуации мирным и конструктивным способом: Если возникает спор, переводить его в продуктивное обсуждение, а не в войну. Поддерживать высокий уровень удовлетворённости клиентов. Объяснять, почему референсы из 2010-х — это плохо: И делать это так, чтобы клиент сам захотел отказаться от них. Кого мы ищем: Переговорщика с харизмой и выдержкой: Опыт переговоров в маркетинге, рекламе, креативных индустриях. Дипломата с внутренним стержнем: Умение слушать и доносить информацию простыми словами. Человека, способного сказать «нет» клиенту так, чтобы он сам начал сомневаться в своём «да»; Желание «приручать хаос» и работать с амбициозными клиентами. Что предлагаем: Оклад от 250 000 до 350 000 ₽: Да, мы ценим тех, кто умеет приручать клиентов; Бонусы за «приручённых»: Если клиент напишет нам «Вау, спасибо за вашу работу» — вы получаете премию; Гибкий график и возможность удалёнки: Главное, чтобы чакра терпения была открыта в рабочие часы; Работу в команде, которая действительно понимает, что делает. Как откликнуться: Обычного резюме недостаточно. Вместе с откликом пришлите короткий рассказ: Какой самый сложный клиент был у вас? И как вы его приручили? Ждём ваших историй 👇",https://hh.ru/vacancy/125308367
Менеджер по продажам в салон t2,Сеть салонов сотовой связи ИЗЮМ,90.0,150.0,,,,Нет опыта,ТК,5/2,,"форма, обучение, чай","Продажа: смартфоны, гаджеты, аксессуары и финансовые продукты. Обслуживание: настройка и защита цифровой техники. Консультации: помощь клиентам в выборе и использовании техники. Что мы ждем от тебя: Желание зарабатывать и учиться новому. Интерес к современным гаджетам и технике. Умение работать в команде и поддерживать коллег. Дружелюбное отношение к клиентам. Наши преимущества: Наставничество: мощная поддержка в первые месяцы работы. Среда для развития: регулярные тренинги, вебинары, бизнес-игры. Дружеская атмосфера: юмор, неформальные вечеринки и поддержка. Приводи друга и получай 20 000 рублей. Выбирай для себя удобную станцию метро для будущей работы: м. Автозаводская м. Домодедовская м . Чертановская/Южная м . Первомайская м . Серпуховская м . Алтуфьево м. Пролетарская м. Новокосино м . Авиамоторная м. Марьина роща м . Бабушкинская м . Новоясеневская м. Чистые пруды",https://hh.ru/vacancy/106691521
Менеджер по работе с клиентами,БизнесЮрист,70.0,100.0,,,,От 1 года до 3 лет,ТК,5/2,Ежемесячно,бонус,"Ты — гарант процесса. Ты будешь выстраивать и контролировать систему ежемесячных платежей по действующим договорам, обеспечивая бесперебойность оказания наших услуг клиентам. ",https://hh.ru/vacancy/124536713
Acuvue Account Manager,Johnson & Johnson,,,,,,От 1 года до 3 лет,ТК,64/27,,скидки,"Работа с клиниками, индивидуальными оптиками и локальными оптическими сетями. Годовое поклиентское планирование плана продаж, бюджета, маркетинговых акций, диагностических линз, городских семинаров, обучения сотрудников в The Vision Care Institute. Выстраивание долгосрочных партнерских отношений с ключевыми клиентами на территории. Обсуждение коммерческих вопросов (цены, скидки, отсрочки), вопросов прибыльности продуктов ACUVUE. Выставление плана продаж. Расширение ассортиментной линейки в бизнесе партнеров, согласование и поддержание стоков КЛ. Разработка и проведение индивидуальных маркетинговых акций, включение клиентов и контроль за проведением федеральных маркетинговых акций. Согласование и проведение презентаций по продукции и навыкам продаж для сотрудников оптик. Визуализация бренда ACUVUE в салонах оптики. Внедрение контактных линз в бизнес новых оптик. Работа с врачами офтальмологами, оптометристами и оптик-консультантами в оптиках на закрепленной территории. Индивидуальное обсуждение вопросов контактной коррекции зрения с врачами и оптометристами, формирование лояльности к бренду ACUVUE. Организация мастер-классов по подбору контактных линз. Проведение тренингов для оптик-консультантов по продукции и навыкам продаж. Контроль проведения маркетинговых акций и визуализации бренда ACUVUE в оптике. Ведение отчетности.",https://hh.ru/vacancy/125384605
Менеджер по продажам и работе с клиентами (B2B),Межрегионэкспертиза,100.0,,,,1.0,От 1 года до 3 лет,ТК,5/2,2 раза в месяц,обучение,"Полный цикл работы с клиентами — от поиска до закрытия сделок без ограничений по территории и направлениям, также работа по теплой базе клиентов и со входящими заявками; Продажа высоко маржинальных продуктов под запрос клиента; Расширение своей клиентской базы (звонки по базам, входящие звонки, заявки с сайтов, выставки, рекомендации и т.п.); Проведение встреч, переговоров и презентаций; Ведение клиентской базы в CRM в системе; От вас мы ждем: Огромное желания реализовать себя в сфере продаж и достичь высоких результатов под наставничеством опытного руководителя отдела продаж, у которого горят глаза на дело, которым он занимается и есть огромное желание передать знания человеку, который разделяет наши ценности; Базовые знания продаж будут преимуществом, но не являются ключевым фактором; Готовность учиться и развиваться; Активная жизненная позиция, мотивация зарабатывать; Ответственность; Развитые коммуникативные навыки.",https://hh.ru/vacancy/121383025
Менеджер по работе с клиентами,МАК МАРТ,90.0,,,,'9-18,От 1 года до 3 лет,ТК,"5/2, 9/18",,премии,"Прием и обработка заказа, оформление документов на отгрузку товара, консультирование клиентов. Без поиска клиентов. Отслеживание дебиторской задолженности. Работа в 1С 8.3",https://hh.ru/vacancy/125381703
Специалист по работе с клиентами,Flowwow,,,,,,От 1 года до 3 лет,ТК,2/2,,"форма, обучение","Рассматривать споры между клиентами и продавцами площадки Модерировать жалобы, оставленные продавцами, на отзывы клиентов Принимать объективные решения по спорам и жалобам Доносить до коллег обратную связь от наших пользователей Вести отчетность",https://hh.ru/vacancy/125399354
Ведущий специалист в отдел продаж,ФГУП Всероссийский научно-исследовательский институт автоматики им. Н.Л. Духова ( ГК Росатом),160.0,180.0,,,,От 3 до 6 лет,ТК,5/2,2 раза в месяц,"питание, форма","Организация и сопровождение продаж на электронной платформе; Ведение каталога продукции, продаваемой на электронной платформе, обновление и ввод необходимой информации, в том числе экономического и технического характера; Взаимодействие с внутренними службами предприятия; Взаимодействие с Заказчиками по вопросам продажи и поставки продукции",https://hh.ru/vacancy/125303859
Менеджер по продажам,Объединенный Промышленный Концерн,250.0,,,,1.0,От 3 до 6 лет,ТК,5/2,2 раза в месяц,премии,"Продажи. Встречи с клиентами, переговоры, заключение контрактов. Взаимодействие с другими отделами компании. Контроль исполнения контракта. Контроль дебиторской задолженности. Работа с рекламациями. Какого сотрудника мы ищем: С опытом в продажах товаров технического направления от 3-х лет. Готового реализовывать свой опыт продаж в нашей компании. Готового к профессиональному развитию и активным действиям. Опытный пользователь ПК. Опыт ведения переговоров. Какие условия мы предлагаем Официально трудоустройство по ТК РФ. Соц. пакет. З\п оклад + премии и % (индивидуальный офер в зависимости от опыта). Средний доход от 250 000 чистыми. Гарантируем выплату заработной платы без задержек. Выплачиваем 2 раза в месяц. 13-ая зарплата. Компенсация спорта. Оплачиваемый отпуск по ТК РФ (месяц в году). График работы: Пн-Пт с 9.00 до 18.00 ( 1 час обед). Дружный коллектив. Лояльный, адекватный руководитель. Реальные перспективы карьерного роста. Работа в ОФИСЕ в 5 минутах от метро Парк Победы.",https://hh.ru/vacancy/125340877
Менеджер по продажам в чатах (удаленно),Holy Clean,70.0,100.0,,,,Нет опыта,ГПХ,2/2,,"бонус, бонусы, обучение","Обрабатывать входящие заявки - клиенты уже заинтересованы, ваша задача грамотно проконсультировать и довести до продажи. Работать с тёплой базой клиентов. ",https://hh.ru/vacancy/125387961
"Менеджер по продажам запасных частей (Пулковское шоссе, 53)",Трактородеталь,90.0,,,,,Нет опыта,ТК,5/2,,,"Подбор и продажа запасных частей для спецтехники, РВД, инструмента, автохимии (входящий поток клиентов); Консультация клиентов в торговом зале; Работа с каталогами запасных частей; Составление коммерческих предложений, выписка документов, работа с кассой. Наши ожидания от кандидата: Желание развиваться в сфере продаж запчастей; Исполнительность, внимательность, коммуникабельность. Условия и преимущества работы у нас: Интересная работа в перспективной компании федерального уровня; Возможности карьерного роста и профессионального развития; Прием на работу в соответствии с трудовым законодательством, официальное оформление с первого дня работы; Достойная оплата труда: оклад + %. Возможность влиять на уровень заработка (через повышение категории); Полный рабочий день, пятидневная рабочая неделя, иногда дежурная суббота (неполный день, оплачивается дополнительно); Организована корпоративная столовая, вкусные обеды по льготной цене.",https://hh.ru/vacancy/123891402
Менеджер по работе с клиентами,Лада-Престиж,100.0,400.0,,,'10-19,От 1 года до 3 лет,ТК,"5/2, 10/19",,"скидки, обучение","Обработка входящих запросов + активный поиск клиентов — Холодные звонки и развитие клиентской базы B2B — Консультации по техническим параметрам запчастей — Работа с договорами и контроль сделок — Составление КП, выставление счетов — Подбор и продажа автозапчастей клиентам — Консультация клиентов по подбору з/ч — Формирование возвратных грузов — Работа во внутреннем каталоге СRM (научим) — Наработка своей клиентской базы (СТО, автопарки, магазины); — Работа с действующей холодной базой клиентов в CRM; — Контроль оплаты и отгрузки товаров; — Договорная работа; — Работа с дебиторской задолженностью; — Выезд на встречу к клиентам если потребуется; — Выезд на железный рынок для переговоров офлайн с клиентами; НАШИ ПЛЮСЫ: - Минимальная бюрократия -Горизонтальное развитие + неограниченный рост дохода при результативности. -Компания готова предложить индивидуальные условия оплаты для кандидатов с выдающимися результатами в продажах -Достойную заработную плату, без задержек (оклад + KPI) -Предоставление базы работающих клиентов для быстрого старта продаж -Реальную перспективу карьерного роста",https://hh.ru/vacancy/125437418
Менеджер по продажам,МЕТМАШ,80.0,650.0,,,,От 1 года до 3 лет,ТК,5/2,,,"Поиск клиентов, холодные и тендерные продажи, проведение переговоров, заключение договоров, возможны нечастые командировки; Контроль сроков производства и отгрузок; Поставка заготовок и изделий из наличия со своего склада и под заказ по чертежам Заказчика;",https://hh.ru/vacancy/125424655
Менеджер по работе с клиентами,Алтайская крупа,60.0,,,,,Нет опыта,ТК,5/2,,"форма, подарки, кофе","Прием и обработка заказов клиентов Ведение телефонных переговоров с клиентами Оформление документов в соответствии с условиями договора Контроль отгрузки продукции клиенту Обработка информации и составление отчётов Своевременное выполнение поставленных руководителем задач Отправка документов/образцов продукции курьерскими службами, в том числе и на экспорт Помощь руководителю в подготовке к выставкам",https://hh.ru/vacancy/125327331
Менеджер удаленного отдела продаж,Теджас,120.0,180.0,,,,От 1 года до 3 лет,ГПХ,5/2,2 раза в месяц,"обучение, кофе",Поиск новых клиентов (база предоставляется); Работа с входящими заявками; Сопровождение клиентов на всех этапах сделки; Заключение договоров и выставление счетов; Работа в 1С и Битрикс24; Ведение отчетности.,https://hh.ru/vacancy/125185614
Оператор 1С (помощник менеджера по продажам),АвтоОпт,50.0,,,,,От 1 года до 3 лет,ТК,5/2,2 раза в месяц,,"Заполнение данных в 1С. Отработка территории согласно установленного графика совместно с ТП и МП клиентов Подбор товаров в заказ согласно потребности клиента и целей компании, продажа аналогов Контроль взаиморасчетов с клиентами, дебиторской задолженности. Работа с документацией (договоры, акты сверки взаиморасчётов, УПД) Составление и редактирование прайс-листов и иных документов связанных с ведением продаж. Опыт в продажах автозапчастей, технических жидкостей и расходных материалов будет преимуществом Ожидаемый результат: Своевременный возврат подписанных документов, своевременная отработка заказов для доставки по графику.",https://hh.ru/vacancy/125469795
Менеджер по продажам B2B,Нуриев Айдар Анасович,150.0,,,,,От 1 года до 3 лет,ТК,"5/2, 1/2",,"ДМС, бонус","Поддержание и эффективная работа с существующей базой клиентов; Активное расширение клиентской базы - звонки и выезды к клиентам (в основном Москва и МО) ; Проведение презентаций, ведение переговоров, продажи; Возможны редкие командировки. Работу с документами осуществляет клиентский отдел.",https://hh.ru/vacancy/125243443
Менеджер по продажам,ЭФКО,150.0,,,,,От 1 года до 3 лет,ТК,5/2,,обучение,"осуществление мероприятий по реализации компонентов комбикормов на территории РФ и стран СНГ; поддержание и развитие закрепленных клиентов, увеличение объемов продаж; поиск, проведение переговоров с новыми клиентами и заключение договоров; консультирование клиентов по ассортименту, технологическим свойствам продукции, зоне применения; взаимодействие с дистрибуторами, контроль отгрузок, дебиторской задолженности и проверка наличия оригиналов платежных документов.",https://hh.ru/vacancy/125467940
Оператор 1С/Менеджер по сопровождению продаж,Вкус Арт,90.0,,,,,От 1 года до 3 лет,ТК,5/2,,"подарки, обучение","Оперативная обработка входящих заказов и оформление их в базе данных 1С, принимаемых по телефону или по почте от клиентов/менеджеров; Резервирование товара в базе данных; Учет движения товара в программе 1С: проведение реализаций, перемещений, снятие товарных остатков; Взаимодействие с менеджерами по продажам, сотрудниками складской логистики.",https://hh.ru/vacancy/125433041
Специалист по работе с клиентами,ЭГГЕР ДРЕВПРОДУКТ,,,,,,От 1 года до 3 лет,ТК,5/2,,,"работа с клиентами - работа с документацией (отчеты, коммерческие предложения, договоры, CRM) - уверенное пользование ПК (знание программы SAP будет преимуществом) - обработка рекламаций, поступающих от клиентов - взаимодействие с другими структурами компании",https://hh.ru/vacancy/123485470
Региональный менеджер по продажам,Центр животноводства,90.0,200.0,,,,От 1 года до 3 лет,ТК,64/27,,обучение,"Развитие партнерских отношений с действующими клиентами и поиск новых. - Посещение действующих ферм, встреча с руководителями, выявление потребностей, расчет и предложение...",https://hh.ru/vacancy/125457403
Менеджер по работе с клиентами в типографию,Лаборатория рекламных технологий Ansa,50.0,80.0,,,,Нет опыта,ТК,5/2,2 раза в месяц,"обучение, кофе, чай","Принимать входящие обращения (сайт, телефон, мессенджеры). Понять задачу клиента простыми вопросами и предложить решение. Посчитать стоимость по шаблону и выставить...",https://hh.ru/vacancy/125356443
Менеджер по проектным продажам (Антикоррозионные и Огнезащитные покрытия),О3-Коутингс,,,,,,От 3 до 6 лет,ТК,5/2,,"ДМС, страхование, форма, проезд, транспорт","Проведение деловых встреч, переговоров и технических консультаций по продукции компании с заказчиками, поддержание контактов с ключевыми клиентами. Подготовка коммерческих предложений...",https://hh.ru/vacancy/124817715
Менеджер по работе с клиентами (Beauty-сфера),ПроЭстетик,40.0,80.0,,,,Нет опыта,ТК,5/2,,"форма, премии, бонус, бонусы, обучение, кофе, чай","​​​Взаимодействие с клиентской базой в чате и по телефону; Консультирование клиентов и помощь в подборе продукции; Оформление заказов клиентов; Единовременные задачи от руководителя (публикация постов в соц сетях, ведение таблиц, поиск необходимой информации); Расширение клиенткой базы, работа с текущей базой клиентов.",https://hh.ru/vacancy/125472149
Менеджер по продажам входящие заявки,BY business group (Бизнес-Юрист),180.0,,,,,От 1 года до 3 лет,ТК,5/2,,премии,"Обработка входящих заявок, выявление потребности; Составление технико-коммерческого предложения; Размещение заказа на производстве, контроль изготовления, отгрузка; Составление закрывающих документов; Работа с постоянным клиентом.",https://hh.ru/vacancy/125469784
Менеджер по продажам,ТвояХвоя,130.0,300.0,,,,От 1 года до 3 лет,ТК,5/2,2 раза в месяц,"бонус, обучение",Отвечать на входящие звонки и заявки (только теплые лиды). Продавать экологичный продукт. Вести карточку клиента и сделку в удобной CRM.,https://hh.ru/vacancy/124320626
Менеджер по работе с клиентами B2B (IT сфера),Северо-Западное агентство внешних коммуникаций,70.0,,,,,От 1 года до 3 лет,ТК,5/2,2 раза в месяц,форма,"Приглашение руководителей на мероприятия, посвященные ИТ - Назначение и координация деловых встреч и бизнес-переговоров - Поиск информации в Интернете - Звонки и письма (порядка 70 звонков в день) - Внесение данных в СRМ систему",https://hh.ru/vacancy/124341456
Менеджер по продажам,Холика Ритейл,,,,,,Нет опыта,ТК,5/2,,"бонус, бонусы, обучение",Портрет соискателя/Необходимые качества:,https://hh.ru/vacancy/124864807
Менеджер по оптовым продажам,Сквис,70.0,,,,'9-18,От 1 года до 3 лет,ТК,"5/2, 9/18",,,Совершать оптовые продажи климатической техники Работать с входящими заявками на сотрудничество Осуществлять активный поиск потенциальных партнеров Консультировать дилеров по условиям сотрудничества и продукту компании Отправлять КП (коммерческие предложения),https://hh.ru/vacancy/124998526
Менеджер по продажам,ТРЮФЕЛЬ,65.0,,,,,Нет опыта,ТК,5/2,2 раза в месяц,,"Обработка горячих входящих запросов Консультация клиента по составам, декору, стоимости, доставки Оформление заказов, согласование их с производством Поиск корпоративных клиентов Работа с отзывами",https://hh.ru/vacancy/125381695
"Менеджер по продажам оборудования (холодоснабжения, кондиционирования, вентиляции, отопления)",Век высоких технологий,150.0,,,,,От 1 года до 3 лет,ТК,5/2,,"кофе, чай","Продажа оборудования систем холодоснабжения, кондиционирования, вентиляции, отопления, водоснабжения, а также услуг по проектированию, монтажу, ремонту и сервису — Консультации клиентов по подбору оборудования — Работа с входящими заявками в CRM Bitrix24 — Развитие клиентской базы — Проведение переговоров на всех уровнях, в том числе переговоры на уровне первых лиц предприятий — Подготовка коммерческих предложений и заключение договоров, их последующее сопровождение — Командировки по Санкт-Петербургу и по России",https://hh.ru/vacancy/125399178
Менеджер отдела продаж,МХАТ им. М. Горького,120.0,,,,,От 1 года до 3 лет,ТК,5/2,,,"Реализация стратегии развития продаж для спектаклей, концертов и мероприятий театра; Развитие и поддержание партнерских отношений с агентствами, компаниями и ключевыми клиентами; Подготовка отчетной документации; Участие в планировании рекламных и маркетинговых кампаний для продвижения продаж; Организация своевременного открытия продаж утвержденного репертуарного плана; Назначение тарифов на мероприятия по указанию руководства и рассылка репертуарного плана по партнерам; Согласование, заключение и ведение договоров с юридическими лицами. Наши ожидания от кандидата: Обязателен опыт работы в продажах от 1 года; Высшее образование; Умение строить долгосрочные партнерские отношения; Аналитические и организационные навыки для планирования и управления продажами; Желание работать на результат и достигать эти результаты; Оперативность в работе; Умение работать в команде; Искренний интерес к театру и любовь к своему делу.",https://hh.ru/vacancy/125216679
Территориальный менеджер по продажам,SPLAT,,,,,,От 1 года до 3 лет,ТК,4/1,,бонус,"Зона ответственности - Новосибирск, Томск. Планирование и выполнение индивидуальных объемов продаж и целевых показателей по клиентам и каналам сбыта, выполнение количественных...",https://hh.ru/vacancy/125437211
Менеджер по продажам - технический консультант,Уралхимпласт – Хюттенес Альбертус,150.0,,,,,От 1 года до 3 лет,ТК,5/2,,форма,"Продажа, внедрение и испытание материалов для литейного производства на предприятиях черной и цветной металлургии. - Техническое сопровождение материалов на литейных предприятиях (регулярные командировки к клиентам). - Сбор информации, обновление существующей клиентской базы, анализ работы конкурентов, отчетность о состоянии и развитии рынка литейных связующих в своем регионе.",https://hh.ru/vacancy/125379098
Менеджер интернет-магазина/менеджер по работе с клиентами,AIM CLO,60.0,80.0,,,,От 1 года до 3 лет,ТК,5/2,Ежемесячно,скидки,"Работа с входящими заявками и запросами клиентов (чат, электронная почта, мессенджеры), Консультирование по ассортименту товаров, помощь в выборе и подбор альтернативных продуктов, Активные продажи и допродажи через переписку, увеличение среднего чека, Работа с брошенными корзинами: связь с клиентами, мотивация к завершению покупки, Ведение клиентской базы и поддержание высокого уровня клиентского сервиса, Отвечать на отзывы и комментарии в социальных сетях бренда, строго соблюдая фирменный стиль общения (Tone of Voice). Что мы ждем от кандидата: Опыт работы в продажах в интернет-магазине от 1 года, Опыт продаж в переписках, Опыт работы в CRM, Уверенный пользователь Microsoft Office, Умение эффективно работать в режиме многозадачности, Высокая клиентоориентированность, легкость в коммуникациях.",https://hh.ru/vacancy/125444290
Менеджер по продажам,СЗ Дело,350.0,,,,,От 1 года до 3 лет,ТК,2/2,,,"Работа с входящим потоком клиентов по телефону и в офисе продаж; Ведение базы клиентов в CRM; Консультация клиентов по вопросу приобретения недвижимости на закреплённом проекте; Выявление потребностей и подбор предложений по заданным параметрам; Работа с возражениями; Бронирование недвижимости, подготовка и сопровождение сделки до завершения расчетов; Выполнение плана продаж; Подготовка отчетов в рамках своей деятельности.",https://hh.ru/vacancy/125446466
"Менеджер по работе с клиентами (в офисе, не продажи)",Палитра,63.2,,,,,От 1 года до 3 лет,ТК,5/2,,транспорт,Работа с клиентами компании Работа с торговыми представителями компании Документальное сопровождение отгрузки Подготовка отчетов,https://hh.ru/vacancy/125424629
Администратор психологического центра / Менеджер по работе с клиентами,"СВЕТ МАЯКА, Тренинговый центр",40.0,90.0,,,,От 1 года до 3 лет,ТК,"2/2, 5/2",,обучение,Продажа консультационных и тренинговых услуг по телефону. Рассылки и общение с клиентами в мессенджерах. Прием входящих и выполнение исходящих звонков...,https://hh.ru/vacancy/125298089
Менеджер по продажам В2В,Селлематикс,80.0,140.0,,,'3-4,От 1 года до 3 лет,ТК,"3/4, 5/2",,форма,"проведение 3-4 видеовстреч с теплыми клиентами; выставление счетов; закрытие сделки на продажу; ведение сделок в удобной amoCRM; заполнение короткого отчета с итоговыми результатами. Встречи назначают телемаркетологи, проведение встреч только с заинтересованными клиентами . Что мы ожидаем от тебя: релевантный опыт в B2B-продажах или смежный опыт в маркетплейсах; знание технологии SPIN продаж; опыт проведения онлайн-встреч будет плюсом; умение убедительно и четко выражать мысли; наличие гарнитуры, видеокамеры, стабильного интернета; высокие коммуникативные навыки, умение экологично работать в команде.",https://hh.ru/vacancy/115268667
Менеджер по продажам в IT-компании (без поиска клиентов),"ЭЛКОД, группа компаний",84.0,200.0,,,,От 1 года до 3 лет,ТК,5/2,,,У нас серьезные намерения:,https://hh.ru/vacancy/75862402
Ведущий менеджер по работе с клиентами,UP business,200.0,,,,,От 3 до 6 лет,ТК,5/2,,"премии, чай","Ты — архитектор сделки: Подготовишь и заключишь договор, взяв на себя всю ответственность за юридическую чистоту. Ты — личный менеджер: Будешь вести...",https://hh.ru/vacancy/124202023
Менеджер по продажам строительных материалов,Завод Профиль,120.0,150.0,,,,От 1 года до 3 лет,ТК,5/2,,чай,Установление и поддержание долгосрочных отношений с клиентами. Консультирование клиентов по ассортименту продукции и условиям сотрудничества. Обработка заказов и контроль их выполнения. Решение возникающих вопросов и претензий клиентов. Ведение отчетности и документации по работе с клиентами.,https://hh.ru/vacancy/125423093
Менеджер в отдел продаж,Единая служба недвижимости,185.0,800.0,,,,От 1 года до 3 лет,ТК,5/2,,обучение,"Общаться с клиентами, консультируя их по вопросам покупки, продажи недвижимости. Проводить презентации квартир и домов, помогать выбирать объекты недвижимости, соответствующие ожиданиям клиента. Поддерживать базу текущих и формировать базу потенциальных клиентов.",https://hh.ru/vacancy/124339212
Менеджер по развитию продаж,LOGINOF,150.0,200.0,,,,От 1 года до 3 лет,ТК,5/2,,"обучение, транспорт","Активно развиваем перевозки с поддержанием температурного режима в г. Владивосток и Новосибирск, контейнерные и малотоннажные перевозки по Москве и области...",https://hh.ru/vacancy/124819211
Менеджер по продажам (срочно),Фортес,120.0,,,,,Нет опыта,ТК,5/2,,"обучение, чай","Консультирование клиентов по продукции компании; Ведение полного цикла сделки (от звонка до закрывающих документов). Если ты ищешь компанию, где хочешь РАСТИ во ВСЕХ планах, то скорее ОСТАВЛЯЙ ОТКЛИК!",https://hh.ru/vacancy/125212946
Менеджер по продажам (защита от беспилотников),СтройТоргИнновация,120.0,180.0,,,'2-3,Нет опыта,ГПХ,2/3,,,Активно продавать и вести переговоры на уровне первых лиц. Работать с входящим и исходящим потоком (упор на исходящие). ,https://hh.ru/vacancy/125329441
Менеджер по продажам/Торговый представитель,Curaprox,200.0,,,,,От 1 года до 3 лет,ТК,5/2,,обучение,"Развитие продаж , зона ответственности - СПб; Активный поиск и развитие новых клиентов (стоматологические клиники); Поддержание продаж по существующей клиентской базе, увеличение нашей доли; Организация и проведение презентаций, обучения среди докторов клиник, действующих партнеров, консультирование клиентов по спец.предложениям, акциям; Выполнение плана продаж; Работа с дебиторской задолженностью; Ведение отчетности по продажам; Участие в профильных выставках; Разъездной характер работы (90% раб.времени – в полях, 10% - в офисе).",https://hh.ru/vacancy/125399441
Менеджер по продажам FMCG,Фитроо,350.0,,,,,От 3 до 6 лет,ТК,5/2,,ДМС,"Выполнение плана продаж; Создание и поддержание прочных долгосрочных связей с ключевыми клиентами; Разработка и реализация индивидуальных стратегий развития для каждого клиента, направленных на рост продаж и расширение сотрудничества. Взаимодействие с различными отделами компании (маркетинг, продажи, логистика, техническая поддержка) для обеспечения комплексного и качественного обслуживания клиентов. Отслеживание выполнения условий контрактов и договоренностей, а также контроль дебиторской задолженности. Планирование, анализ и обеспечение роста объемов продаж ключевым клиентам, а также участие в переговорах и заключении договоров.",https://hh.ru/vacancy/125382890
Менеджер по продажам,СПЕЙСТЕЛ,120.0,,,,'1-2,От 1 года до 3 лет,ТК,1/2,Ежемесячно,"ДМС, бонус, бонусы, скидки, обучение","Твоя карьера ждет тебя в СПЕЙСТЕЛ! Ищешь возможность применить свои суперспособности в области активных продаж? Тогда эта вакансия создана специально для тебя! СПЕЙСТЕЛ ищет охотника за крупными контрактами, готового покорять новые вершины в мире B2B-продаж! ✅ Что мы ожидаем от тебя: - Ты уверенно ориентируешься в технике холодного звонка и умеешь превращать холодный звонок в горячую сделку (базу мы тебе дадим). - Готов вести переговоры любого уровня сложности и убеждать даже самого строгого клиента. - Умеешь строить крепкие деловые отношения и знаешь, как удерживать внимание собеседника. - Лично заинтересован в росте своего дохода и готов браться за самые смелые цели. ✅ Какие возможности ждут тебя: - Заработная плата мечты: оклад (80000-120000 на руки)+ щедрые ежемесячные бонусы, позволяющие увеличить доход до бесконечности. - Работа в дружной команде единомышленников, готовых поддержать твои начинания. - Карьерный рост и профессиональное развитие под руководством опытных наставников (обучение за счет компании). - Комфортные условия труда и полный соц.пакет (ДМС, частичная компенсация спорта- от 1 года работы в компании) для твоего спокойствия и уверенности. -Корпоративные мероприятия: тимбилдинги, праздники. - регулярно, 2 раза в год! - Современный офис Москвы- шаговая доступность метро Марьина Роща (БЦ Jazz), возможен переход на удаленку (1-2 дня) через год работы в компании. - Скидки на продукты компании: как пример, мобильная связь - можем предоставить красивый номер. - Современное оборудование: ноутбук, телефон/IP-телефония, качественная гарнитура. Готов отправиться в путешествие к новым вершинам успеха? Отправляй своё резюме прямо сейчас и стань частью команды победителей СПЕЙСТЕЛ",https://hh.ru/vacancy/123282940
Менеджер по продажам недвижимости,Группа ЛСР,,,,,,Нет опыта,ТК,5/2,,,"Ведение переговоров с потенциальными клиентами по вопросу приобретения недвижимости; Показ объектов недвижимости в ЖК; Проведение презентаций объектов строительства; Работа с CRM, 1С; Ведение сопроводительной документации и отчетности",https://hh.ru/vacancy/125432419
Менеджер по сопровождению продаж,"Северо-Запад, фармацевтический холдинг",,,,,,Нет опыта,ТК,5/2,,"форма, развозка","Мониторинг аукционов на закрепленном участке. Подготовка расчетов для участия в электронных аукционах и котировках. Оформление запросов для производителей по наличию товара, срокам годности и дополнительным условиям для участия в торгах. Подготовка проектов контрактов на поставку лекарственных препаратов. Заказ и резервирование лекарственных препаратов для поставок по заключенным контрактам и договорам. Взаимодействие со смежными отделами в части обеспечения своевременной доставки товара клиенту. Работа с дебиторской задолженностью. Ведение документооборота на закрепленном участке.",https://hh.ru/vacancy/125277479
Специалист по работе с клиентами,Нейрософт,,,,,,От 1 года до 3 лет,ТК,5/2,2 раза в месяц,"форма, премии, бонус","Заведение карточек контрагентов. Ведение и контроль базы проектов в ERP системе. Прием и обработка заявок от потребителей. Документальное сопровождение сделок. Коммутация входящих звонков. Оформление коммерческих предложений и счетов на оплату. Обзвон старых проектов с целью выяснения их статуса. Наши ожидания: Высшее образование. Навыки общения с клиентами, либо желание развиваться в этой области. Навык работы с информацией (сбор, анализ, структурирование). Навык работы с документами (оформление, проверка, хранение). Уверенное пользование ПК (Microsoft Office). Soft skills: Ответственность, внимательность, исполнительность, обучаемость, коммуникативность, доброжелательность, грамотность, стрессоустойчивость. Вашим преимуществом будет: Опыт работы с клиентами в сфере продаж. Опыт в 1С или иной ERP-системе. Наши предложения: Работа в стабильной компании мирового уровня. Чистое светлое рабочее место в современном офисе. Оформление в соответствии с ТК РФ с первого рабочего дня. Абсолютно белая заработная плата 2 раза в месяц. Дополнительно 2 обязательные премии в год. Дополнительный бонусный пакет - лечение, спорт, детские путевки в лагеря, корпоративные мероприятия. График работы по выбору с 9 до 18 или с 8 до 17, суббота и воскресенье выходные. Отпуск 28 дней. Уровень заработной платы зависит от квалификации и определяется на собеседовании. В основе успеха нашей компании — особая корпоративная культура, в центре которой находится сотрудник! Мы — компания с человеческим лицом и для нас каждый сотрудник - это ценность. Ждем тебя в нашу команду!",https://hh.ru/vacancy/125330291
Менеджер по продажам,Умный Кошелек,180.0,,,,,От 1 года до 3 лет,ТК,5/2,,"форма, бонус, бонусы, обучение",Продажи проектов по автоматизации на базе продуктов SWiP AI. Ведение сделок с момента подготовки к первой встрече и до закрытия. ,https://hh.ru/vacancy/124483165
Менеджер по продажам (удаленно),НПО ЗЕНИТ-СЕВЕР,130.0,345.0,,,,От 1 года до 3 лет,ТК,5/2,2 раза в месяц,"форма, бонус, бонусы, подарки, обучение, транспорт, кофе, чай","Работой с уже имеющейся базой постоянных клиентов (повторные сделки), а также с переданными квалифицированными лидами от партнеров и менеджеров первичных контактов; Привлечением новых клиентов для компании, расширением клиентской базы. Мы предоставляем «холодную» базу потенциальных клиентов; Ведением всего цикла сделки до завершения контракта (проекта).",https://hh.ru/vacancy/125280402
Менеджер по продажам образовательных программ,ПРОМОЙЛ,,,,,,От 1 года до 3 лет,ТК,5/2,,,"продажа образовательных услуг - телефонные переговоры с клиентами, в т.ч. обзвон &quot;холодной&quot; и &quot;теплой&quot; базы, привлечение новых клиентов - переписка и встречи с потенциальными потребителями услуг центра - выявление потребностей клиента, подбор наиболее оптимального курса обучения и проведение его презентации - выстраивание долгосрочных отношений с клиентами - координация процесса оказания услуг на всех этапах - ведение базы в CRM-системе (Битрикс24) - участие в выставках/форумах - ведение отчетности, предусмотренной в компании Для нас важно, что наш Менеджер по продажам: - имеет высшее или средне-специальное образование (педагогическое, техническое) - коммуникабелен - обладает грамотной речью, презентабельно выглядит, приветлив - умеет расставлять приоритеты, организован и самостоятелен - опыт работы от 1 года в активных продажах (предпочтительно в области образовательных услуг или оборудования) будет преимуществом Мы предлагаем Вам: - стать частью современной, успешной, динамично развивающейся компании - работу в команде единомышленников, интересующихся передовыми технологиями и практиками - наставничество от лучших сотрудников и руководителей - возможность зарабатывать: оклад + kpi + % с продаж - график работы 5/2 с 9:00 до 18:00, возможность гибридного графика после окончания адаптационного периода - официальное трудоустройство и социальные гарантии - перспективы карьерного и финансового роста - дружную команду и яркую корпоративную жизнь!",https://hh.ru/vacancy/123178942
Менеджер по продажам,Райтер Павел,120.0,150.0,,,,От 1 года до 3 лет,ТК,5/2,,"форма, обучение","Обрабатывать входящие заявки (сайт, сервис, партнёрские каналы). Делать исходящие касания по холодной базе (маркетологи, агентства, предприниматели). Проводить первичный контакт, выявлять потребности, сегментировать клиентов (A/B/C). Назначать и проводить видеопрезентации (Zoom, Google Meet). Отрабатывать возражения и доводить до сделки. Закрывать клиентов сначала на тестовый период, затем — на тариф. Вести клиентов в CRM (Битрикс24) по стандартам компании. Ежедневно выполнять план по активности (касания, демо, сделки). Что важно для нас: Hard skills: Опыт в продажах от 1 года (B2B, SaaS или маркетинг — будет плюсом). Владение техниками продаж: выявление потребностей, вопросы, работа с возражениями. Навыки работы в CRM ( Битрикс24 ). Уверенное пользование Google Docs, Zoom, Telegram . Опыт проведения видеопрезентаций. Умение работать с холодной и тёплой базой. Знание основ маркетинга — будет преимуществом. Soft skills: Высокая коммуникабельность и умение слушать. Стрессоустойчивость и настойчивость (без токсичности). Самоорганизация и внимательность к деталям. Гибкость мышления и готовность учиться. Умение работать в команде. Аккуратный внешний вид и деловое общение с клиентами. Почему стоит выбрать Лидбёрн: Продукт с высоким спросом — Лидбёрн закрывает реальную боль бизнеса (поиск клиентов). Простая воронка продаж — работаешь по скриптам и CRM, не нужно «додумывать». Быстрые результаты для клиентов — заявки приходят уже в первые дни теста. Сильная команда — РОП и коллеги помогают расти и закрывать больше сделок. Честный менеджмент — без микроменеджмента и токсичности, важен результат. 📩 Если хочешь много зарабатывать, быстро развиваться и работать с продуктом, который реально нужен рынку — присылай отклик с пометкой: «Готов(а) работать на результат и расти вместе с Лидбёрн!»",https://hh.ru/vacancy/125034540
Менеджер отдела поддержки продаж,КББ,120.0,300.0,,,,От 1 года до 3 лет,ТК,5/2,,"обучение, транспорт",Первичное общение с клиентом; - Распределение заявок; - Поддержка процесса продаж; - Ведение документооборота; - Работа в 1С; - Администрирование офиса;,https://hh.ru/vacancy/125325983
Оператор ПК Отдела продаж (помощник менеджера по продажам),ЕвроСид,65.0,69.0,,,,От 1 года до 3 лет,ТК,5/2,2 раза в месяц,"ДМС, подарки, обучение, транспорт, кофе, чай","Занесение заказов в 1С ERP. Размещение заказов на производство, формирование сопроводительного пакета документов на отгрузку, работа с УПД, накладными, реализациями. Официальна переписка с клиентами и партнерами. Предоставление отчетности руководителю отдела продаж.",https://hh.ru/vacancy/125466071
Менеджер по продажам в строительную компанию,Костромеева Алиса Максимовна,150.0,500.0,,,,От 1 года до 3 лет,ТК,5/2,,обучение,"12 лет на рынке строительства. Более 1000 построенных домов. Собственный поселок ""Династия"". Ежегодно удваиваем объем продаж. Репутация и рекомендации — смотрите...",https://hh.ru/vacancy/124554866
Менеджер по продажам со знанием английского языка / Sales manager,Mals Sales,100.0,,,,,Нет опыта,ТК,5/2,,"форма, бонус, бонусы, обучение",Общение с клиентам в формате B2C; Работа с готовой клиентской базой; Выявление и закрытие потребностей клиента; Сопровождение клиента от заявки до закрытия сделки.,https://hh.ru/vacancy/124509354
Ассистент регионального менеджера (без продаж),ДВК,,140.0,,,,Более 6 лет,ТК,5/2,,,"Контроль работы мерчандайзеров в торговых сетях &quot;Реми&quot;, &quot;Самбери&quot; через платформу &quot;Оптимум&quot;, а также через личные выезды на аудиты торговых точек; Контроль и анализ динамики ассортиментных матриц и промо-активности в сетях, своевременное внесение изменений в приложение &quot;Оптимум&quot; и контроль их выполнений; Заполнение спецификаций и брифов, подача их в торговые сети; Отправка образцов и корреспонденции в сети; Аналитика отчетов по недопоставкам; Согласование гарантийных писем. Важно! Вакансия не подразумевает личные продажи.",https://hh.ru/vacancy/125452915
Старший менеджер по продажам,Саянскхимпласт,100.0,,,,,От 1 года до 3 лет,ТК,"1/4, 5/2",,,"Осуществление продаж крупнотоннажной химической продукции (каустическая сода и соляная кислота) в сегменте b2b; Регулярное взаимодействие с Покупателями по всем вопросам, связанным с продажей, отгрузкой и расчетами за готовую продукцию; Планирование и контроль бизнес-плана и текущего плана отгрузок, движения и остатков готовой продукции; Контроль дебиторской задолженности и графика поступления денежных средств; Подготовка ежесуточного плана отгрузки продукции; Ведение документооборота торгового дома (договора, спецификации, первичные документы); Подготовка тендерной документации; Взаимодействие с производством, логистической службой и другими структурными подразделениями производства и торгового дома.",https://hh.ru/vacancy/125384192
Менеджер по продажам/помощник менеджера (Excel),ЧЕЛНЫ-ХЛЕБ,65.0,,,,,От 1 года до 3 лет,ТК,5/2,2 раза в месяц,"премии, подарки, общежитие","работа с товарными категориями клиентов, анализ активности конкурентов и сетей; Ведение/контроль промоактивностей; мониторинг рынка (конкуренты, ценообразование, маркетинговые активности, доля на полке); аналитика, отчетность, документооборот",https://hh.ru/vacancy/125421601
Офис-менеджер (Ассистент менеджера без продаж),Velegurin Group,38.0,41.0,,,,Нет опыта,ТК,5/2,,,Подготавливать коммерческие предложения для <highlighttext>менеджеров</highlighttext> <highlighttext>по</highlighttext> <highlighttext>продажам</highlighttext> по разработанным шаблонам. Поддерживать коммуникации с отделом продаж.,https://hh.ru/vacancy/125360774
Менеджер по продажам,МИАР,70.0,250.0,,,,От 1 года до 3 лет,ТК,5/2,Ежемесячно,"премии, жилье","Развитие продаж на вверенной территории включая активный поиск и привлечение новых клиентов, развитие бизнеса с существующими; Проведение переговоров, презентаций на всех уровнях (руководство, технический персонал, ОМТС); Формирование коммерческих предложений, работа по отправленным предложениям (контроль получения, обеспечение обратной связи от клиента); Информирование новых и существующих покупателей о продукции и услугах, предлагаемых компанией (звонки, письма); Планирование, отчетность о проделанной работе; Работа по возврату дебиторской задолженности (звонки, письма, встречи);",https://hh.ru/vacancy/125328703
Менеджер по продажам и работе с клиентами,TRADE LOCK,100.0,,,,,От 1 года до 3 лет,ТК,"5/2, 3/2",,"форма, премии, бонус, бонусы, обучение","Работа в офисе без разъездов, без поиска клиентов. Получение заявок от клиентов (Исходящие звонки, прием входящих звонков). Обработка поступающих заказов и их дальнейшее сопровождение. Консультации клиентов по товарному ассортименту компании. Информационная поддержка, обслуживание клиентской базы, расширение ассортимента у клиентов. Документооборот, работа с дебиторской задолженностью. Отчетность о проделанной работе.",https://hh.ru/vacancy/125396013
Менеджер по продажам,ФПБ ГАРДИУМ,60.0,,,,,От 1 года до 3 лет,ТК,"30/50, 5/2",,"форма, бонус, бонусы, обучение","Продавать больше всех в отрасли и повышать свою стоимость на рынке труда; Показывать клиентам реальную пользу и преимущества наших услуг; Управлять отношениями с клиентами с помощью CRM-системы. Что получают наши менеджеры: Средний доход лучших менеджеров — от 70 000 рублей . Доход состоит из оклада и процентов от продаж; Лучшие сотрудники зарабатывают на 30-50% больше по сравнению с аналогичными позициями по региону, нет зарплатного «потолка»; Возможность карьерного и профессионального роста: мы знаем, что для этого нужно и как получить необходимые управленческие компетенции; Полностью удалённый формат работы с графиком 5/2 с 9:00 до 18:00 или с 10:00 до 19:00; Сильная школа продаж . За короткий срок вы освоите множество техник без отрыва от основных обязанностей и начнёте зарабатывать; «Теплые» клиенты: работа только по входящим заявкам, вам не придётся тратить время на поиск клиентов; Адекватный молодой коллектив , нет бюрократии и токсичности; Официальное оформление с первого рабочего дня. Это откликается вам? Тогда давайте знакомиться! Оставьте отклик на вакансию. Дальше мы позвоним вам и познакомимся поближе. Ответы на часто задаваемые вопросы: — Я не разбираюсь в интеллектуальных правах. Мы не ждем, что на эту позицию выйдет человек, который уже разбирается в интеллектуальных правах. Это узкая и редкая специализация, поэтому мы готовы вкладывать силы, деньги и время в обучение перспективного специалиста. Главное, чтобы у вас все было хорошо с общими профессиональными навыками: ответственность, пунктуальность, аккуратность, старательность, обучаемость. Ещё важно, чтобы с вами было приятно общаться по телефону и в почте, грамотность – залог успеха. Всему остальному мы научим сами. — Первый месяц сидеть на окладе? Проценты менеджер начинает получать с первой же сделки. Все заинтересованы в максимально быстром росте сотрудника, и для этого разработано много инструментов развития и адаптации. Мы считаем единственно верной схему, где за хорошие продажи менеджер получает достойный финансовый результат. Не стоит ждать окончания испытательного срока или других отсечек для получения первых бонусов. Получил оплату - получил бонусы. Сумма бонусов зависит только от менеджера, главное уверенно идти к намеченной цели! — На испытательном сроке платят зарплату? Платят, конечно. Мы ищем опытного человека и понимаем, что он уже неплохо зарабатывает на текущей работе. Работа без оклада – прошлый век. — Кто ваши клиенты? Так как услуги регистрации интеллектуальной собственности требуются абсолютно всем, список наших клиентов огромен. Работаем мы с юридическими лицами всех отраслей, от тяжелой промышленности до детских товаров. В число наших клиентов входят как крупные корпорации, так и представители микробизнеса. Благодаря этому наши менеджеры работают с самыми интересными проектами и умеют выстраивать долгосрочные отношения с клиентами, что безусловно влияет на сумму бонусов!",https://hh.ru/vacancy/124997112
Менеджер по продажам B2B,Яковлев Роман Сергеевич,250.0,350.0,,,,От 1 года до 3 лет,ТК,5/2,,форма,Поиск и привлечение новых клиентов в сегменте B2B. Ведение клиентской базы и поддержание долгосрочных отношений с клиентами. Проведение теплых звонков и назначение встреч. Сопровождение клиентов на всех этапах сотрудничества.,https://hh.ru/vacancy/125454548
Менеджер по продажам,Дэко,60.0,150.0,,,,От 1 года до 3 лет,ТК,5/2,2 раза в месяц,"обучение, кофе, чай","Работа с потенциальными клиентами, возобновление отношений с прежними клиентами (теплые звонки), Ведение переговоров и встреч с клиентами (выезд для презентации), Расширение клиентской базы и установление долгосрочных отношений с заказчиками, Работа в CRM.",https://hh.ru/vacancy/120372266
Менеджер по продажам,ТопБухгалтер,90.0,150.0,,,,Нет опыта,ТК,5/2,,"форма, обучение",Совершение исходящих звонков по заинтересованной базе. Проведение переговоров с собственниками малого и среднего бизнеса. Подготовка коммерческих предложений (по шаблону). ,https://hh.ru/vacancy/124824975
Менеджер по продажам,Промолоко-Софт,200.0,,,,,От 1 года до 3 лет,ТК,5/2,,обучение,"Активный поиск клиентов: фермерские хозяйства, агрохолдинги Проведение холодных звонков , онлайн-презентаций и выездных встреч Диагностика потребностей клиента, презентация продукта, сопровождение сделки Участие в выставках, форумах, агромероприятиях Ведение отчетности и работы в CRM Участие в развитии продукта — обратная связь от клиентов",https://hh.ru/vacancy/125415058
Менеджер по продажам,СфераГрупп,237.0,443.0,,,,От 1 года до 3 лет,ТК,5/2,Еженедельно,"бонус, бонусы, обучение","Приём и обработка входящих запросов (теплые заявки); Консультирование клиентов о ценах, технических характеристиках автомобилей, сроках и схеме доставки; Помощь клиенту в подборе автомобиля с учётом бюджета, целей эксплуатации и предпочтений.",https://hh.ru/vacancy/124848081
Менеджер по работе с клиентами,ТехноСтройСервис,90.0,,,,,От 1 года до 3 лет,ТК,5/2,,обучение,"Обработка входящих заявок Обзвон имеющейся базы клиентов Проведение переговоров с потенциальными клиентами Консультация клиентов по вопросам ремонта, аренды техники",https://hh.ru/vacancy/125283286
Менеджер по продажам,Невельмолоко,80.0,,,,1.0,От 1 года до 3 лет,ТК,5/2,,,обработка телефонных обращений и обзвон покупателей коммуникации с клиентами сопровождение продаж ведение отчётов,https://hh.ru/vacancy/125359038
Менеджер по продажам нефтепродуктов,Компания Уфаойл,70.0,200.0,,,,От 1 года до 3 лет,ТК,5/2,,"обучение, транспорт","Опыт продаж не обязателен! Главное желание продавать, инициировать первыми контакт, иметь стрессоустойчивость и настойчивость в работе с потенциальными партнерами. ",https://hh.ru/vacancy/122636569
Менеджер по продажам B2B,Качество Исполнения,150.0,,,,,От 1 года до 3 лет,ТК,5/2,Ежемесячно,"бонус, бонусы","Продавать услуги компании: Продвижение сайтов, поисковая оптимизация (SEO);Контекстная и Таргетированная реклама; Ведение и продвижение соц. сетей (SMM);Разработка сайтов...",https://hh.ru/vacancy/124421099
Оператор 1с (менеджер по работе с клиентами),ОМГ БИЗНЕС,90.0,,,,,Нет опыта,ТК,5/2,,обучение,"Прием и обработка заказов с сайта; Работа с постоянными клиентами; Общение с клиентами, без холодных звонков; Выставление счетов, оформление закрывающих документов; Консультирование, помощь в выборе продукции компании; обработка заказов в 1С;",https://hh.ru/vacancy/125270962
Менеджер по продажам / hunter (партнерская программа),FONBET,,,,,,От 1 года до 3 лет,ТК,5/2,,форма,"Привлечение новых партнеров с помощью продвижения партнерской программы на профильных конференциях, а так же представление компании в медийном поле ниши; Контроль новых офферов и их трансляция текущим и новым веб-мастерам; Изучение источников трафика вебмастеров, подбор и продажа соответствующих офферов для монетизации трафика; Построение и развитие долгосрочных партнерских отношений с веб-мастерами, работа с возражениями; Нетворкинг на онлайн и оффлайн мероприятиях с целью продаж УТП компании партнерам; Что нужно, чтобы к нам присоединиться: Опыт работы в продажах в Affiliate сфере от 1 года. Опыт работы в CPA-сети, беттинге, гемблинге, крупном онлайн-ритейле или маркетинговом агентстве будет плюсом. Мы готовы предложить: Ориентируемся на финансовые пожелания кандидата в зависимости от навыков и опыта; График работы: 5/2 в офисе (м. Таганская), гибрид, удаленный формат обсуждается с кандидатом; Участие в мероприятиях и конференциях, что способствует расширению профессиональных контактов.",https://hh.ru/vacancy/125449337
Менеджер отдела продаж,CATAPULTO.RU,120.0,200.0,,,,Нет опыта,ТК,5/2,,"обучение, транспорт","Привлечение новых b2b-клиентов, Исходящие звонки по качественной холодной базе, Проведение переговоров и заключение договоров, Сопровождение новых клиентов, Отчетность в CRM-системе (Bitrix24).",https://hh.ru/vacancy/117010924
"Менеджер по работе с клиентами (переписка, сопровождение)",Vegannova,60.0,100.0,,,,От 1 года до 3 лет,ТК,5/2,,"форма, премии, бонус, бонусы, обучение","Общаться с клиентами в переписке (мессенджеры, почта, CRM), звонки только при необходимости. Поддерживать клиентов после первой покупки: интересоваться, как им продукт, отвечать на вопросы. Давать простые рекомендации и мягко предлагать сопутствующие товары. Формировать долгосрочные отношения: помогать клиенту оформлять повторные заказы. Вести переписку и фиксировать действия в Bitrix24. Мы ждём от тебя: Опыт работы в продажах или клиентском сервисе от 1 года. Умение общаться с людьми в переписке: доброжелательно, понятно, без давления. Навык нативных допродаж (предложить дополнение так, чтобы клиенту было полезно). Готовность работать в CRM (Bitrix24 будет плюсом). Внимательность и желание помогать клиентам. Что предлагаем: Гибкий формат: работа удаленно, 5/2.. Прозрачная оплата: оклад от 60 000 ₽ + KPI и бонусы за развитие клиентов. Обучение за счёт компании (по продукту и сервису). Комфортные",https://hh.ru/vacancy/125141373
Менеджер по продажам (в переписке),Кулаков Алексей Денисович,80.0,170.0,,,'2-3,От 1 года до 3 лет,ТК,"2/3, 3/4, 5/2",,"форма, обучение","Огромный ассортимент товаров вип, премиум и люкс качества. Продажи товаров под заказ с отгрузкой напрямую до клиента из Китая. - ",https://hh.ru/vacancy/125321540
Менеджер по продажам,Алтай-Тент,100.0,,,,,От 1 года до 3 лет,ТК,5/2,,"премии, подарки","активный поиск клиентов; заключение договоров и ведение проекта; встречи с клиентами, в том числе командировки по закрепленным регионам. Наши ожидание от кандидата: успешный опыт активных продаж; желание работать на результат; умение вести переговоры на уровне первых лиц; умение выстраивать долгосрочные взаимовыгодные отношения с клиентами; владение ПК на уровне уверенного пользователя (MS Office, 1С), желателен опыт работы с CRM - системами, 1С; желание развиваться в профессиональной сфере; наличие технического образования является конкурентным преимуществом.",https://hh.ru/vacancy/125457546
Менеджер по продажам,ЭРИСМАНН,120.0,160.0,,,,От 1 года до 3 лет,ТК,"60/70, 5/2",Ежемесячно,бонус,"Осуществлять оптовые продажи обоев. Выполнять плановые показатели (объем, доля представленности, контроль оборачиваемости) и управлять продажами на закрепленной территории - прямые клиенты...",https://hh.ru/vacancy/125427010
Sales Manager (AdTech/MarTech),RoRe Group,,,,,,От 3 до 6 лет,ТК,5/2,,"ДМС, форма, кофе","У нас 60% тёплых лидов, 40% — умный холодный outreach. Никаких «100 звонков в день» — только работа через партнёров, соцсети и...",https://hh.ru/vacancy/125014610
Sales Manager (Португалия),Disciplinas Imersivas LDA,,,,,,От 1 года до 3 лет,ТК,5/2,,обучение,"Общаться с нашими абитуриентами — в Telegram, WhatsApp, Instagram, Zoom, звонок.  Писать, озвучивать, объяснять, помогать выбрать программу.  Работать с возражениями.  ",https://hh.ru/vacancy/125346585
Менеджер по продажам,Halal Travel Services,45.0,120.0,,,,Нет опыта,ТК,5/2,,обучение,"консультации клиентов по отдыху, отелям, пляжам, достопримечательностям и ценам на туры, подбор туров через поисковые системы, бронирование авиабилетов, ж/д билетов и прочих услуг (страховки, трансферы, экскурсии и т.д.), сбор и подготовка документов для получения клиентами виз, оформление сопутствующей документации.​​​ Мы сотрудничаем с ведущими туроператорами России. В нашем агентстве все процессы максимально автоматизированы и регламентированы, что позволит вам легко взаимодействовать с клиентами и увеличивать объемы продаж. Для начинающих специалистов расписан процесс стажировки, а также проводятся регулярные рекламные туры, семинары и вебинары для профессионального роста и развития нашей команды. Дресс-код: согласно нашей концепции, необходимо покрывать голову платком или шарфом, выбирая при этом офисную одежду, которая сочетает в себе скромность и современный стиль Если ты ищешь работу с перспективами, возможностью учиться новому и создавать что-то важное — присоединяйся к нам! Кто прочитал до конца, отправьте сообщение со словом &quot; Туризм &quot;",https://hh.ru/vacancy/125375253
Менеджер по продажам,Гостэнергоконтроль,140.0,,,,,Нет опыта,ТК,5/2,,"кофе, чай","Развитие существующей клиентской базы, привлечение новых клиентов (обзвон базы, холодный поиск). Обработка входящих заявок от клиентов. Подготовка коммерческих предложений. ",https://hh.ru/vacancy/124512132
Помощник менеджера по продаже медицинских изделий,МедАрт,80.0,,,,,Нет опыта,ТК,5/2,,обучение,"Продвижение изделий медицинского назначения - оборудования и расходных материалов для хирургических отделений государственных медицинских учреждений: Участие в процессе продаж - подготовка коммерческих предложений, спецификаций, договоров. Организация и сопровождение поставок товара заказчикам. Сотрудничество с поставщиками – запрос предложений, счетов, подготовка документации. Контроль оплаты по договорам. Ведение клиентской базы. Консультирование партнеров/заказчиков по телефону и эл.почте в процессе взаимодействия.",https://hh.ru/vacancy/125365933
Специалист в отдел продаж / Оператор 1С,ТК Рэйлповолжье,45.0,45.0,,,,От 1 года до 3 лет,ТК,5/2,2 раза в месяц,"форма, транспорт","Документооборот отдела продаж: выставление счетов, составление договоров и заявок; - Ведение базы данных и внесение информации в учетную систему (1С).",https://hh.ru/vacancy/125390190
Ведущий менеджер по продажам,РТК,170.0,,,,,Нет опыта,ТК,5/2,,"форма, бонус, бонусы, обучение, транспорт","Обрабатывать входящие заявки от клиентов, заниматься развитием своей собственной базы постоянных твоих клиентов, приносящих доход тебе и прибыль компании. ",https://hh.ru/vacancy/125344493
Менеджер по работе с клиентами,ГК ФАСТранс,60.0,,,,,Нет опыта,ТК,5/2,2 раза в месяц,,Обслуживание существующей клиентской базы Приём и обработка заявок на перевозку Консультации клиентов по вопросам грузоперевозок Привлечение клиентов,https://hh.ru/vacancy/125382650
Менеджер по работе с клиентами,Производственная компания,120.0,250.0,,,,Нет опыта,ТК,3/3,2 раза в месяц,"форма, обучение, кофе",запись клиентов на бесплатный замер; внесение информации в СRM;,https://hh.ru/vacancy/124744450
Менеджер по продажам,МВМ-Механизация,250.0,,,,,От 1 года до 3 лет,ТК,5/2,,обучение,"обработка входящих заявок и ведение переговоров; работа в Битрикс24; полное ведение сделки, включая подготовку необходимых документов; выполнения текущих задач от руководителя.",https://hh.ru/vacancy/125224434
Менеджер по продажам B2B,Центр Строительно-Проектной и Промышленной Экспертизы,150.0,,,,'5-7,Нет опыта,ТК,"5/2, 5/7",Ежемесячно,"обучение, проезд","Проводить переговоры, формировать и выстраивать долгосрочные отношения с клиентами (клиенты закрепляются за менеджером на постоянной основе), вести базу в CRM. ",https://hh.ru/vacancy/120381515
"Менеджер по продажам, входящие заявки",Вектор,125.0,,,,,От 1 года до 3 лет,ТК,5/2,,"форма, обучение, транспорт","Принятие, обработка и фиксация входящих звонков. Принятие, обработка и фиксация входящих заявок на выполнение заказа. Расчет заказов / Выставление счетов /Оформление...",https://hh.ru/vacancy/124818962
Менеджер по продажам,ТСК Прокситерм,35.0,150.0,,,,Нет опыта,ТК,5/2,,,"Расширение клиентской базы. Поиск новых клиентов из открытых источников, а также по входящим заявкам. Консультирование клиентов по продукту, подбор оборудования для объектов. Предоставление отчётов и проведение опросов. Мониторинг конкурентов. Выполнять поручения руководителя. Работа со счетами, расчёт логистики, подписание договоров с контрагентами. Выполнение плана продаж и плана по звонкам.",https://hh.ru/vacancy/125261935
Менеджер по продажам,Шеф-Торг,80.0,,,,,От 1 года до 3 лет,ТК,5/2,,,"Привлечение новых клиентов, увеличение объёма продаж; Поддержка и развитие имеющейся клиентской базы; Контроль погашения дебиторской задолженности; Сбор заявок клиентов.",https://hh.ru/vacancy/125372789
Менеджер по продажам,WAYMORR,120.0,250.0,,,,От 1 года до 3 лет,ТК,5/2,2 раза в месяц,"ДМС, форма, бонус, подарки","Работа с входящими заявками и существующей клиентской базой; Реанимация клиентской базы ; Ведение переговоров по телефону, мессенджерам и почте; Встречи с клиентами; Работа с информационными системами Компании: CRM, отчетность; Выполнение плана продаж.",https://hh.ru/vacancy/125357969
Менеджер по продажам ювелирных изделий,Ювелирный завод Вероника,200.0,,,,'3-4,От 1 года до 3 лет,ТК,"3/4, 5/2",2 раза в месяц,"подарки, скидки, обучение","Основная задача менеджера по продажам – активные оптовые продажи ювелирных изделий (золото, серебро), развитие клиентской базы. Работать по существующей базе, привлекать новых клиентов, заключение договоров, полное сопровождение сделки Работать с ключевыми клиентами, проводить встречи с целью ознакомления с новинками, проведения отборок ювелирных изделий, увеличения объемов отгрузок. Соблюдать сроки проведения сделок и поступления денежных средств. Контролировать дебиторскую задолженность; Участвовать в ювелирных выставках, как в России, так и заграницей (по желанию) Наши пожелания к кандидату: Желание зарабатывать от 200 000 рублей и выше. Опыт активных продаж ювелирных изделий; Грамотная и четкая речь, хорошая дикция; Навыки деловой переписки; Готовность много общаться с людьми, умение выявлять потребности клиентов; Стремление постоянно развиваться Ждем вас в нашей команде!",https://hh.ru/vacancy/123131675
Менеджер по работе с клиентами,KASSIR.RU,60.0,,,,,От 1 года до 3 лет,ТК,2/2,,"ДМС, форма","Работа с клиентами - информационная поддержки абонентов на всех каналах клиентского доступа: телефон, электронная почта, программа, сайт и пр. Ведение реестра и анализ обращений зрителей (системная работа со зрителями), передача данных в соответствующие отделы. Ежедневная оперативная обработка всех обращений, поступающих на сайт (обратная связь на сайте) Ежедневная оперативная обработка всех обращений, поступающих на электронную почту компании Электронный прием официальных претензий от клиентов, оперативная передача в юридический отдел Консультация клиентов по вопросам возврата денежных средств за приобретенные билеты Возврат денежных средств зрителям за приобретенные билеты по заявлению (электронно) Ведение реестра оформленных возвратов, передача данных в бухгалтерию Формирование рассылок и оповещение зрителей",https://hh.ru/vacancy/125446435
Digital account manager / Project manager (Junior/Middle/Senior),Realweb,,,,,,От 1 года до 3 лет,ТК,5/2,,"ДМС, форма","Разрабатывать стратегию работы по проекту, декомпозировать ее и контролировать исполнение. Понимать бизнес-задачи клиента, перекладывать их на digital-инструменты. ",https://hh.ru/vacancy/124318251
Менеджер по продажам,V&M,72.0,163.0,,,'2-3,От 1 года до 3 лет,ТК,2/3,Еженедельно,"форма, бонус, бонусы, обучение","Компания VM Logistic занимается авто доставкой груза из Китая в Россию и Беларусь. Мы предоставляем услуги по поиску, выкупу, консолидации...",https://hh.ru/vacancy/124869616
Менеджер по продажам катеров и яхт,СП Нобилис,,,,,,От 1 года до 3 лет,ТК,64/27,,,"Комплексное представление продукта потенциальным клиентам (технические и маркетинговые особенности продукта). Обработка входящих заявок (звонки, сайт, соцсети, Авито). Первичная квалификация клиента...",https://hh.ru/vacancy/124562476
Менеджер по работе с клиентами (Косметология),Агни,170.0,,,,,От 1 года до 3 лет,ТК,5/2,,"питание, форма, бонус, бонусы, обучение",Построение и поддержание долгосрочных отношений с клиентами; Привлечение новых клиентов; Заключение договоров и сопровождение сделок; Анализ потребностей клиентов и предложение решений для их удовлетворения; Сбор обратной связи и участие в улучшении качества обслуживания.,https://hh.ru/vacancy/125420612
Менеджер по работе с клиентами,Магнит,150.0,,,,,От 1 года до 3 лет,ТК,5/2,,,Поддержание и развитие долгосрочных отношений с существующими клиентами. Активный поиск и привлечение новых клиентов по продажи и покупки паллет. Консультирование клиентов по ассортименту и условиям сотрудничества. Ведение переговоров и заключение договоров. Контроль выполнения условий договоров и своевременное решение возникающих вопросов.,https://hh.ru/vacancy/125444128
Менеджер по продажам,НЗМО,250.0,400.0,,,,От 3 до 6 лет,ГПХ,30/2,,,"Всё, что обычно делают продажники: обрабатываем входящий трафик, делаем холодные звонки, ищем проекты, считаем заказы в калькуляторе, работаем в Битрикс24 и заключаем договоры с подрядчиками — строителями, архитекторами и другими. Кому подойдет вакансия: у вас есть опыт работы в проектных продажах (или понимание, как они устроены) не обязательно знать наш продукт, мы всему обучим вы умеете и любите продавать:) Отправляйте ваш отклик, если вакансия показалась интересной, и мы с удовольствием с вами познакомимся. Мы быстро принимаем решения, поэтому сможем сделать оффер практически сразу успешным кандидатам.",https://hh.ru/vacancy/125193555
Менеджер по продажам (входящие лиды),Аквариус,100.0,300.0,,,,От 1 года до 3 лет,ТК,5/2,Еженедельно,форма,"Совершать исходящие звонки клиентам по входящим заявкам , делать презентацию компании и услуг, рассказывать об условиях работы с нами; Назначать встречи с клиентами в офисе для менеджеров по продажам, проводить онлайн-встречи с клиентами; Сопровождать клиентов до закрытия успешной реализованной сделки, отвечать на вопросы и рассказывать о преимуществах наших продуктов; Вести продающие переписки в мессенджерах; Работать со сделками в AmoCRM согласно регламенту; Соблюдать план по коммуникациям с клиентами (звонки, встречи, письма); Собирать обратную связь от клиентов.",https://hh.ru/vacancy/125154234
Менеджер по продажам в переписке,Онлайн-школа Фоксфорд,105.0,,,,,От 1 года до 3 лет,ГПХ,2/2,,"форма, скидки, обучение",Общение с клиентами по переписке с целью продажи образовательных продуктов (курсов и занятий с репетитором). Совершать входящие и исходящие звонки...,https://hh.ru/vacancy/125324179
Менеджер по продажам,Anecole,100.0,,,,,От 1 года до 3 лет,ГПХ,"5/2, 7/8",,форма,У нас простая воронка: две встречи - интервью со мной и собеседование с руководителем отдела продаж. Далее - выход на адаптацию. ,https://hh.ru/vacancy/124514417
Менеджер по работе с клиентами (без поиска),RFL,103.5,,,,,От 1 года до 3 лет,ТК,5/2,,"ДМС, форма, премии","Успешно и продуктивно выстраивать взаимодействия с вверенными клиентами, сохранять и развивать отношения; Контролировать своевременный и полный сбор оплат по вверенным клиентам; Работать с договорами, счетами и закрывающими документами – своевременно подписывать, собирать, передавать в бухгалтерию, Претензионная работа, разрешение спорных и иных ситуаций/вопросов в рамках своей компетенции, сбор и передача необходимой информации, обеспечение бесперебойной и исправной работы с клиентом; Разрабатывать и администрировать меры по повышению производительности труда и повышению эффективности на вверенных проектах с клиентом; Отчетность - клиенту и руководству компании. Мы ожидаем: Релевантный опыт работы от 3 лет в сфере сервиса/продаж/производства, опыт в складской логистике – большое преимущество; Уверенный пользователь ПК, хорошее знание Excel, 1С, WMS (желательно); Грамотность устная и письменная; Клиентоориентированность, уверенное владение методами эффективного проведения переговоров; Аккуратность, быстрая обучаемость, ответственность, нацеленность на результат, активная жизненная позиция.",https://hh.ru/vacancy/124814177
Менеджер по продажам новых автомобилей ГАЗ (коммерческий транспорт),Группа компаний «АвтоМАШ»,150.0,450.0,,,,Нет опыта,ТК,5/2,,"бонус, транспорт","Консультирование клиентов по вопросам выбора автомобилей и дополнительных услуг по телефону и в автосалоне (входящий трафик), составление коммерческих предложений, сопровождение клиента на всех этапах сделки, знание технических характеристик автомобилей, цен и предоставляемых скидок, условий продаж при разных способах оплаты (наличные, кредит, лизинг) активные продажи приветствуются, заключение договоров купли-продажи.",https://hh.ru/vacancy/124820547
Ведущий менеджер продаж,МЦ прайм,60.0,,,,,Нет опыта,ТК,15/50,,,"Продажи происходят без личных встреч и командировок, наши главные инструменты – это мессенджеры и телефония. Вместе с вами в паре будет работать офис-менеджер, который возьмет на себя всю рутинную работу. Расширять свою клиентскую базу из предоставляемых источников (не нужно заниматься поиском контактов, сведений, ФИО и пр.)",https://hh.ru/vacancy/124853912
Менеджер по продажам (ИТ продукт),FriendWork,,,,,,От 1 года до 3 лет,ТК,5/2,,"бонус, бонусы, обучение","Активные продажи: холодные звонки, работа с входящими лидами. Проведение презентаций и демонстраций продукта для клиентов. Ведение сделок от первого контакта до успешного закрытия. Консультирование клиентов и подбор оптимальных решений. Работа в amoCRM: контроль воронки и управление базой клиентов. Мы ищем тебя, если у тебя есть: ✔ Опыт продаж в B2B от 1 года. ✔ Навыки ведения переговоров и презентаций. ✔ Умение работать в CRM (желательно amoCRM). ✔ Целеустремленность и желание зарабатывать. Будет плюсом: Опыт работы с HR-системами. Знание специфики малого и среднего бизнеса. Почему стоит присоединиться? Стабильный доход и прозрачная система мотивации. Гибкий график и комфортные условия работы. Дружная команда и корпоративные мероприятия. Готов к новым вызовам? Отправляй резюме и начни зарабатывать с нами! 🚀",https://hh.ru/vacancy/124971140
Менеджер по продажам (Входящие звонки),Центр ДНК Тест,85.0,,,,,От 1 года до 3 лет,ТК,"5/2, 2/2",,"форма, обучение, транспорт","ты научишься находить общий язык с любыми людьми. ОБУЧЕНИЕ И СТАЖИРОВКУ: индивидуальный карьерный план, обучение у лучших. ДРУЖЕСТВЕННУЮ АТМОСФЕРУ В КОЛЛЕКТИВЕ: новые знакомства, неравнодушные и отзывчивые руководители-наставники. Мы ждем от Вас: Грамотную и вежливую речь. Опыт в продажах или колл-центре от 1 года. Возможность работать с компьютера или ноутбука, стабильный интернет. Чем Вы будете заниматься? Принимать входящие звонки от заинтересованных клиентов из разных городов. Оформлять запись на прием в наши лабораторные центры. Консультировать по услугам лаборатории (сроки, цены, способы сдачи теста, образцы- хранение и транспортировка биоматериала). Работать по четко описанным бизнес-процессам (регламенты, инструкции и работающие скрипты). Работать в удобной CRM-системе. Присоединяйтесь к Компании-Лидеру на рынке ДНК-тестирования! Карьерный и профессиональный рост. Стабильная заработная плата без задержек. Ждем Ваших откликов!",https://hh.ru/vacancy/125247873
Менеджер по продажам (без поиска клиентов) Москва,Форесткэмп,180.0,300.0,,,'9-18,От 1 года до 3 лет,ТК,5/2,Еженедельно,"форма, обучение","Выезд по &quot;теплой&quot; заявке; Консультирование клиентов с целью заключения договоров на оказание услуг; Поиск оптимального решения в интересах клиентов компании и компании; Замер мягкой мебели; Определение стоимости работ; Предоставление информации и документов в офис (1 раз в неделю, офис находится по адресу: Ярославское шоссе 19с 1)",https://hh.ru/vacancy/121667219
Менеджер по продажам / Торговый представитель,Водяков Илья Петрович,500.0,,,,,От 1 года до 3 лет,ТК,"5/2, 6/1",Ежемесячно,"форма, подарки, обучение","холодный поиск клиентов (звонки, визиты) проведение замеров фасадов и других строений; консультации клиентов и заключение договоров на объекте.",https://hh.ru/vacancy/125141534
Помощник менеджера (без продаж),СТС,50.0,,,,,Нет опыта,ТК,5/2,,обучение,"Подготовка документов для поставки, спецификаций по заявкам от менеджеров. Взаимодействие в клиентами (информирование о ДЗ, сроках поставки и т.д.). ",https://hh.ru/vacancy/125280466
Менеджер по работе с клиентами,НАЙМАКС,100.0,,,,,От 1 года до 3 лет,ТК,5/2,,,"Полный цикл продаж: от приема заявок до отгрузки продукции Стратегическое планирование: разработка и реализация планов продаж Документооборот: ведение договоров, составление отчетности Аналитика продаж: мониторинг показателей, анализ эффективности Экспертная поддержка: глубокое понимание продукции компании Мы ожидаем от кандидата: Образование: среднее специальное/высшее + дополнительное бизнес-образование Опыт работы: от 5 лет в продажах технического оборудования Профессиональные навыки: Уверенное владение 1С Опыт работы с CRM-системами (преимущество) Знание технической документации Опыт работы с тендерной документацией Личные качества: Целеустремленность и амбициозность Стрессоустойчивость Коммуникабельность Самоорганизация Условия работы: Стабильный доход: оклад 40 000 руб. + премия (общий доход до 150 000 руб.) Оформление по ТК РФ",https://hh.ru/vacancy/125377729
Менеджер по продажам недвижимости,RS Group Development,250.0,360.0,,,,От 1 года до 3 лет,ТК,2/2,,,"Работа с входящим потоком клиентов; Ведение базы клиентов в CRM; Консультация клиентов по вопросу приобретения недвижимости в проект; Работа с возражениями; Бронирование недвижимости, подготовка и сопровождение сделки до завершения расчетов; Выполнение плана продаж; Подготовка отчетов в рамках своей деятельности; Выполнение поручений руководителя.",https://hh.ru/vacancy/125379787
Менеджер по оптовым продажам,Голд Пак,90.0,170.0,,,'9-18,От 1 года до 3 лет,ТК,5/2,2 раза в месяц,"ДМС, скидки, обучение","Увеличение и развитие своей клиентской базы; Проведение переговоров с клиентами (Телефонные продажи(80%) /выезды на встречи (не более 20%); Выполнение KPI; Построение эффективных, крепких, долгосрочных отношений с партнерами компании.",https://hh.ru/vacancy/125343453
Главный специалист по работе с клиентами,Ханты-Мансийский НПФ,,60.0,,,,Нет опыта,ТК,5/2,,,"Проведение встреч на территории бюджетных учреждений (Сургут, Сургутский р-н), заключение договоров, составление отчетности по итогам работы",https://hh.ru/vacancy/125412542
Менеджер по продажам на маркетплейсах,ГЛАВ ДРСУ,100.0,180.0,,,,От 1 года до 3 лет,ТК,5/2,,форма,"Полный цикл управления продажами на ключевых маркетплейсах (Wildberries, Ozon, Яндекс Маркет, Авито, всеинструменты) — от создания и ведения карточек товаров до анализа и отчетности. Разработка и реализация стратегии продвижения товаров и всего аккаунта. Настройка и оптимизация рекламных кампаний (WB Ads, Ozon Boost) для максимизации продаж и ROI. Работа с остатками, ценообразованием, контролем логистических процессов и участием в акциях маркетплейсов. Анализ рынка, конкурентов и ключевых показателей (оборот, маржинальность, конверсия) для принятия стратегических решений. Мы ждем, что ты: Имеешь опыт от 2-х лет успешной работы с маркетплейсами (обязательно укажи в отклике, с какими именно работал(а)). Детально разбираешься в алгоритмах и особенностях площадок (выдача, ранжирование, работа с отзывами). Имеешь успешный опыт запуска и продвижения товаров с использованием внутренней рекламы. Уверенно владеешь аналитикой: умеешь работать с данными, строить отчеты в Excel/Google Таблицах, считать unit-экономику. Видишь прямую связь между своей работой и финансовым результатом. Обладаешь высокой самоорганизацией, инициативностью и нацеленностью на результат.",https://hh.ru/vacancy/125340008
Менеджер по работе с клиентами,Пермский завод энергетического машиностроения,80.0,120.0,,,,От 1 года до 3 лет,ТК,5/2,,обучение,"Цель <highlighttext>менеджера</highlighttext> <highlighttext>по</highlighttext> <highlighttext>работе</highlighttext> <highlighttext>с</highlighttext> <highlighttext>клиентами</highlighttext> — поддерживать и развивать долгосрочные отношения с заказчиками, обеспечивая их удовлетворенность и лояльность. ",https://hh.ru/vacancy/125390232
Менеджер по продажам и работе с клиентами,ПолиКап,110.0,200.0,,,,От 1 года до 3 лет,ГПХ,5/2,,кофе,"Холодные звонки, да да у нас они работают! Средняя ЗП сотрудников 160 000 рублей. Обрабатывать входящий трафик Ведение СРМ Вести отчетность для РОПа",https://hh.ru/vacancy/125334764
Менеджер по оптовым продажам,Вентас Инжиниринг,100.0,,,,,От 1 года до 3 лет,ТК,5/2,,форма,"Оптовая продажа вентиляционного оборудования, комплектующих и расходных материалов, теплоизоляции из ВСК; Ведение существующей клиентской базы, поиск новых клиентов; Составление технико-коммерческих предложений; Выставление счетов, контроль над порядком товарно-сопроводительных документов; Сопровождение и согласование договоров, платёжных документов; Возможное участие в формирование ассортимента и ценовой политики компании;",https://hh.ru/vacancy/124295629
Менеджер по работе с клиентами,Экoпapк ДOM ЗEMЛЯHИHА,86.0,,,,,Нет опыта,ТК,5/10,,,"Принимать письма-заявки на проведение обучения; Распечатывать документы. Вносить данные в шаблоны договоров и коммерческих предложений; Вводить данные в систему учёта и оповещать о готовности документов; Отвечать на входящие телефонные звонки, их мало, давать пояснения звонившему (научим) или переключать на опытного специалиста; Ваш день может стать ещё интереснее, при наличии опыта, предложим работу с тендерами по 44-фз, в 1С, crm, ЭДО.",https://hh.ru/vacancy/124678200
Менеджер по работе с клиентами,Мегатрак,80.0,250.0,,,,Нет опыта,ТК,5/2,,,Разработка и внедрение стратегий по привлечению новых клиентов. Ведение и актуализация клиентской базы. Поддержание долгосрочных отношений с клиентами и обеспечение высокого уровня обслуживания. Анализ потребностей клиентов и предложение оптимальных решений. Сотрудничество с другими отделами для обеспечения качественного сервиса.,https://hh.ru/vacancy/125465444
Менеджер отдела продаж (без поиска клиентов),ДРС-Групп,120.0,180.0,,,,От 1 года до 3 лет,ТК,5/2,2 раза в месяц,"ДМС, форма, премии, обучение","Общаться с клиентами по телефону и в мессенджерах, рассказывать о наших услугах и заключать сделки. Клиентов искать не нужно, базу...",https://hh.ru/vacancy/124363513
Менеджер по работе с клиентами,Аудиторская группа компаний Правовест Аудит,,,,,'5-2,От 1 года до 3 лет,ТК,5/2,,"бонус, бонусы","Полное сопровождение клиента от стадии подписания договора до окончания аудиторской проверки (контроль сроков, координация процесса, консультации); Согласование коммерческих предложений, договоров, технических заданий; Перезаключение договоров после завершения аудита, работа на долгосрочное сотрудничество; Построение доверительных, стабильных отношений с клиентами; Периодическое “реанимирование” старых клиентов из наработанной базы; Погружение в специфику бизнеса клиента, помощь в подборе оптимальных решений; Работа в CRM (Битрикс24), контроль всех этапов сделки",https://hh.ru/vacancy/124760170
Региональный менеджер по продажам,ОВИГО,100.0,,,,,От 1 года до 3 лет,ГПХ,5/2,,"форма, обучение","Самостоятельная наработка клиентской базы; Активное привлечение новых клиентов; Ведение договорной работы; Контроль отгрузок товара клиентам; Разработка и реализация планов по достижению уровня продаж, управление процессом продаж от начала до конца; Проведение презентации наших продуктов перед потенциальными клиентами, демонстрируя их преимущества; Осуществление командировок, предоставление технических консультаций по проектам, проведение встреч с клиентами на территории Центрально-Черноземного региона. Работа с проектными компаниями региона, с базой заказчика, а также с эксплуатирующими и подрядными компаниями в области вентиляционного оборудования.",https://hh.ru/vacancy/125360032
Менеджер по продажам (Алеф Трейд),BY business group (Бизнес-Юрист),,180.0,,,,От 3 до 6 лет,ТК,5/2,,кофе,Работа с премиальными брендами чая и кофе. Проведение профессиональных дегустаций для клиентов. Развитие текущей базы HoReCa в Петербурге. ,https://hh.ru/vacancy/125430994
Менеджер по продажам в инжиниринговую компанию,ANS-Group,100.0,,,,,Нет опыта,ТК,"30/50, 5/2",,"форма, премии, обучение","Работа со входящими обращениями и готовой клиентской базой Оптовые продажи электрооборудования, СКС и т.д. в b2b сегменте Обработка спецификаций, подготовка коммерческих предложений и счетов Работа в программах Битрикс, 1С, MS office Наши ожидания: Желание зарабатывать Стремление стать профессионалом в b2b продажах Коммуникабельность Опыт не обязателен, научим!",https://hh.ru/vacancy/124629327
Менеджер по продажам (недвижимость),Международная сеть агентств недвижимости CENTURY 21 Россия,250.0,,,,,Нет опыта,ТК,5/2,Ежемесячно,"скидки, обучение, жилье",Поддержка руководителя на всех этапах твоего развития в компании. Штатный фотограф. Прохождение теории и практики с Руководителем. Презентация услуг компании...,https://hh.ru/vacancy/116231261
Менеджер по продажам,Москалюк Артем Александрович,,200.0,,,'2-3,От 1 года до 3 лет,ТК,2/3,,"форма, обучение",Консультирование клиентов по телефону и онлайн-каналам. Работа со входящими заявками и активные продажи (уже теплые лиды). Ведение клиентской базы и полный цикл сделки.,https://hh.ru/vacancy/125166134
Менеджер по продажам (без звонков и поиска),Арт-Дизайн,250.0,350.0,,,,От 1 года до 3 лет,ТК,5/2,Еженедельно,,"Проводить встречи с заинтересованными клиентами (работай только с теплыми клиентами, никакого поиска и холодных звонков). Сопроводить сделку, заключить договор, принять...",https://hh.ru/vacancy/125281085
Менеджер по развитию продаж (дистрибуция),RIVAL – группа компаний,170.0,,,,,От 1 года до 3 лет,ТК,5/2,,"форма, транспорт","Развивать клиентскую базу: проводить переговоры, встречаться с клиентами, заключать контракты. Развивать товарные категории внутри клиентов: анализировать продажи, готовить коммерческие предложения...",https://hh.ru/vacancy/125431646
Менеджер по работе с клиентами / Sales manager / Обработчик трафика,Айти Ворлд,160.0,,,,,От 1 года до 3 лет,ТК,"6/1, 30/14, 30/22",Еженедельно,форма,Общаться с клиентами через мессенджеры и соцсети. - Консультировать по продукту и сопровождать сделки. - Повышать лояльность и увеличивать средний чек.,https://hh.ru/vacancy/123917828
Менеджер отдела продаж,ПИКЕЙ,,150.0,,,,От 1 года до 3 лет,ТК,5/2,2 раза в месяц,кофе,Развитие действующих клиентов - Поиск новых клиентов - Продажа продуктов компании. - Работа в CRM БИТРИКС 24,https://hh.ru/vacancy/124834160
Менеджер по работе с клиентами,Куб,90.0,,,,,Нет опыта,ТК,5/2,,,"Развивать и выстраивать взаимовыгодные и долгосрочные отношения с имеющимися корпоративными заказчиками; - Привлечение новых заказчиков; - Сопровождение сделок и проектов на всех этапах; - Взаимодействие с поставщиками товаров, работ и услуг; - Разработка коммерческих предложений.",https://hh.ru/vacancy/125317894
Менеджер по продажам,БАСПРОМО,,400.0,,,,От 1 года до 3 лет,ГПХ,5/2,,"форма, бонус","Мы - БасПромо, компания по продвижению бизнеса в интернете. Работаем с самыми актуальными инструментами digital-маркетинга: контекстная реклама, создание сайтов, SEO...",https://hh.ru/vacancy/125376109
Менеджер по продажам Домов - только входящие заявки с Авито (удаленная работа),Бизнеспроф,168.0,188.0,,,,Нет опыта,ТК,5/2,,"форма, обучение",<highlighttext>Менеджер</highlighttext> <highlighttext>по</highlighttext> <highlighttext>продажам</highlighttext> Домов - только входящие заявки с Авито (удаленно). Никаких холодных звонков - клиенты сами пишут и звонят на Авито. ,https://hh.ru/vacancy/124914429
Региональный менеджер по продажам на территории ЮФО,Мировые Напитки,,,,,,От 1 года до 3 лет,ТК,5/2,,,"управление продажами и дистрибуцией продукции на закрепленной территории через партнеров-дистрибьюторов; поиск, привлечение и развитие дистрибьюторской сети (оптовые и розничные компании); заключение договоров, контроль выполнения планов продаж и условий оплаты дистрибьюторами; контроль товарных остатков на складах партнеров и отслеживание ценовой ситуации на рынке. регулярный аудит точек продаж, анализ активности конкурентов и предоставление отчетности; проведение акций по продвижению продукции.",https://hh.ru/vacancy/125311799
Менеджер по продажам,Матушкин Игорь Олегович,100.0,200.0,,,,От 1 года до 3 лет,ТК,5/2,,,Работа с теплыми клиентами -Работа с холодными клиентами (менее 2 часов в день) -Рассылка коммерческих предложений,https://hh.ru/vacancy/125366677
Менеджер по работе с клиентами,Концепт Фитнес Про,,180.0,,,,Нет опыта,ТК,"2/2, 2/1, 5/2",,,Приветствие и консультирование клиентов по услугам Оформление клубных карт и работа с кассой. Поддержание чистоты и порядка на рабочем месте. Ведение отчетности и документации. Обеспечение высокого уровня сервиса и удовлетворенности клиентов.,https://hh.ru/vacancy/124754466
Sales Manager / Business Development Manager (web3/crypto),Insolvent Capital,,,,,,От 1 года до 3 лет,ТК,64/27,,,"Общаться с основателями топовых web3- и fintech-проектов по всему миру; - Работать с биржами, венчурными фондами и фэмили-офисами; - Управлять своей CRM и тестировать подходы к продажам; Кого мы ищем: - 2+ года опыта в B2B-продажах; - Продвинутый/свободный английский — 90% наших клиентов говорят на английском; - Опыт холодных продаж — и стремление к закрытию сделок; - Твердые знания крипто/web3 — от проектов и трендов до ключевых игроков. Ты идеально подойдёшь, если у тебя уже есть связи в крипто/web3 и ты понимаешь, как работает индустрия.",https://hh.ru/vacancy/124677651
Специалист по работе с клиентами (чат/почта),АйтиСФ,55.0,,,,,Нет опыта,ТК,"2/2, 5/2",,"ДМС, форма, бонус, бонусы, обучение","2. Консультировать клиентов по услугам компании. Вопросы, на которые предстоит отвечать в рамках функционала:",https://hh.ru/vacancy/125457935
Менеджер по продажам,Ландшафт Комплекс,80.0,90.0,,,,От 1 года до 3 лет,ТК,5/2,,,"Продажа Шатров (стандартный, усиленный, круглогодичный/зимний). Предназначены для мероприятий, летнего кафе, торговли, парков, свадьбы итд. Отработка входящих звонков (БЕЗ ХОЛОДНОГО ПРИВЛЕЧЕНИЯ) Обзвон действующих клиентов компании (запрос рекомендаций) и расширение существующей клиентской базы Составление КП Общение с клиентами Заполнение типовой формы контракта Контроль оплат Постановка задач в реализацию Подписание и сдача закрывающей документации после реализации проекта",https://hh.ru/vacancy/125039589
Ведущий менеджер по продажам,Аксилиум,70.0,,,,,От 1 года до 3 лет,ТК,5/2,,"бонус, бонусы, подарки, кофе",Активная работа с существующей клиентской базой и привлечение новых клиентов. Выполнение планов продаж и увеличение объема продаж. Ведение переговоров и заключение договоров. Работа в системах 1С и CRM для оптимизации процессов продаж. Анализ рынка и конкурентной среды. Поддержание долгосрочных отношений с клиентами.,https://hh.ru/vacancy/124414478
Менеджер по работе с ключевыми клиентами (B2B) / Key Account Manager,В Теме,80.0,160.0,,,,От 3 до 6 лет,ГПХ,5/2,Ежемесячно,форма,"Выстраивание и развитие отношений с текущими клиентами для установления долгосрочных партнёрских связей Проведение онлайн и офлайн встреч с целью консультирования, сопровождения и решения вопросов с клиентами Подготовка и презентация ежемесячных отчетов клиентам Взаимодействие со смежными подразделениями в процессе сопровождения клиентов Анализ клиентской статистики, отслеживание ключевых показателей и разработка рекомендаций для улучшения результатов. Выполнение поставленного плана реализации услуг",https://hh.ru/vacancy/125088224
Менеджер по продажам,Legend Group,80.0,180.0,,,,От 1 года до 3 лет,ТК,5/2,2 раза в месяц,"форма, бонус","Продавать наши IT-решения для бизнеса (автоматизация продаж на маркетплейсах); - Обрабатывать входящие лиды; - Вести исходящие звонки; - Вести клиентов от первого контакта до сделки; - Искать потенциальных клиентов (если остается свободное время); - Заполнять CRM, работать по бизнес-процессам и регламентам. Мы ждём от Вас: - Опыт в продажах B2B или B2C от 1 года (желательно IT/маркетплейсы/услуги); - Умение вести переговоры и закрывать сделки; - Готовность работать с KPI и планами; - Навыки работы в CRM. Личные качества: - Высокий уровень эмпатии; - Внимательность; - Дружелюбие; - Структурность; - Системность; - Самостоятельность; - Способность решать любую задачу, ограничиваться только временем; - Инициативность; - Быстрая обучаемость; - Высокая работоспособность; - Высокие коммуникативные навыки; - Четкое понимание субординации; - Пунктуальность; - Мгновенная коммуникация (в рамках рабочего времени); - Высокая личная ответственность; - Большая заинтересованность в работе.",https://hh.ru/vacancy/125369699
Помощник менеджера по работе с клиентами,ОНИКС,80.0,,,,,От 1 года до 3 лет,ТК,5/2,2 раза в месяц,"ДМС, обучение, кофе, чай",": работа на потоке заявок от клиента (активность, холодные звонки приветствуются!) выставление счетов и КП в 1С; ответ клиентам по электронной почте и телефону; информирование клиентов о продукции и услугах компании; оформление и документальное сопровождение заказов; взаимодействие со всеми подразделениями компании; выполнение задач руководителя. Что мы от Вас ждем: Желание продавать, звонить и встречаться с клиентами; высокая обучаемость и готовность разбираться в нашем ассортименте; умение выстраивать долгосрочные партнерские отношения с клиентами; опыт работы в активных продажах от 1 года; желание зарабатывать; грамотная устная и письменная речь.",https://hh.ru/vacancy/124477914
Менеджер по работе с клиентами,Сфинкс Секьюр Лоджистикс,,,,,,Нет опыта,ТК,5/2,,,"Прием заявок от клиентов, занесение заявок в программу. Работа с клиентской базой Компании: взаимодействие с клиентами, развитие, работа с запросами и обратной связью). Формирование клиентской базы (данные, изменения, адреса, контакты). Ведение статистики (заявки, возражения и т.д.). Работа с большим объемом документов (сбор, проверка, архивация). Отчетность. Взаимодействие с отделами Компании по координации выполнения заявки. Различные служебные поручения непосредственного руководителя.",https://hh.ru/vacancy/125006534
Менеджер по работе с клиентами,Алютех,80.0,,,,,От 1 года до 3 лет,ТК,5/2,,"ДМС, форма, обучение",Оформление заявок клиентов по товарным направлениям (алюминиевые профильные системы); Сопровождение и информирование клиентов по размещению заказов (даты изготовления и отгрузки); Консультирование клиентов по размещенным заказам; Формирование графика отгрузки; Контроль дебиторской задолженности.,https://hh.ru/vacancy/125303004
"Менеджер по продажам (входящие заявки, без поиска клиентов)",Plastelo,80.0,130.0,,,,От 1 года до 3 лет,ТК,5/2,,,"Обрабатывать входящие заявки (через почту, звонки, мессенджеры) и сопровождать их до оплаты. Работа только с теплой базой и входящими лидами. ",https://hh.ru/vacancy/125306736
Менеджер по продажам,Ярче Всех,150.0,,,,,От 1 года до 3 лет,ТК,5/2,,форма,"Оформления витрин. Оформление выставочных стендов. Использования снаружи помещения на билборде. Использования внутри помещения (кафе, рестораны, офисы). Стеклянной стене внутри и...",https://hh.ru/vacancy/125360885
Менеджер по продажам онлайн,Аллада,150.0,,,,,От 1 года до 3 лет,ТК,5/2,,"форма, обучение","Обрабатывать тёплые лиды. Выявлять потребности, отрабатывать возражения. Проводить встречи с клиентами онлайн (общение происходит по видео). Заключать договоры с высоким...",https://hh.ru/vacancy/125387972
Менеджер по продажам,Шишурина Виктория Васильевна,200.0,500.0,,,,От 1 года до 3 лет,ТК,5/2,Ежемесячно,обучение,Проводить телефонные переговоры с клиентами. Проводить встречи с клиентами в офисе без разъездов. Доводить клиента до сделки. Ведение клиентов в...,https://hh.ru/vacancy/123274448
Менеджер удаленного отдела продаж,ФПБ ГАРДИУМ,60.0,,,,,От 1 года до 3 лет,ТК,"30/50, 5/2",,"форма, бонус, бонусы, обучение","Продавать больше всех в отрасли и повышать свою стоимость на рынке труда; Показывать клиентам реальную пользу и преимущества наших услуг; Управлять отношениями с клиентами с помощью CRM-системы. Что получают наши менеджеры: Средний доход лучших менеджеров — от 70 000 рублей . Доход состоит из оклада и процентов от продаж; Лучшие сотрудники зарабатывают на 30-50% больше по сравнению с аналогичными позициями по региону, нет зарплатного «потолка»; Возможность карьерного и профессионального роста: мы знаем, что для этого нужно и как получить необходимые управленческие компетенции; Полностью удалённый формат работы с графиком 5/2 с 9:00 до 18:00 или с 10:00 до 19:00; Сильная школа продаж . За короткий срок вы освоите множество техник без отрыва от основных обязанностей и начнёте зарабатывать; «Теплые» клиенты: работа только по входящим заявкам, вам не придётся тратить время на поиск клиентов; Адекватный молодой коллектив , нет бюрократии и токсичности; Официальное оформление с первого рабочего дня. Это откликается вам? Тогда давайте знакомиться! Оставьте отклик на вакансию. Дальше мы позвоним вам и познакомимся поближе. Ответы на часто задаваемые вопросы: — Я не разбираюсь в интеллектуальных правах. Мы не ждем, что на эту позицию выйдет человек, который уже разбирается в интеллектуальных правах. Это узкая и редкая специализация, поэтому мы готовы вкладывать силы, деньги и время в обучение перспективного специалиста. Главное, чтобы у вас все было хорошо с общими профессиональными навыками: ответственность, пунктуальность, аккуратность, старательность, обучаемость. Ещё важно, чтобы с вами было приятно общаться по телефону и в почте, грамотность – залог успеха. Всему остальному мы научим сами. — Первый месяц сидеть на окладе? Проценты менеджер начинает получать с первой же сделки. Все заинтересованы в максимально быстром росте сотрудника, и для этого разработано много инструментов развития и адаптации. Мы считаем единственно верной схему, где за хорошие продажи менеджер получает достойный финансовый результат. Не стоит ждать окончания испытательного срока или других отсечек для получения первых бонусов. Получил оплату - получил бонусы. Сумма бонусов зависит только от менеджера, главное уверенно идти к намеченной цели! — На испытательном сроке платят зарплату? Платят, конечно. Мы ищем опытного человека и понимаем, что он уже неплохо зарабатывает на текущей работе. Работа без оклада – прошлый век. — Кто ваши клиенты? Так как услуги регистрации интеллектуальной собственности требуются абсолютно всем, список наших клиентов огромен. Работаем мы с юридическими лицами всех отраслей, от тяжелой промышленности до детских товаров. В число наших клиентов входят как крупные корпорации, так и представители микробизнеса. Благодаря этому наши менеджеры работают с самыми интересными проектами и умеют выстраивать долгосрочные отношения с клиентами, что безусловно влияет на сумму бонусов!",https://hh.ru/vacancy/124860117
Менеджер по продажам,Roses&Lace,120.0,,,,,От 1 года до 3 лет,ТК,2/2,,,"Обеспечение исключительного уровня персонального обслуживания Консультирование покупателей по текущему ассортименту Поддержание порядка в торговом зале Коммуникация с клиентами (WhatsApp, соц.сети) Отправка вещей клиентам по Москве и регионам Осуществление предпродажной подготовки товара Работа с кассой Прием товара Знание компьютера и Ms office Работа с таблицами Поддержание на рабочем месте атмосферы гостеприимства и дружелюбия",https://hh.ru/vacancy/125358103
Менеджер по работе с клиентами,Протэк,100.0,,,,,От 1 года до 3 лет,ТК,5/2,,премии,"Составление коммерческих предложений по запросу клиентов и отдела продаж; Участие в подготовке договоров (согласование финансовых условий, согласование сроков и условия поставок, спецификаций); Оформление заказа клиента (счет); Анализ себестоимости продаж с оформлением в Excel; Учет входящей и исходящей корреспонденции; Составление и отправка деловых писем; Сверка с контрагентами; Организация, контроль отгрузки и поставки товара совместно со смежными подразделениями компании; Организация приема, обработки и решение претензий клиентов при взаимодействии со смежными подразделениями компании",https://hh.ru/vacancy/125359631
Менеджер по работе с клиентами и заказами,Декор завод,75.0,150.0,,,,От 1 года до 3 лет,ГПХ,5/2,,,"Встречать клиентов в салоне, помогать им выбрать идеальный материал (краски, микроцемент, декоративные покрытия). Работать с подрядчиками: договариваться о сроках и условиях выполнения работ. Выставлять счета, контролировать оплату, вести документооборот. Помогать на мастер-классах: готовить площадку, координировать участников. Сопровождать заказы от первой консультации до финальной сдачи.",https://hh.ru/vacancy/125399328
Менеджер по продажам,Тимон Дарья Андреевна,100.0,200.0,,,,От 1 года до 3 лет,ГПХ,5/2,,форма,"Работа с тёплыми лидами (B2B) (огромный и, главное, постоянный поток входящих заявок от TopFranhise), консультирование новых партнёров, продажа франшиз крупных компаний, таких, как Вкусвилл ( мы - единственные, кто добился продажи партнёрства от Вкусвилл на эксклюзиве! ); Выполнение поставленных задач по количеству и качеству отработки входящих обращений; Ведение CRM (АМО); Заполнение отчетности; Проведение онлайн встреч и переговоры с представителями компаний - заказчиков на разных уровнях.",https://hh.ru/vacancy/125405542
Менеджер по продажам бренда Seiko (оптика),Hoya Lens Russia,,,,,,От 3 до 6 лет,ТК,5/2,,"ДМС, бонус, бонусы, обучение","Работа с руководителями розничных оптик и локальных оптических сетей. Выполнение плана продаж, проведение маркетинговых акций, презентаций и обучающих мероприятий. ",https://hh.ru/vacancy/125348213
Территориальный менеджер по продажам,КДМ,80.0,,,,,От 1 года до 3 лет,ТК,5/2,,"форма, премии, скидки, обучение",Развитие и поддержание клиентской базы на вверенной территории (г. Саратов). Активные продажи матрасов эконом сегмента и премиум класса . Проведение переговоров и заключение договоров с клиентами. Анализ рынка и конкурентной среды. Выполнение планов продаж и увеличение объема продаж. Организация и проведение презентаций и демонстраций продукции.,https://hh.ru/vacancy/125446047
Менеджер по продажам,Группа компаний TATRUM,80.0,,,,,Нет опыта,ТК,5/2,,обучение,Поддержание текущей клиентской базы; поиск новых клиентов; документальное сопровождение в программе 1С; отчетность; оплачиваемые командировки в пределах субъекта; участие в маркетинговых и рекламных мероприятиях для клиентов. Условия работы: Оформление по ТК РФ;,https://hh.ru/vacancy/117909891
Менеджер по продажам и привлечению клиентов,Платежные Решения,250.0,,,,,От 1 года до 3 лет,ТК,30/19,Еженедельно,форма,"Искать и привлекать новых клиентов, в том числе через посещения форумов и через тематические сообщества (от средних до крупных бизнесов...",https://hh.ru/vacancy/124267369
Менеджер по работе с клиентами/ менеджер по продажам,Арсенал,110.0,140.0,,,,От 1 года до 3 лет,ТК,5/2,,"форма, обучение",Поддержание и развитие долгосрочных отношений с существующими клиентами. Проведение переговоров и презентаций продукции компании. Анализ потребностей клиентов и предложение оптимальных решений. Выполнение планов продаж и увеличение объёмов продаж. Ведение отчетности и работа с CRM-системой.,https://hh.ru/vacancy/125409485
Менеджер по оптовым продажам,Клин Соул,250.0,,,,,От 1 года до 3 лет,ТК,5/2,,,"Активные продажи, нацеленные на расширение клиентской базы и обеспечение устойчивого роста объемов реализации; Совершение теплых звонков по заранее подготовленной базе, а также рассылка коммерческих предложений; Ведение переговоров с клиентами, заключение договоров. Установление долгосрочных отношений с клиентами, основанных на доверии и взаимовыгодном сотрудничестве; Формирование и выставление счетов, контроль своевременности их оплаты, отслеживание процесса отгрузки товаров для обеспечения своевременного выполнения обязательств перед клиентами. Важным аспектом работы является уверенное владение компьютером, включая программы MS Office, 1С 8, Битрикс24, что позволит эффективно справляться с текущими задачами и организовывать рабочие процессы.",https://hh.ru/vacancy/125175466
Менеджер по продажам и работе с клиентами,Ёж Технологии,80.0,,,,,Нет опыта,ТК,5/2,Ежемесячно,,"Работа с холодной базой и её развитие. - Установление контакта с ЛПР и выявление потребностей. - Передача заинтересованных собственников бизнеса в отдел продаж. - Мы ищем кандидата, который: - Умеет или готов научиться продавать сложные услуги. - Ценит долгосрочные отношения с клиентами и высокий уровень сервиса. - Готов работать с холодными контактами и превращать их в реальных клиентов.",https://hh.ru/vacancy/124659859
Менеджер по продажам (складская техника),МАКСИМА,100.0,200.0,,,,Нет опыта,ТК,5/2,,"ДМС, форма","Развитие базы клиентов и партнеров; Прием входящих запросов и обработка заявок от Заказчиков; Выстраивание долгосрочных партнерских отношений с клиентами (возможны очные бизнес-встречи); Работа с договорами, с первичной бухгалтерской документацией; Контроль дебиторской задолженности; Контроль выполнения заказов; Заключение и ведение договоров, сопроводительных документов; Постоянный мониторинг рынка потенциальных клиентов и конкурентов компании; Работа в программе Microsoft Office, Bitrix 24.",https://hh.ru/vacancy/124649509
Менеджер отдела продаж,Green Land,90.0,250.0,,,,От 1 года до 3 лет,ТК,5/2,,обучение,"* Продажа кашпо и услуги по озеленению обратившимся клиентам * Обработка входящих звонков и заявок * Развитие отношений с имеющейся базой клиентов * Ведение и контроль сделки до ее успешного завершения * Подбор кашпо и растений (с фитодизайнером) * Сопровождение сделок (КП, договоры, счета и пр.) * Ведение клиентов в СRМ, аналитика и отчетность.",https://hh.ru/vacancy/125355063
Менеджер по работе с клиентами,Острякова Ксения Сергеевна,100.0,150.0,,,,От 1 года до 3 лет,ТК,5/2,,обучение,"Приём входящих звонков и заявок (без холодных продаж); Консультация клиентов по услугам и материалам; Назначение замеров и согласование выездов специалистов; Подготовка и отправка коммерческих предложений; Организация заказа материалов на объект; Сопровождение клиента до подписания договора; Контроль выполнения работ, взаимодействие с прорабами и клиентами.",https://hh.ru/vacancy/125396485
Менеджер по работе с клиентами B2B (без холодного поиска),ДОМ ВАШЕГО БИЗНЕСА,90.0,,,,'6-12,От 1 года до 3 лет,ТК,6/12,,"бонус, бонусы, обучение, кофе, чай","Продажи B2B — работа только с &quot;теплой&quot; базой клиентов (аренда офисов, складов, юридические адреса). Консультирование — клиентов по вопросам услуг компании Работа в CRM — ведение сделок в Bitrix24, отчетность. Переговоры — общение с партнерами, решение вопросов. Контроль платежей — отслеживание дебиторской задолженности. На период ввода в должность и полной адаптации Вы работаете в статусе Менеджера по продажам (junior). Важно, что вы работаете под наставничеством Вашего руководителя - мы Вас всему научим! Вам стоит откликнуться, если есть: Опыт в продажах (недвижимость, B2B, B2C — будет плюсом) Навыки ведения переговоров и работы с возражениями Знание основ документооборота (составление договоров, владение MS Office) Опыт работы с CRM (Bitrix24 — преимущество) Желание развиваться в B2B направлении Тебе точно понравится в компании, у тебя есть возможность хорошо зарабатывать на рынке В2В в надежной и стабильной компании! Откликайтесь прямо сейчас! Мы ценим своих сотрудников и создаем комфортные условия для профессионального роста. P.S. Готовы рассмотреть кандидатов со смежным опытом в продажах или риэлторских услугах. Для нас главное - ответственность кандидата.",https://hh.ru/vacancy/124642320
"Менеджер по работе с клиентами (трейдинг, работа в чатах)",ТЛ Групп,,,,,,От 1 года до 3 лет,ТК,5/2,,форма,Принимать входящие обращения и заявки от пользователей (работа в чате); Консультировать клиентов по продукту; Отчетность в CRM.,https://hh.ru/vacancy/125245972
Менеджер по работе с клиентами,Окб Спецстальпроект - Спб,244.5,,,,,Нет опыта,ТК,30/17,,обучение,"Работа как с новыми, так и с постоянными клиентами Компании; Проведение переговоров; Полное сопровождение сделок; Ведение документооборота по сделкам; Работа с крупными клиентами: строительные организации, оборонные предприятия, судостроительные компании, и т.д.",https://hh.ru/vacancy/124802720
Менеджер отдела продаж розница,Шипулин Михаил Олегович,180.0,,,,,Более 6 лет,ТК,2/2,,"форма, бонус, бонусы, обучение",Ищем в команду сильных продавцов для работы по новым заявкам и текущей клиентской базе. +продажи в переписке по входящим заявкам...,https://hh.ru/vacancy/125174732
Менеджер по продажам,Тенет,150.0,,,,,От 1 года до 3 лет,ГПХ,5/2,2 раза в месяц,"форма, обучение","Обработка входящих запросов от клиентов; Проведение встреч с клиентами в онлайн и оффлайн; Продажа продукта компании, заключение договоров; Работа в CRM системе, у нас Битрикс24; Ведение отчетности по выполненной работе; Активные переписки в месенджерах.",https://hh.ru/vacancy/125207075
Менеджер по продажам,ГРИНФИЛД РУС,150.0,,,,,От 1 года до 3 лет,ТК,17/30,,,"Активные продажи , развитие существующих отношений; Ведение переговоров. Проведение встреч, презентаций и переговоров с потенциальными и существующими клиентами; Ведение и актуализация клиентской базы в CRM-системе; Подготовка коммерческих предложений, договоров и другой документации; Изучение конкурентной среды и потребностей клиентов; Подготовка отчетов о проделанной работе;",https://hh.ru/vacancy/125317869
Менеджер по оптовым продажам,Юг-Терминал,100.0,200.0,,,,Нет опыта,ТК,5/2,,"форма, бонус, бонусы, обучение",Развитие клиентской базы (активный поиск новых клиентов и поддержание отношений с ключевыми клиентами) на закрепленной территории. Сбор и анализ информации...,https://hh.ru/vacancy/125465008
Специалист по работе с клиентами,Завод Строительных Материалов Волга Блок,68.0,,,,,Нет опыта,ТК,5/2,2 раза в месяц,"питание, обучение","получение и обработка заявок от действующей базы клиентов; контроль дебиторской задолженности; контроль и сопровождение отгрузки заказов; взаимодействие с смежными отделами (склад ГП, логистика, бухгалтерия). Что мы ждем от кандидата: желательный опыт от 6 месяцев на должности менеджер клиентского сервиса в сфере производство строительных материалов (cтеновые материалы, сухие строительные смеси) или в перепродаже строительных материалов; уверенный пользователь (знание 1С, CRM, MS Office: Word, Excel, Outlook); знание первичного документооборота бухгалтерии и склада; навыки работы с кассовым аппаратом; навыки делового общения, грамотная устная и письменная речь; навыки деловой переписки; коммуникабельность, стрессоустойчивость, презентабельный внешний вид. С апреля 2025 года &quot;Завод Строительных материалов &quot;Волга Блок&quot; входит в холдинг &quot;ЦЕМРОС&quot;.",https://hh.ru/vacancy/125263992
"Менеджер по продажам БПЛА, РЭБ",Маркова Александра Игоревна,130.0,250.0,,,'9-18,От 1 года до 3 лет,ТК,5/2,2 раза в месяц,"бонус, обучение","Продажа продукции БПЛА и средств РЭБ Привлечение новых клиентов, выстраивание отношений с существующими клиентами. Ведение деловой переписки с клиентами и партнерами Поддержка контакта с постоянными клиентами компании Контроль своевременной оплаты по договорам от клиентов и партнеров Составление коммерческих предложений для продажи продукции компании Установление контакта с клиентом на ранних этапах продаж Отработка возражений и претензий, разрешение конфликтов с клиентами Выявление потребности клиента в продукции и услугах компании Необходимые умения менеджера (если возникнут сложности, пробелы в знаниях – со всем поможем): Вести переговоры и убеждать; Работать в горячих и теплых продажах; Владеть базовыми техниками продаж; Уметь быстро разбираться в технических характеристиках товара; Работать с возражениями клиентов; Иметь грамотную устную и письменную речь; Работать с CRM и офисными программами;",https://hh.ru/vacancy/125393369
Ведущий менеджер по продажам,Группа компаний ИНФУЛЛ,100.0,250.0,,,,От 3 до 6 лет,ТК,"5/2, 2/2",,форма,Ведение переговоров с клиентами по телефону и в переписке. Продажа страховых продуктов частным клиентам. Поддержание долгосрочных отношений с клиентами и обеспечение высокого уровня сервиса. Выполнение планов продаж и увеличение клиентской базы.,https://hh.ru/vacancy/121720291
Менеджер по продажам в кондитерскую,Кондитерская Chaudeau,100.0,150.0,,,,От 1 года до 3 лет,ТК,2/2,,обучение,Вести переписку с клиентами в соц. сетях и мессенджерах. Отвечать на вопросы клиентов в мессенджере и соц. сетях. ,https://hh.ru/vacancy/125261172
Менеджер по продажам (входящие звонки),Якушечкин Rent,120.0,450.0,,,,От 1 года до 3 лет,ТК,5/2,,"форма, обучение","Горячие входящие заявки — в среднем 10 лидов в день, с потенциальным чеком от 300 000 руб + работа с теплой...",https://hh.ru/vacancy/125319319
Менеджер по продажам в переписке,Полегаев Владимир Андреевич,80.0,210.0,,,,От 1 года до 3 лет,ТК,5/2,Еженедельно,"форма, обучение","Общаться с потенциальными клиентами и подбирать для них подходящие обучение. Закрывать сделки – превращать интерес в покупку. Контролировать оплату от клиентов и сопровождать их после покупки. Твоим преимуществом будет: Энергичность и проактивность – любишь общаться и умеешь убеждать Амбициозность – хочешь зарабатывать много и достигать крутых результатов. Готов вкладываться в свою работу, а не просто &quot;отсиживать часы&quot;. Если ты дочитал до конца и понял, что это про тебя: Напиши сопроводительное письмо и укажи 3 причины , почему именно ты должен быть в нашей команде! До встречи на собеседовании !",https://hh.ru/vacancy/124783282
Менеджер по продажам (оператор 1С),Центурион,70.0,,,,,От 1 года до 3 лет,ТК,5/2,,транспорт,"Обработка заказов клиентов (прием входящих звонков,электронных писем). Ведение документооборота с клиентом( заказы, счета, реализации,рекламации, акты сверок). Консультации клиентов по ассортименту, наличию, стоимости,новинкам, новостям, акциям.",https://hh.ru/vacancy/125310667
Менеджер по работе с клиентами,Транспортная компания Энергия,57.0,,,,,Нет опыта,ТК,5/2,,,работа с клиентами оформление документов прием платежей прием телефонных звонков,https://hh.ru/vacancy/125412842
Менеджер по продажам,LoyMe,120.0,220.0,,,'7-10,От 3 до 6 лет,ТК,"5/2, 7/10",,форма,Проводить видеовстречи с собственниками/директорами/маркетологами клиник в Zoom и Яндекс.Телемост (демо + расчёт эффекта для клиники). Общаться с клиентами...,https://hh.ru/vacancy/125287493
Менеджер отдела продаж,LEONID GRIVKO,60.0,200.0,,,,От 1 года до 3 лет,ГПХ,2/2,2 раза в месяц,обучение,"В АМО СРМ обрабатывать входящие заявки - вести общение с нашими клиентами, - Индивидуально подходить к каждому клиенту, изучать его клиентский опыт и выстраивать с ним долгосрочные отношения, - Красиво и на высоком уровне презентовать наш продукт, приглашать клиентов в бутики за покупками, - Выполнять ключевые показатели эффективности, - Вести отчетность, - Выполнять план по наполняемости бутиков. Ценный конечный продукт данной должности - визит клиента в бутик для совершения примерки.",https://hh.ru/vacancy/125328716
Менеджер по продажам,Мухтаров Шамиль Гашимович,40.0,100.0,,,1.0,Нет опыта,ТК,5/2,,"премии, скидки",Консультирование покупателей; Помощь клиентам в выборе продукции; Работа по соблюдению стандартов в торговом зале.,https://hh.ru/vacancy/125369605
Менеджер по продажам,Скай-Трейд,100.0,,,,,Нет опыта,ТК,5/2,,"бонус, бонусы, обучение, транспорт, кофе","1. Обработка входящих заявок; 2. Подготовка КП, расчёт стоимости ЖБИ и логистики; 3. Проведение переговоров и презентаций для ЛПР; 4. Контроль сделки от заявки до отгрузки; 5. Анализ рынка и конкурентов, ведение CRM (Битрикс24).",https://hh.ru/vacancy/125433025
"Менеджер по продажам (Одежда, аксессуары)",National Electric,100.0,130.0,,,,От 1 года до 3 лет,ТК,4/6,Ежемесячно,транспорт,"поиск и развитие клиентской базы(командировки для проведения встреч и презентаций); работа с холодной базой; - ведение переговоров c потенциальными и действующими клиентами; построение долгосрочных партнерских отношений; - подготовка коммерческих предложений в течение сезона для увеличения объемов закупаемой коллекции, с целью увеличения продаж; работа со свободным складом: - ведение регулярной отчетности по продажам и планам магазинов клиентов; - мониторинг готовности товара к отгрузке; - контроль дебиторской задолженности; - работа с предзаказами: презентация сезонных коллекций, формирование сезонных заказов (в шоурум и удаленно) для клиентов по всем группам товара: одежда, - оперативное решение вопросов и сопровождение клиента на всех этапах; - Участие в специализированных выставках с целью развития собственной торговой марки и продаж (CPM, другие).",https://hh.ru/vacancy/124600793
Менеджер отдела продаж,Денисов Константин Денисович,70.0,,,,,Нет опыта,ТК,5/2,,"бонус, бонусы, обучение","Работать с входящими лидами по готовому скрипту (это основная часть работы); -Консультировать клиентов, подбирать оптимальное решение под их задачу; -Составлять договоры, принимать предоплату, формировать бронирование во внутренней системе; -Работать в CRM Битрикс24; -По необходимости заниматься холодными продажами: рассылки, доработки клиентской базы, возврат старых клиентов. Что важно: -Опыт работы в продажах от 6 месяцев- 1 года ; -Умение общаться с клиентами и выстраивать доверие; -Навыки работы с CRM или готовность быстро освоить; -Наличие своего ноутбука; -Ответственность, активность и ориентация на результат.",https://hh.ru/vacancy/124734602
Менеджер по продажам (без поиска клиентов),4Lemons,85.0,140.0,,,,От 1 года до 3 лет,ТК,5/2,Еженедельно,"премии, скидки, обучение, кофе","Работа с продукцией мирового уровня, прошедшей строгий контроль и подтвержденной тысячами хвалебных отзывов. Ваши функции: Консультировать потенциальных и действующих клиентов...",https://hh.ru/vacancy/125326415
Менеджер по продажам в чат Telegram (Без звонков),Три Процента,60.0,100.0,,,,От 1 года до 3 лет,ТК,"5/2, 6/1",Еженедельно,"обучение, кофе",Общаться с клиентами в Telegram-чате — без звонков. Вести по готовой воронке продаж по удобному скрипту. Помогать людям выбрать лучшее...,https://hh.ru/vacancy/123663611
Менеджер отдела продаж в фитнес клуб,ECOFITNESS,100.0,200.0,,,,От 1 года до 3 лет,ТК,2/2,,,"Планирование и выполнение плана продаж • звонки, встречи, продажи, продлени • Ведение отчетности, работа в CRM, 1С • Личное участие в переговорах и продажах",https://hh.ru/vacancy/124701288
Менеджер по работе с клиентами в сегменте B2C,Хуснуллина Ирина Викторовна,80.0,120.0,,,,От 1 года до 3 лет,ТК,3/3,,чай,"работать с &quot;теплыми&quot; заявками по телефону и в офисе; вести клиентов в АМО СРМ; заключать договора по списанию долгов; развиваться в данной сфере, следить за тенденциями отрасли",https://hh.ru/vacancy/124530582
Менеджер по продажам,DISCIPLINA,100.0,,,,'3-2,От 3 до 6 лет,ТК,"3/3, 2/2",,,Работа с входящим потоком клиентов. - Деловая переписка. - Работа в amoCRM. - Выполнение планов продаж и увеличение объема продаж.,https://hh.ru/vacancy/125300622
Менеджер по работе с клиентами,Поволжская торговая компания,62.0,,,,,Нет опыта,ТК,6/1,,"обучение, жилье","Ведение страничек интернет-магазина в социальных сетях и на сайте (посты, сторисы, акции, розыгрыши, обновление фото товара и т.д.). Прием заказов от клиента, консультирование по ассортименту, работа с дебиторской задолженностью.",https://hh.ru/vacancy/125364998
"Менеджер проектов (объектные продажи, DIY)",ОПУС-Контракт,120.0,300.0,,,,От 1 года до 3 лет,ГПХ,5/2,,"бонус, обучение","Поиск новых проектов (продажи), работа с текущей клиентской базой: — Нарабатывание деловых связей (архитекторы, подрядчики, заказчики, УК). — Поиск новых проектов/клиентов...",https://hh.ru/vacancy/122186235
Менеджер по работе с клиентами на Английском языке (digital B2B премиальный),Кадровый Дом Елисеевой,,,,,'10-15,От 1 года до 3 лет,ГПХ,10/15,Еженедельно,"форма, бонус, бонусы","Помогать в составлении и выполнении плана продаж. Вести коммуникацию с потенциальными клиентами: выяснять боли, уточнять цели, помогать сформулировать запрос. - ",https://hh.ru/vacancy/125249506
Менеджер отдела продаж,Завод Спецмаш,150.0,400.0,,,,От 3 до 6 лет,ТК,29/18,,,"Осуществлять продажи грузовой техники на шасси Shacman, Урал, FAW и пр. Активный поиск и привлечение новых клиентов, наработка клиентской базы. ",https://hh.ru/vacancy/125206866
Менеджер по работе с клиентами,Стар Смайл,150.0,,,,'2-3,От 1 года до 3 лет,ТК,"2/3, 5/2, 1/2",2 раза в месяц,"премии, обучение",Вести и расширять клиентскую базу. Привлекать к сотрудничеству новых клиентов. Проведение личных встреч с клиентами (2-3 встречи в день). ,https://hh.ru/vacancy/124626033
Менеджер по продажам с VIP клиентами,LS.NET.RU,50.0,120.0,,,,Нет опыта,ТК,4/2,,"бонус, обучение",Встреча гостей бутика. Консультирование клиентов по ассортименту товаров. Работа в АМО CRM. Обзвон клиентской базы (исходящие звонки). Назначение встреч клиентам...,https://hh.ru/vacancy/91670842
Менеджер по продажам,HILST,120.0,190.0,,,,Нет опыта,ТК,5/2,,,"Активный поиск, привлечение, развитие деловых связей с новыми проектными, строительными компаниями - Ведение телефонных переговоров - Формирование коммерческих предложений, заключение договоров и сопровождение сделок Что мы ждем от Вас: - Опыт работы в продажах (будет преимуществом в сфере строительства, а также в компанияx HILTI,UTECH) - Умение читать базовые чертежи - Знание 1С - Отличные коммуникативные навыки и умение убеждать - Готовность к редким командировкам",https://hh.ru/vacancy/124556009
Менеджер по продажам IT решений (офис),TAURUS,100.0,,,,,От 1 года до 3 лет,ТК,5/2,Еженедельно,,"Формирование и расширение клиентской базы/ работа с существующей базой клиентов; продажа ПО, лицензий, серверного и сетевого оборудования, компьютерной техники и сопутствующих услуг конечным пользователям; ведение отчётности в CRM системе, контроль дебиторской задолженности; выполнение личного плана продаж; переговоры с потенциальными клиентами (B2B и B2G); подготовка коммерческих предложений и заключение договоров; поддержание стабильных долгосрочных отношений с клиентами и развитие клиентской базы; ведение еженедельной и ежемесячной отчётности. Мы ожидаем от Вас: опыт продаж в B2B от 1 года; опыт общения с заказчиками; опыт составления договоров и КП; опыт проведения встреч с заказчиками; опыт самостоятельного холодного поиска клиентов; быстрая обучаемость; активность, коммуникабельность, уверенность в себе; ответственное отношение к работе и доведение до результата; наличие сформированной клиентской базы будет преимуществом Мы предлагаем : оклад от 100 000 и выше + один из самых больших процентов от личных продаж, доход без потолка ! Итоговое решение по ЗП принимает руководитель по результатам финального собеседования. график 5/2, гибкое начало дня; оформление по ТК РФ, оплачиваемые отпуска и больничные листы; корпоративная мобильная связь; комфортный офис в центре Москвы, в шаговой доступности от м. Новослободская, Менделеевская и Маяковская (10 минут ходьбы); возможность быстрого карьерного роста; молодой дружный коллектив (средний возраст сотрудников 28 лет); поддержка со стороны коллег и руководства. Если Вы внимательно ознакомились с нашей вакансией, напишите в сопроводительном письме фразу &quot; Хочу работать в Taurus! &quot;. Ждем тебя в нашей команде!)",https://hh.ru/vacancy/125133931
Менеджер по оптовым продажам косметики,Сернурский сырзавод,50.0,100.0,,,,От 1 года до 3 лет,ТК,5/2,,"подарки, скидки, обучение","Комплексное предложение косметических продуктов потенциальным клиентам (отправка коммерческих предложений, холодные звонки); обработка входящих заявок на заключение договора поставки косметики; планирование логистических маршрутов для новых клиентов (наша ТК, Деловые линии, СДЭК); контроль минимальных сумм заказа и оплаты заказов от покупателей; ведение существующей базы покупателей; участие в создании новых косметических продуктов.",https://hh.ru/vacancy/125369960
Менеджер по продажам услуг B2B,BUSINESS PRO,120.0,170.0,,,,От 1 года до 3 лет,ТК,1/10,Ежемесячно,"ДМС, форма, обучение","Исходящие звонки по готовой актуализированной базе, с телефонами непосредственно производственников, те, кому нужен этот продукт (телефоны конкретно ЛПР, которые занимаются...",https://hh.ru/vacancy/125374435
Менеджер по работе с клиентами,Главная Экспертная Служба,60.0,,,,,Нет опыта,ТК,5/2,,,Консультирование клиентов по услугам компании Оформление договоров Ведение отчетности (не бухгалтерия),https://hh.ru/vacancy/125345665
"Менеджер по продажам (чат, переписка)",Три Процента,50.0,100.0,,,,От 1 года до 3 лет,ТК,"5/2, 6/1",Еженедельно,"форма, обучение","Работаем исключительно с входящим потоком клиентов. Никаких звонков, никакого холодного поиска. — Общение с клиентами в чате, ведение диалога по воронке...",https://hh.ru/vacancy/124500860
Менеджер по работе с ключевыми клиентами по федеральным сетям (JКАМ / Junior Key Account Manager),Компания Арнест,,,,,,От 1 года до 3 лет,ТК,5/2,,"форма, бонус, бонусы","Работа с федеральными ключевыми клиентами Компании, в команде с сетью Х5; Участие в подписании выгодных торговых условий (увеличение рентабельности контракта по отношению к предыдущему году); Выполнение плана продаж (квартального и годового); Участие в обеспечении присутствия продукции компании во всех товарных категориях и во всех форматах сети в соответствии с поставленными целями; Участие в обеспечении листинга новинок; Работа с командой: подбор, мотивация, контроль, развитие сотрудников; Участие в согласовании и проведении в сети регулярных эффективных промоактивностей с целью увеличения продаж; Участие в обеспечении своевременного принятия сетью повышения цен; Формирование и утверждение оптимальной базы покрытия мерчендайзерами; Контроль качества оказываемых агентством мерчендайзинговых услуг; Ведение отчетности.",https://hh.ru/vacancy/125471718
Менеджер по продажам (B2B),Московский Мыловаренный Комбинат,160.0,178.0,,,,От 1 года до 3 лет,ТК,5/2,,"обучение, чай",Освоите ассортимент натуральной продукции и стандарты продаж уровня премиум. Станете мастером полного цикла продаж — от первого звонка до подписания контракта. ,https://hh.ru/vacancy/123215802
Менеджер по продажам,Цветочная мастерская Бирюза,70.0,100.0,,,'9-21,От 1 года до 3 лет,ГПХ,"3/3, 10/25",2 раза в месяц,форма,"Общение с клиентами в соцсетях и мессенджерах; Подбор букетов и оформление заказов; Передача заказов флористам и курьерам; Ведение данных в AMO CRM; Выполнение планов продаж. 👤 Кого мы ищем: Опыт работы в продажах от 1 года (флористика - твой огромный плюс); Энергичного, позитивного, стрессоустойчивого; С любовью к красоте и общению с людьми; Готовностью учиться и развиваться; Приветствуется высшее/средне-специальное образование. Если вы хотите работать с красивым продуктом, дарить эмоции клиентам и достойно зарабатывать — присоединяйтесь! Делайте отклик вместе с сопроводительным письмом, напишите, почему вы именно тот, кто там нужен, с кратким указанием опыта работы - такие резюме рассматриваются в первую очередь! Отклики на вакансию в нашу команду рассматриваются до 25.09.2025, успей проявить себя❗️",https://hh.ru/vacancy/125393883
Менеджер по продажам IT продукта,Lumero studio,170.0,,,,,От 1 года до 3 лет,ТК,5/2,,,"Поиск и установление контактов с застройщиками, девелоперами и архитектурными бюро. Проведение презентаций продукта (VR-шоурумы, цифровые двойники, интерактивные решения). Выявление потребностей клиента и подбор оптимального решения под проект. Ведение переговоров на уровне топ-менеджмента и отделов маркетинга. Сопровождение клиента от первого контакта до заключения договора. Работа с CRM: фиксация всех этапов сделки, контроль договорённостей и сроков. Участие в выставках, роудшоу и отраслевых мероприятиях. Обратная связь команде разработки по пожеланиям клиентов.",https://hh.ru/vacancy/124806282
Менеджер по продажам E1.RU,Shkulev Holding,100.0,,,,,От 1 года до 3 лет,ТК,5/2,,ДМС,"60% - переговоры с представителями бизнеса города, презентация возможностей нашего портала и соцсетей, разработка концепций рекламных компании в СМИ. ",https://hh.ru/vacancy/125413851
Менеджер по работе с клиентами,Центр образования и туризма,40.0,80.0,,,,От 3 до 6 лет,ТК,5/2,,,"Вести полный цикл работы с клиентами: от первичного контакта (холодные звонки, консультирование) и определения потребностей, до подбора оптимального курса/группы...",https://hh.ru/vacancy/123596702
Региональный менеджер по продажам/территориальный менеджер по продажам (Волгоградская обл.),Милл Фауз,,,,,,От 3 до 6 лет,ТК,5/2,,,"выполнение плана продаж, ведение переговоров, заключение договоров, управление продажами, составление коммерческих предложений, ведение установленной отчетности, продвижение продукции на закрепленной территории, развитие и поддержание клиентской базы, увеличение оптовых продаж, поиск дистрибьюторов.",https://hh.ru/vacancy/125276231
Account Manager/Менеджер по работе с клиентами,Creadigital,150.0,,,,'10-19,От 1 года до 3 лет,ТК,"5/2, 10/19",,,Выстраивать личные и доверительные отношения с клиентами. Полностью сопровождать проекты от брифа до отчётности. Погружаться в бизнес и продукт клиента...,https://hh.ru/vacancy/125328681
Менеджер по продажам в транспортную компанию,НТК МИР,95.0,,,,,Нет опыта,ТК,5/2,,"ДМС, бонус, бонусы, подарки, транспорт","Привлекать новых клиентов (холодные звонки), вести переговоры в интересах компании, составлять коммерческое предложение, с учётом интересов клиента, ввести базу клиентов...",https://hh.ru/vacancy/125328090
Менеджер по продажам (входящие заявки),ИПО АйСэф,80.0,150.0,,,,От 1 года до 3 лет,ТК,5/2,,"премии, обучение","Обработка входящих заявок с максимальной конверсией в продажу. Прямо сейчас у нас переизбыток входящих заявок Активно прорабатывать имеющуюся базу теплых клиентов. Мы не про холодные звонки, звонить по бесполезным базам мы не даем. Вся база - это клиенты, которые когда либо обращались за нашими услугами. Вести базу клиентов в АМО СРМ и работать по регламенту ведения системы, что даст вам больший результат Взаимодействовать с членами команды, которые имеют отношение к сделке (ваша ответственность заканчивается на моменте передачи в работу, что дает вам возможность продавать больше) В компании есть обучение продукту с начиная с теории заканчивая практикой. За месяц работы вы будете знать 90% нашей тематики. Поэтому улавливать на ходу тоже ваша обязанность:)",https://hh.ru/vacancy/125320606
Территориальный менеджер по продажам ЦФО,Freudenberg Home and Cleaning Solutions,,,,,,От 3 до 6 лет,ТК,5/2,,"страхование, бонус, обучение","Развитие стратегических партнерств с дистрибьюторами, включая планирование, обучение и поддержку продаж Активное расширение клиентской базы (B2B) и поддержка существующих клиентов Проведение эффективных презентаций, обучений и тестирований с клиентами Обеспечение высококачественного сервиса после продажи",https://hh.ru/vacancy/125447043
"Менеджер по продажам KERAMA MARAZZI (сантехника, проекты)",Керама Марацци,,,,,,От 1 года до 3 лет,ГПХ,5/2,,"ДМС, скидки, обучение","Осуществлять поиск клиентов, заключать контракты, работать с проектным каналом продаж (строительные компании, архитектурные бюро, застройщики) на закрепленной территории. ",https://hh.ru/vacancy/123556878
Менеджер по продажам,Райти,120.0,240.0,,,,От 1 года до 3 лет,ТК,"30/40, 50/60, 55/60, 55/65",2 раза в месяц,"бонус, обучение, транспорт","Работа с клиентами по существующей клиентской базе. Более 250 организаций по г. Москве. И привлечение новых клиентов. Продажи клиентам приходящим в компанию, благодаря рекламе, маркетингу и колл центру. Развитие деловых взаимоотношений с клиентами, допродажи , работа в СРМ.",https://hh.ru/vacancy/125306255
Менеджер по продажам услуг,Экопром,100.0,,,,'1-2,От 1 года до 3 лет,ТК,"1/2, 5/2",2 раза в месяц,"бонус, бонусы","Поиск и привлечение новых клиентов (активный поиск, холодные звонки), работа с существующей базой. * Проведение переговоров на всех уровнях, подготовка и...",https://hh.ru/vacancy/125433333
Менеджер по маркетингу и продажам,Дентал-Сервис,80.0,140.0,,,'2-3,От 1 года до 3 лет,ТК,"5/2, 2/3",,"форма, бонус, обучение, транспорт","Разработка и реализация маркетинговых стратегий (онлайн и офлайн). Поиск и привлечение новых клиентов (B2B, клиники, врачи). Подготовка и проведение презентаций для врачей и руководителей клиник. Ведение переговоров и заключение договоров. Запуск и контроль рекламных кампаний (SMM, таргет, email-рассылки, мероприятия). Подготовка POS-материалов и презентационных материалов. Участие в организации обучающих мероприятий для врачей. Анализ конкурентной среды и эффективности рекламных кампаний. Ведение CRM, отчётность по KPI.",https://hh.ru/vacancy/125436546
Менеджер по продажам франшизы,Управляющая Компания Колизеум,200.0,400.0,,,,От 1 года до 3 лет,ТК,5/2,Ежемесячно,"бонус, бонусы, чай",Обработка новых заявок по франшизе; Проведение встреч и телефонных переговоров с потенциальными клиентами; Составлять и отправлять КП; Вести отчетность в amoCRM; Участвовать в тематических выставках по франчайзингу; Подписание договоров; Закрывать сделки!,https://hh.ru/vacancy/125071163
Менеджер по продажам,TAG,150.0,200.0,,,,От 1 года до 3 лет,ТК,5/2,,форма,Активный поиск и привлечение новых клиентов. Ведение переговоров и заключение договоров. Поддержка и развитие долгосрочных отношений с клиентами. Анализ потребностей клиентов и предложение оптимальных решений. Выполнение планов продаж и увеличение клиентской базы.,https://hh.ru/vacancy/125174350
Менеджер по работе с клиентами/координатор отдела продаж,Мирус Медикал,,,,,,От 1 года до 3 лет,ТК,5/2,,"ДМС, форма, бонус, бонусы, обучение",Ведение существующей клиентской базы. Обработка заявок и запросов от покупателей. Подготовка коммерческих предложений. Заключение договоров и их отслеживание. ,https://hh.ru/vacancy/125423487
Менеджер по сопровождению продаж,ВЕЛИКАН,70.0,100.0,,,1.0,От 1 года до 3 лет,ТК,5/2,Ежемесячно,форма,"Заполнение карточки сделки в 1С и оценка потенциала (предварительная оценка стоимости номенклатурных позиций). Расценка ком.предложений: поиск поставщиков, получение лучших...",https://hh.ru/vacancy/120669084
Менеджер по продажам IT-продукта (УДАЛЕННАЯ РАБОТА),Маркин Михаил Викторович,170.0,250.0,,,,От 3 до 6 лет,ТК,5/2,2 раза в месяц,"бонус, обучение","удаленная работа; продукт, за который не стыдно перед клиентами, каждый клиент дает рекомендации. - общение с интересными людьми (владельцами бизнесов - среди...",https://hh.ru/vacancy/124760872
Менеджер отдела продаж (производство),Триникс групп,74.5,205.0,,,,От 1 года до 3 лет,ТК,5/2,,"бонус, бонусы, обучение","основная задача: продавать! И нам важно, чтобы вы понимали что это значит; Продавать запорно-регулирующую арматуру и системы автоматизации производственных процессов нефтегазовой, химической и горнодобывающей отрасли . Есть свое контрактное производство по направлению. Работать с существующей клиентской базой, расширение клиентской базы количественно и качественно, бонусы за объем; Налаживание контакта с заказчиками, выстраивание долгосрочных отношений; Мы любим порядок в продажах. Фиксация процесса работы в Битрикс. При выходе на определенный объем продаж, к этому процессу подключается помощник Заключение и сопровождение договоров; Выполнение плана продаж и текущих получаемых задач. В срок!",https://hh.ru/vacancy/125459904
Менеджер по продажам,ТД Снаб,367.0,589.0,,,,От 1 года до 3 лет,ГПХ,5/2,Еженедельно,"бонус, обучение","1. Обработка теплой клиентской базы. 2. Обработка полученных заказов с лендинга и других маркетинговых каналов; ведение отчетности в Amo CRM. 3. Подготовка коммерческих предложений и выставление счетов. 4. Выполнение личного плана продаж, плановых показателей, KPI и объема продаж. 5. Активное участие в корпоративной жизни.",https://hh.ru/vacancy/125236946
Менеджер по продажам B2B,ЭкранПро,170.0,450.0,,,,От 3 до 6 лет,ТК,5/2,,обучение,"В чем заключается работа? 1. Необходимо связаться с потенциальным Клиентом, который сам к нам обратился. 2. Проводить встречи по Zoom. ",https://hh.ru/vacancy/125107955
Менеджер по продажам на территории,ТАЛАТУ,130.0,,,,,От 1 года до 3 лет,ТК,5/2,,ДМС,"Управление командой продавцов консультантов на вверенной территории; Регулярное посещение розничных торговых точек, сетевых торговых точек (DIY), специализированных торговых точек по продаже ЛКМ, колеровочных студий; Выполнение плана доле продаж на выделенной территории; Увеличение доли представленности на полке/в портфеле клиента, промо, POSm; Дебиторская задолженность; Участие в формирование заказов торговыми точками",https://hh.ru/vacancy/125378536
Специалист по работе с клиентами (Customer service specialist),Кимберли-Кларк,,,,,,От 1 года до 3 лет,ТК,5/2,,"ДМС, страхование, бонус","Обработка поступающих заказов в соответствии с процедурами К-С Проверка корректности отгрузочных документов Координация доставок продукции клиентам и решение всех вопросов, возникающих в процессе (опоздания, браки, недогрузы) Работа с претензиями клиентов Работа со стоком продукции, в т.ч. отслеживание новинок, изменений в спецификациях и т.п. Взаимодействие с командой логистики по вопросам, касающимся клиентов Информирование клиентов и сотрудников К-С других функций по вопросам уровня сервиса Формирование отчетов и аналитика уровня сервиса по клиентам. Подготовка и анализ отчетов в рамках зоны ответственности Customer Service",https://hh.ru/vacancy/125452174
Помощник / ассистент менеджера (продажи электронных компонентов),МикроЭМ,110.0,115.0,,,'7-10,От 1 года до 3 лет,ТК,7/10,,"питание, бесплатное питание, подарки, транспорт","Работа с клиентами в рамках договоренностей, достигнутых менеджерами. Приём входящих звонков от клиентов. Обработка заявок и запросов клиентов, поступающих в электронном виде. Формирование коммерческих предложений на поставку по согласованию с менеджером отдела продаж. Размещение заказов в систему и контроль их выполнения. Оформление счетов на оплату для клиентов в 1С.Торговля. Оформление отгрузочных документов в 1C по установленной процедуре и правилам. Работа с первичной бухгалтерской документацией. Анализ складских остатков товара в 1С.",https://hh.ru/vacancy/124530630
Key account manager (КАМ),ICL Системные технологии,,,,,,От 1 года до 3 лет,ТК,5/2,,"ДМС, форма, бонус, чай","выстраивать доверительные отношения с ключевыми заказчиками, определять их потребности и предлагать лучшие IT-решения; достигать амбициозных целей по объемам продаж и укреплению позиций компании на рынке; продавать комплексные проекты по системной интеграции, информационной безопасности и инженерным решениям. Ты нам подходишь если: имеешь опыт B2B продаж в сфере IТ/телеком (серверное, сетевое оборудование, решения по антивирусным системам и системам виртуализации, системы мониторинга за информационной инфраструктурой, системы идентификации пользователей. ); умеешь находить общий язык с первыми лицами компаний, поддерживаешь и развиваешь долгосрочные партнерства, находишь взаимовыгодные решения; понимаешь тенденции, структуру и ключевые метрики бизнеса рынка IT; умеешь предлагать инновационные решения, отвечающие потребностям бизнеса; опираешься на законодательную базу (44-ФЗ и 223-ФЗ). Тебе у нас понравится, если: ты хочешь реализовать свои амбициозные цели в продажах комплексных технических решений; ты увлечен созданием и оптимизацией процессов в области продаж; стремишься зарабатывать больше, расширяя базу клиентов; готов направить свою энергию на решение креативных задач.",https://hh.ru/vacancy/125323231
Менеджер по продажам образовательных услуг / Специалист приемной комиссии,СИНЕРГИЯ,90.0,,,,,Нет опыта,ТК,5/2,Ежемесячно,обучение,"Работать с имеющимися базами клиентов, консультировать и продавать образовательные услуги (бакалавриат, магистратура, СПО, ДПО и пр.). Подбирать клиентам подходящие образовательные...",https://hh.ru/vacancy/125398384
"Менеджер по продажам (B2B, SERM)",VICTORY group,120.0,200.0,,,,Нет опыта,ТК,"5/2, 30/19",,"форма, премии, кофе","Ведение полного цикла активных продаж в сегменте B2B ; Поиск клиентов по готовой базе ( звонки , выход на ЛПР, работа с возражениями ); Формирование и ведение собственной клиентской базы (выстраивание долгосрочных отношений) ; Работа в CRМ .",https://hh.ru/vacancy/124781146
Менеджер по продажам IT продукта,Teamline Consult,120.0,,,,'10-15,От 1 года до 3 лет,ТК,10/15,2 раза в месяц,"ДМС, форма, обучение","Реализовывать планы по продажам: 10–15 лидов в день, с фокусом на качество контактов и конверсию. Проводить переговоры и демо...",https://hh.ru/vacancy/124820652
Менеджер по работе с клиентами,Кондитерская мастерская Stefany,60.0,60.0,,,,От 1 года до 3 лет,ТК,4/4,2 раза в месяц,форма,"Обработка телефонных обращений: Вежливое и профессиональное принятие звонков по горячей линии, предоставление необходимой информации и консультаций клиентам. Разрешение конфликтных ситуаций: Эффективное и тактичное урегулирование конфликтов, поиск оптимальных решений, удовлетворяющих потребности клиентов и компании. Прием заявок на заказные торты: Организация процесса приема и оформления заявок на индивидуальные заказы тортов, обеспечение внимательного подхода к требованиям клиентов и контроль за выполнением их пожеланий.",https://hh.ru/vacancy/124980046
Специалист по работе с клиентами,Медиаквант,53.0,,,,,Нет опыта,ТК,2/2,,форма,"Продажи товаров и услуг предоставляемые компанией. Обслуживание существующих клиентов. Прием денежных средств от клиентов, работа с кассой. Предоставление отчетов, согласно установленным формам.",https://hh.ru/vacancy/125211117
Менеджер по продажам,Илимлесхоз,130.0,,,,,От 1 года до 3 лет,ТК,5/2,,"форма, кофе, чай","Работа с входящими лидами, а также привлечение новых клиентов через различные каналы продаж, и развитие долгосрочных партнерских отношений; Ведение клиентской базы; Анализ рынка, мониторинг конкурентной среды; Проведение презентаций и консультирование клиентов по продукции и услугам компании; Подготовка коммерческих предложений, проведение переговоров, заключение договоров; Работа в 1С:Управление нашей фирмой (1С:УНФ); Подготовка и предоставление клиентам первичной документации; Контроль оплаты по договорам; Участие в выставках с целью продвижения продукции и услуг компании. Требования к должности: Знание основных техник продаж, понимание потребностей клиентов; Умение работать в режиме многозадачности, стрессоустойчивость; Безупречное знание продукта (готовы обучить); Умение эффективно коммуницировать, навыки ведения переговоров; Навык командной работы; Самоконтроль и самоорганизация; Стремление к саморазвитию, обучаемость.",https://hh.ru/vacancy/125280524
Менеджер по продажам,Велеса,200.0,,,,,От 3 до 6 лет,ТК,5/2,,форма,Обработка входящих лидов (с различных источников) и ведение переговоров с клиентами. Назначение встреч в офисе компании/на участке клиента или...,https://hh.ru/vacancy/125345845
Менеджер по продажам международной логистики,Транспортный фрахт,120.0,150.0,,,'1-2,От 1 года до 3 лет,ТК,"5/2, 1/2",,"форма, транспорт, кофе, чай",Продавать услуги по международной логистики. Выполнять плановые показатели. Проводить телефонные переговоры и встречи с потенциальными клиентами. Подготавливать коммерческие предложения клиентам...,https://hh.ru/vacancy/123207758
Менеджер по работе с клиентами на производство (не продажи),Группа Компаний РГ,,,,,,Нет опыта,ТК,5/2,,,"Работа со входящими звонками, консультация заказчиков (гидравлическая продукция); Взаимодействие сотрудниками производства и коммерческой службой; Выставление счетов, контроль и обеспечение отгрузок, работа в 1С); Документооборот (договоры, официальные письма, спецификации, сбор документов). Наши ожидания от Вас: Наличие высшего образования; Желание обучаться; Грамотная речь; Знание MS Office.",https://hh.ru/vacancy/123634926
Account Manager,Whiteleads,150.0,210.0,,,,От 1 года до 3 лет,ТК,64/27,,форма,"1. Обеспечивать результативную работу с партнёрами: подключение новых источников, расширение лимитов и ребейтов, поддержка текущих площадок; 2. Влиять на экономику ребейтов и лимитов, развивать направление к Head of Partnerships ; 3. Работать с трекерами: интеграции, настройка постбеков, устранение фрода и расхождений в данных; 4. Координировать работу с командой закупки трафика: поддержка пилотов, тестов, оперативное решение инцидентов; 5. Управлять аккаунтами: создание кабинетов, интеграции с приложениями, генерация ссылок, пополнение и корректный оффбординг; 6. Мониторить ОРД и взаимодействовать с бухгалтерией/юристами по актуальным вопросам, таким как налоги или новые регламенты; 7. Обеспечивать прозрачность коммуникации с партнёрами и внутри команды, фиксировать все договорённости и следить за выполнением SLA.",https://hh.ru/vacancy/125346662
Менеджер по работе с клиентами,True Gamers,,,,,,От 1 года до 3 лет,ТК,2/2,,,Обзванивать клиентов и повторно приглашать участников мероприятий и турниров. Сопровождать клиентов по телефону и в мессенджерах. Продавать дополнительные услуги (дни...,https://hh.ru/vacancy/125350862
Территориальный менеджер по продажам,Акзо Нобель Декор,,,,,,От 3 до 6 лет,ТК,5/2,Ежемесячно,страхование,"поддержка и контроль продаж по каналам традиционной и современной розницы на закреплённой территории (регион Черноземье) выполнение индивидуальных ежемесячных и квартальных KPI; организация выполнения плана продаж региона; развитие дистрибуции на закреплённой территории (достижение максимальных количественных и качественных показателей); поддержка работы локальных сетевых клиентов; улучшение представленности продукции компании в регионе; анализ текущей ситуации и составление планов развития на закреплённой территории, своевременное предоставление отчётов руководству; управление работой продавцов-консультантов и командой торговых представителей дистрибьютора (постановка задач, контроль за их исполнением, оценка эффективности работы); проведение обучения сотрудников магазинов и дистрибьюторов; согласование с клиентами и внедрение в торговых точках всех маркетинговых и промо-активностей; контроль реализации рекламных акций; ведение переговоров с потенциальными клиентами.",https://hh.ru/vacancy/125391201
Менеджер по продажам (ВЭД),М2б-Групп,150.0,,,,,От 3 до 6 лет,ГПХ,5/2,,форма,"Привлечение клиентов на финансово-логистические услуги с сфере ВЭД; Работа с существующими клиентами и сопровождение сделок; Контроль исполнения обязательств по сопровождаемым сделкам, как со стороны клиента, так и со смежными подразделениями внутри компании; Проведение встреч и переговоров с клиентами, как в городе присутствия, так и в режиме командировок, при необходимости; Формирование и ведение клиентской базы, своевременное и качественное сопровождение действующих клиентов, обеспечение высокого уровня сервиса; Своевременное ведение отчетности о проделанной работе; Коммуникация со смежными подразделениями в процессе подготовки и проведения клиентских сделок; Анализ рынка и конкурентов, формирование предложений в целях совершенствования предлагаемого продукта.",https://hh.ru/vacancy/125094165
Менеджер по продажам B2B,SIBERIA,150.0,,,,,От 1 года до 3 лет,ТК,5/2,2 раза в месяц,форма,"Осуществление телефонных переговоров с потенциальными клиентами. Теплый и холодный обзвон по нашим базам. Возможны проведения личных встреч для успешного закрытия сделок. Разработка коммерческих предложений. Постоянное обновление и улучшение методических материалов совместно с РОП (скрипты, коммерческие предложения и т.д) Управление информацией в CRM-системе. Наши ожидания: Опыт работы от 2-х лет в B2B продажах с крупными клиентами. Понимание специфики работы в премиум сегменте. Уверенность в своих навыках и стремление к высокому результату. Наличие собственной клиентской базы будет преимуществом. Способность строить и поддерживать доверительные отношения с клиентами.",https://hh.ru/vacancy/125392002
Менеджер по работе с клиентами (дизайнерами),Ишутина Татьяна Васильевна,100.0,130.0,,,,Нет опыта,ТК,5/2,,,Выстраивать долгосрочное сотрудничество с дизайнерами и мастерами. Составлять коммерческие предложения. Готовый быстро изучить товар и вникнуть в материал.,https://hh.ru/vacancy/125452788
Менеджер по работе с клиентами (Глобальный офис продаж в России),Radisson Hotel Group,,,,,,От 3 до 6 лет,ТК,5/2,,,В этой роли <highlighttext>менеджер</highlighttext> <highlighttext>по</highlighttext> <highlighttext>работе</highlighttext> <highlighttext>с</highlighttext> <highlighttext>клиентами</highlighttext> будет отвечать за достижение результатов посредством конструктивного взаимодействия с нашими ключевыми клиентами...,https://hh.ru/vacancy/125156420
Менеджер по продажам,BLOC,210.0,,,,,От 1 года до 3 лет,ТК,5/2,,"форма, транспорт","Вести переговоры в интересах Компании с потенциальными клиентами. Обеспечивать профессиональную консультацию клиентов по вопросам покупки типовых ремонтов, внесения дополнительных изменений в типовые ремонты, продажа мебели, продажа техники. Участвовать в процессе заключения сделок и координировать действия сторон. Поддерживать долгосрочные отношения с клиентами, поддерживать их интересы и оказывать профессиональную поддержку во всех вопросах, связанных с предоставляемыми услугами. Предоставлять отчёт своему руководителю о проделанной работе Работать в CRM Битрикс24",https://hh.ru/vacancy/125288720
Менеджер по продажам и работе с клиентами (без поиска),Бон-Групп,140.0,,,,,От 1 года до 3 лет,ТК,5/2,,"бонус, бонусы, обучение","Обработка входящих теплых и горячих заявок по услугам аренды и продажи блок-контейнеров; Работа в CRM системе «Мой склад» с проработанными воронками и автоматизированными задачами для вашего удобства; Продажи через общение в чатах на торговых площадках (Авито, Юла, Jivosite и др.); Ведение клиентов: заключение и пролонгация договоров, расчет доставки, своевременное выставление счетов для оплаты услуг КОГО МЫ ХОТИМ ВИДЕТЬ В НАШЕЙ КОМАНДЕ: ​​​​​​ Кандидата с опытом работы в любых CRM программах и Google docs; Энергичного, позитивного сотрудника с высоким уровнем эмпатии, душевности и уверенности себе; Мы приветствуем и поощряем желание учиться, развиваться, расти в профессиональном плане и быть первым в результатах; Опыт продаж от 2 лет; Опыт работы в телефонных продажах.",https://hh.ru/vacancy/124320446
Менеджер по оптовым продажам,Русская промышленная компания,150.0,400.0,,,,От 1 года до 3 лет,ТК,5/2,,обучение,"Прием заявок по телефону, электронной почте, их обработка от выставления счета до отгрузки; Продажи по существующей базе клиентов; Встречи с потенциальными клиентами; Полное сопровождение сделок (контроль отгрузки, подписание договоров, контроль документооборота); Ведение деловой переписки; Выстраивание долгосрочных отношений с клиентами; Контроль дебиторской задолженности; Анализ рынка, ценообразования трубной продукции. Что важно: Умение находить общий язык с клиентами любого уровня: от малых предприятий до крупных корпораций. Опыт работы в сфере оптовых продаж (обязательно), понимание рынка трубной продукции, металлопроката, строительных материалов (желательно). Ориентированность на результат и умение работать в условиях многозадачности. Отличные коммуникативные навыки и харизма, способная завоевать доверие с первого слова.",https://hh.ru/vacancy/125207281
"Менеджер по продажам (оборудование, промышленность, бурение)",BY business group (Бизнес-Юрист),200.0,,,,,От 1 года до 3 лет,ТК,5/2,2 раза в месяц,форма,"активный поиск новых клиентов (база есть, но свои каналы только приветствуются). – работа с входящими заявками (да, они есть — и мы...",https://hh.ru/vacancy/125277395
Менеджер по продажам,РуМелт,160.0,,,,,От 1 года до 3 лет,ТК,5/2,,,"поиск и привлечение новых заказчиков проведение переговоров, встреч на всех уровнях командировки и выезды к клиентами продвижение новых видов клеев на завода техническое консультирование клиентов по продуктам анализ новых рынков выполнение KPI планов работа в CRM выявление потребностей и болей клиентов участие в выставках, форумах, мероприятиях контроль дебиторской задолженности",https://hh.ru/vacancy/125358058
Менеджер по работе с клиентами,Князев Иван Александрович,55.0,144.6,,,,Нет опыта,ТК,5/2,,,Консультирование клиентов по ассортименту мебели и помощь в выборе оптимальных решений. Оформление заказов и сопровождение клиентов на всех этапах покупки. Поддержание долгосрочных отношений с клиентами и обеспечение высокого уровня сервиса. Участие в организации и проведении акций и презентаций.,https://hh.ru/vacancy/124017011
Ведущий менеджер по продажам (входящие заявки),HEALTHBAND,200.0,500.0,,,,От 1 года до 3 лет,ТК,5/2,,"обучение, кофе","Обработкой входящих заявок. - Проводить встречи с клиентами в офисе. - Вести полный цикл сделки (проведение встреч в офисе, заключение договоров с физическими и юридическими лицами, оформление документов). - Заполнение отчетности в CRM-системе (научим). Ты наш идеальный кандидат, если: - У тебя уже был опыт работы в продажах - В твоих глазах горит огонь желания зарабатывать. - Ты веришь, что с каждым днем можно стать лучше и что развитие - это ключ к успеху. - Ты - прирожденный дипломат, способный найти общий язык с кем угодно и убедить кого угодно. -Готов разделять ценности компании. Преимуществом для тебя будет: -Знание amoCRM Если тебе близок наш подход к работе, откликайся, отправляй сопроводительное письмо с фразой «Я готов(а)» и увидимся на интервью! :)",https://hh.ru/vacancy/124597877
Аккаунт-менеджер / Sales менеджер,zGroup-IT,,,,,,От 1 года до 3 лет,ТК,5/2,,форма,"Активные продажи услуг и развитие долгосрочных отношений с клиентами. Закрытие сделок, удержание клиентов, эффективная обработка возражений и предложение решений. Профессиональное общение с клиентами, поддержание высокого уровня клиентского сервиса. Анализ клиентской статистики, отслеживание ключевых показателей (KPI) и разработка рекомендаций для улучшения результатов. Эффективное использование CRM-систем для ведения клиентской базы, постановки задач и контроля стадий сделок.",https://hh.ru/vacancy/125265041
Менеджер по работе с клиентами,Без тормозов,90.0,120.0,,,,От 1 года до 3 лет,ТК,5/2,,"форма, обучение","Взаимодействие с клиентами: консультирование, помощь в решении вопросов и предоставление информации о продуктах и услугах. Поддержание и развитие долгосрочных отношений с клиентами. Обработка входящих запросов и обращений клиентов. Работа с базой данных клиентов, обновление информации и ведение отчетности. Участие в разработке и реализации программ лояльности.",https://hh.ru/vacancy/125347303
Менеджер по продажам,Лебедев Илья Викторович,120.0,250.0,,,'3-10,От 1 года до 3 лет,ТК,"3/10, 5/7, 40/90, 30/40",Еженедельно,"форма, бонус, бонусы","ОБЯЗАТЕЛЬНО Умеет продавать через бесплатные консультации в зуме (с видео). ️Только входящий поток заявок, БЕЗ холодных звонков. Квалификация заявок: Цель...",https://hh.ru/vacancy/125385708
Менеджер по продажам услуг,Лайк Энд Инсайт,150.0,,,,,От 1 года до 3 лет,ГПХ,5/2,,форма,"Совершать активные продажи; Формировать собственный клиентский портфель; Поддерживать долгосрочные отношения с клиентами, предлагать дополнительные услуги и решать возникающие вопросы; Сопровождать клиента от первого контакта до завершения сделки; Анализировать результаты своей работы; Участвовать в развитии отдела продаж и формировании входящего потока клиентов; Формировать отчетность руководству о проделанной работе и достигнутых результатах. Обратите внимание! Требуется с формировать отдел продаж с нуля. Средний чек - 700 000 руб.",https://hh.ru/vacancy/125455941
Менеджер отдела продаж,МУЦ ДПО Образовательный стандарт,100.0,130.0,,,,От 1 года до 3 лет,ТК,5/2,,обучение,Ведение телефонных переговоров с новыми и действующими клиентами Сопровождение клиентов на всех этапах Ведение базы клиентов Выстраивание долгосрочных взаимовыгодных отношений с клиентами,https://hh.ru/vacancy/123258902
Менеджер по работе с клиентами,Лилия,110.0,,,,,От 1 года до 3 лет,ТК,5/2,Ежемесячно,"премии, подарки","Холодные и теплые звонки; Развитие направления и развитие деловых контактов; Проведение переговоров, заключение договоров; Проведение ассортиментного анализа цены конкурентов у покупателей; Подготовка коммерческих предложений согласно действующих прайс-листов; Анализ и прогнозирование продаж; Работа в 1С; Полный процесс работы с заказами покупателей; Подготовка и подписание спецификаций на отгрузку; Требования : Знание принципов продаж; Развитые навыки управления продажами; Умение грамотно преподнести потенциальному покупателю товар на высоко конкурентном рынке; Организованность; Знание Excel, Word, PowerPoint на уровне уверенного пользователя; Знание английского языка (разговорный) Условия : Интересная работа в крупной торгово-производственной компании; Оформление в соответствии с ТК РФ; График работы: 5/2; Стабильная и достойная заработная плата, оклад + ежемесячные премии; Корпоративная мобильная связь; Возможность профессионального развития; Поздравления сотрудников на праздники: Новый год, 23 февраля, 8 марта, подарки для детей;",https://hh.ru/vacancy/125248329
Менеджер по продажам,ART-VIS,100.0,,,,,От 1 года до 3 лет,ТК,5/2,,форма,"Поиск и установление контактов с компаниями в различных сферах (строительство, ландшафтный дизайн, архитектурные проекты и др.). Работа с текущими клиентами и привлечение новых Составление коммерческих предложений Заключение договоров",https://hh.ru/vacancy/125409185
Менеджер по работе с клиентами ( только действующая база),Заповедная вода,60.0,85.0,,,,Нет опыта,ТК,5/2,,,Работа только с ДЕЙСТВУЮЩЕЙ клиентской базой; - Прием заказов; - Работа с первичной документацией; - Полное сопровождение действующих клиентов Компании.,https://hh.ru/vacancy/119937267
Специалист отдела продаж,Магнитогорский металлургический комбинат,123.0,,,,,От 3 до 6 лет,ТК,5/2,Ежемесячно,"ДМС, питание, скидки, обучение",Ведение переговоров с клиентами. Предложение лучших технических решений применения металлургической продукции для клиента. Сопровождение сделок до момента полного выполнения договорных...,https://hh.ru/vacancy/124987519
Менеджер по продажам (кредитный брокер)/Кредитный эксперт,ЦКП,200.0,,,,'15-20,От 1 года до 3 лет,ТК,15/20,,,"Проработать клиента, прошедшего первичную квалификацию; Проанализировать клиента по кредитному портфелю; Заключать договора с клиентами; Сформировать пакет документов для подачи заявки партнеру;",https://hh.ru/vacancy/125103847
Account manager/Спортивный менеджер/Менеджер по работе с клиентами,DPG Russia,130.0,150.0,,,,Нет опыта,ГПХ,5/2,,"форма, бонус","Управление проектами : координация работы команды над проектами Клиентов, контроль сроков и качества выполнения задач, управление документооборотом команды; Клиентский сервис : развитие и поддержание долгосрочных отношений с Клиентами, проведение регулярных встреч и презентаций; Стратегическое планирование : участие в разработке маркетинговых и креативных стратегий для спортивных брендов; Аналитика и отчетность : подготовка отчетов о результатах кампаний, анализ эффективности; Коммуникация : взаимодействие с внутренними отделами для обеспечения высокого уровня сервиса. Базовые профессиональные навыки: Опыт работы в сфере маркетинга или спортивного менеджмента от 1 года; Высшее образование в области маркетинга, менеджмента или спорта; Навыки коммуникации : отличные навыки ведения переговоров и презентации; Организаторские способности : умение эффективно управлять несколькими проектами одновременно; Аналитическое мышление : способность анализировать данные и принимать обоснованные решения; Знание индустрии: понимание специфики спортивного маркетинга и текущих трендов. Soft skills: Клиентоориентированность : способность понимать и предвидеть потребности Клиентов Стрессоустойчивость : умение работать в условиях многозадачности Адаптивность : готовность быстро обучаться и меняться Желательные компетенции: Знание спортивной индустрии : понимание специфики различных видов спорта, трендов в спортивном маркетинге Опыт в маркетинге и event : работа с брендами в сфере спорта. Желание развиваться в этом направлении.​​​",https://hh.ru/vacancy/125378188
Менеджер по активным продажам Grand Autograph Hotel 5* (ранее Marriott),Grand Autograph Hotel (Marriott),120.0,150.0,,,,От 1 года до 3 лет,ТК,5/2,,"питание, бесплатное питание, форма, униформа, бонус, бонусы, чай","Выявлять потенциал компаний и прорабатывать корпоративный сегмент (включая холодные звонки, встречи, участие в отраслевых мероприятиях). Выполнять планы продаж и устанавливать...",https://hh.ru/vacancy/125413515
"Менеджер по продажам (В2В, телеком, ИТ)",NETONE,130.0,,,,,От 1 года до 3 лет,ТК,5/2,,"ДМС, бонус, бонусы, проезд","Активный поиск и привлечение новых клиентов в сегменте B2В. Работать как с существующей базой, так и самостоятельно находить...",https://hh.ru/vacancy/125185816
Менеджер по работе с клиентами/администратор,ЦЕНТР РАЗВИТИЯ ПРАЙМ TIME,70.0,100.0,,,'1-2,От 1 года до 3 лет,ТК,"5/2, 1/2, 30/18",2 раза в месяц,"форма, скидки, обучение","Общение с существующими клиентами центра (родители учеников). Консультирование клиентов, информирование их об услугах и актуальных предложениях (никаких холодных продаж). ",https://hh.ru/vacancy/125272683
Менеджер по продажам,Конгресс отель Екатеринбург,80.0,170.0,,,,От 1 года до 3 лет,ТК,5/2,,"питание, скидки",Активный поиск и привлечение новых корпоративных клиентов. Анализ рынка и выявление потенциальных корпоративных заказчиков. Поддержание и развитие отношений с текущими...,https://hh.ru/vacancy/124473029
Менеджер по партнерским продажам,Тангл,200.0,,,,,От 3 до 6 лет,ТК,5/2,,"форма, бонус",Поиск и привлечение новых партнеров в сегментах B2B и B2G Проведение переговоров с партнерами для выстраивания сотрудничества на предмет продажи продуктов Tangl Проведение онлайн-презентаций с пресейл-инженерами для клиентов партнеров Организация и проведение онлайн / оффлайн-встреч с партнерами Ведение отчетности и работа в CRM (Битрикс24),https://hh.ru/vacancy/125276844
Менеджер по работе с клиентами/координатор отдела продаж/технико-коммерческий инженер,Эlevel (Элевел),135.0,,,,,От 1 года до 3 лет,ТК,5/2,,ДМС,Расчет спецификаций клиентов; Выставление счетов; Размещение заказов по подтвержденным счетам; Реализации; Организация доставки клиентам; Работа с рекламациями; Подготовка спецификаций на основании проектной документации; Подбор аналогов; Оптимизация стоимости проектного решения.,https://hh.ru/vacancy/120568729
Торговый представитель/Менеджер по продажам,Терещенко Роман Алексеевич,100.0,,,,,Нет опыта,ТК,5/2,2 раза в месяц,,Выявлять потребности клиентов; Поддержание и развитие клиентской базы; Ведение переговоров и заключение договоров (Сопровождение от размещения заказа до полной оплаты); Отчетность.,https://hh.ru/vacancy/124579339
Менеджер по продажам,Семейная Забота,150.0,290.0,,,,От 1 года до 3 лет,ТК,5/2,2 раза в месяц,,Обработка входящих обращений. Передача на встречу с управляющими. Работать в Битрикс 24. Работа с базой.,https://hh.ru/vacancy/125046995
Менеджер по проектам (Отдел продаж и развития),ДКС,,,,,,От 1 года до 3 лет,ТК,5/2,,"ДМС, форма, подарки, транспорт","сопровождение проектов (изготовление пресс-форм); взаимодействие с компаниями-партнерами; подготовка договоров, регламентирующих взаимоотношения с компаниями-партнерами (коммерческие соглашения, договора, контракты); работа с коммерческими предложениями, проведение их сравнений и анализа условий; возможны командировки.",https://hh.ru/vacancy/125400899
Менеджер по продажам,Sarafan Media,,160.0,,,,От 1 года до 3 лет,ТК,5/2,,,"искать компании, которым может быть интересна реклама, и выходить на ЛПР; проводить переговоры и презентовать возможности нашей компании; разогревать интерес и передавать лидов команде аккаунтов; вести порядок в CRM 📂 и контролировать стадии сделок. 📝",https://hh.ru/vacancy/125333466
Помощник менеджера отдела продаж,ПЗПИ,70.0,70.0,,,,Нет опыта,ТК,5/2,,,"Ведение документооборота с клиентами. Выставление счетов на оплату, резервирование товара под клиента. Оформление документации по клиенту(договоры, счета, спецификации, акты и т.д.) Контроль заведения товаров в ассортимент клиентов: подготовка и актуализация спецификаций. Поддержка менеджеров: выполнение поручений менеджеров отдела по продажам; загрузка и выгрузка данных из 1С; ведение всей работы по клиентам в 1С. Консультирование клиентов по состоянию заказов на производстве и готовности к отгрузке готовой произведенной продукции.",https://hh.ru/vacancy/125337243
"Менеджер по продажам на маркетплейсах (OZON, Yandex.Market)",National Electric,100.0,120.0,,,'1-2,От 1 года до 3 лет,ТК,1/2,2 раза в месяц,"форма, транспорт","1. Управление ценообразованием Рассчитывать юнит-экономику. Ежедневно поддерживать утвержденный уровень цен по каждому товару. 2. Управление контентом Создавать новые карточки: ТЗ для создания инфографики, SEO описания, контролировать качество контента, оптимизировать текущие. 3. Продвижение товара Формировать гипотезы по продвижению. Подбирать маркетинговые инструменты, согласовывать бюджет, запускать рекламу. 4. Анализ и мониторинг Проводить конкурентный анализ (цены, маркетинговые активности, товарные остатки, контент и тд). Ежедневный контроль: актуальность цен, акций / авто акций, расходов на рекламу, корректность работы внутренних информационных систем и API, изменений условий МП, поступление новых SKU. 5. Управление товарным запасом и остатками Проводить регулярные подсортировки, распределять по складам, увеличивать индекс локализации. Контролировать вывоз и реализацию / утилизацию бракованного товара.",https://hh.ru/vacancy/117990045
Менеджер отдела продаж,СПб ГБУК Михайловский театр,100.0,,,,,От 1 года до 3 лет,ТК,5/2,,,"Выполнение плана продаж; Реализация стратегии развития продаж театральных билетов; Разработка рекомендаций по ценообразованию театральных билетов; Развитие системы работы с агентами и ключевыми клиентами; Подготовка отчетной документации; Организация своевременного открытия продаж утвержденного репертуарного плана; Назначение тарифов на мероприятия; Согласование, заключение и ведение договоров с юридическими лицами. Наши ожидания от кандидата: Вы ответственно подходите к любой задаче и всегда достигаете нужного результата в установленные сроки; Умеете быстро действовать в нестандартных ситуациях и знаете, как подать и продать любой продукт; Любите общение, умеете слушать и слышать, способны найти общий язык с каждым; Вы харизматичны и всегда позитивно настроены; Имеете успешный опыт работы в продажах от 1 года; Высшее образование; Вы уверенный пользователь ПК; Искренний интерес к театру и к сфере культуры; Продажи – как стиль жизни. Мы предлагаем Вам: Творческий продукт - его интересно продавать; Амбициозную цель: 100% заполняемость залов; Работа с творческой командой, которая вдохновляет; Работа только со входящими звонками и заявками; Оформление по ТК РФ; 5-ти дневная рабочая неделя с 11:00 до 20:00, со скользящими выходными; Красивое и историческое место работы – Михайловский театр; Самый центр Санкт-Петербурга: площадь Искусств, 1.",https://hh.ru/vacancy/124533489
Менеджер по работе с клиентами (готовая база клиентов),Биосфера,80.0,220.0,,,'2-4,Нет опыта,ТК,2/4,Еженедельно,"бонус, обучение",Общаться с клиентами по нашей базе.,https://hh.ru/vacancy/125286890
Менеджер по продажам автомобилей с пробегом FRESH Х DUBROVSKIY SYNDICATE,FRESH AUTO,333.3,,,,,Нет опыта,ТК,5/2,,"подарки, обучение","Консультирование клиентов; Презентация автомобилей; Проведение тест-драйвов; Сопровождение клиентов после сделки. РАБОТА ПОДОЙДЕТ ТЕБЕ, ЕСЛИ У ТЕБЯ ЕСТЬ: Опыт в продажах- будет вашим преимуществом; Водительское удостоверение категории В и стаж вождения от 1 года; Желание много зарабатывать, стремление к карьерному росту и развитию! ОСТАВЬ СВОЙ ОТКЛИК И ПРИСОЕДИНЯЙСЯ К КОМАНДЕ ПРОФЕССИОНАЛОВ!",https://hh.ru/vacancy/120809487
Менеджер по работе с клиентами,Алтек,90.0,150.0,,,,От 1 года до 3 лет,ТК,5/2,,"бонус, обучение","Сопровождение действующих клиентов, имеющих договорные отношения с компанией. поддержание партнерских связей, направленных на расширение возможностей автоматизации деятельности предприятий клиентов, а также для продвижения новых возможностей IT- продуктов и услуг компании Проведение презентаций и демонстраций программного обеспечения. Консультирование клиентов по вопросам выбора и внедрения программных решений. Поддержка и развитие долгосрочных отношений с существующими клиентами. Составление привлекательных коммерческих предложений. Анализ потребностей клиентов и предложение оптимальных решений. Выполнение планов по продажам и отчетность. Работа с договорами и др. документами. Работа в CRM –системе.",https://hh.ru/vacancy/125342397
Оператор 1С / менеджер по оформлению заказов / менеджер по работе с клиентами,ТД Нова,85.0,95.0,,,,От 1 года до 3 лет,ТК,5/2,,,"Оформление заказов в программе 1 С: выставление счетов, формирование пакета документов - акты сверки, УПД, корректировочные счета фактуры.",https://hh.ru/vacancy/125379191
Менеджер по работе с клиентами,ББС,70.0,,,,,Нет опыта,ТК,5/2,,"транспорт, чай","Взаимодействие с клиентами: консультирование, прием и обработка заказов. Поддержание и развитие долгосрочных отношений с клиентами. Координация выполнения заказов с производственным отделом. Контроль качества и сроков выполнения заказов. Решение возникающих вопросов и претензий клиентов. Ведение отчетности и документации по заказам. Ожидания от кандидата: Желание обучаться и развиваться в сфере полиграфии. Отличные коммуникативные навыки и умение работать в команде. Ответственность и внимательность к деталям. Умение работать в условиях многозадачности. Опыт работы не требуется, всему обучим! Условия и преимущества: Работа в стабильной компании с более чем 25-летней историей. Возможность профессионального роста и развития. Дружелюбная команда: поддерживающая атмосфера, где каждый может рассчитывать на помощь коллег. Официальное трудоустройство и социальные гарантии. График работы с 8-00 до 17-00. Скорее откликайтесь и увидимся на интервью : )",https://hh.ru/vacancy/124721552
Менеджер по продажам,АЛЕКСВИТ,150.0,200.0,,,1.0,Более 6 лет,ГПХ,5/2,,"ДМС, форма, обучение","Поиск клиентов (архитекторы, проектировщики, проектные бюро, дизайн-студии, ген. подрядчики/заказчики и т.д.) Много и результативно продавать. Работать с клиентской базой и 1С. Самостоятельно изучать продукты, уметь работать с информацией, предоставленной в открытых источниках.",https://hh.ru/vacancy/125261393
Менеджер по продажам,Республиканская Клиника,70.0,,,,,Нет опыта,ТК,"96/2, 2/2",,"премии, бонус, бонусы, транспорт",Мы заботимся о каждом сотруднике и пациенте.,https://hh.ru/vacancy/125364387
Менеджер по работе с клиентами,Шаг-Ма,60.0,120.0,,,,От 1 года до 3 лет,ТК,2/2,,"кофе, чай","​​​ - Консультация клиентов по вопросам заказа. - Расчет стоимости и срока доставки до клиента. - Выставление счета в 1С и контроль оплаты от клиента. - Размещение заказа на собственном производстве. Этому всему можно обучиться, дружная команда Вам в этом поможет.",https://hh.ru/vacancy/125369555
Key Account Manager,Финтабло,80.0,150.0,,,,От 1 года до 3 лет,ТК,5/2,,форма,"1. Работа с ключевыми партнёрами и клиентами Развитие закреплённых клиентов и партнёров: от онбординга до расширения и upsell. Разработка индивидуальных планов развития аккаунтов и стратегий продаж. Проведение встреч, презентаций и переговоров на уровне первых лиц. Заключение договоров и контроль их исполнения. Продвижение новых продуктов и функций среди текущих клиентов. Отслеживание удовлетворённости клиентов, регулярный сбор обратной связи, работа над удержанием. 2. Поиск и развитие Привлечение новых партнёров и клиентов в рамках партнёрской программы. Анализ рынка, конкурентов и потребностей клиентов, подготовка коммерческих предложений и прогнозов продаж. 3. Внутреннее взаимодействие Координация с командами продаж, маркетинга, продукта и поддержки для достижения целей ключевых клиентов. Ведение документооборота и отчётности, работа в CRM, подготовка аналитики по аккаунтам. Участие в отраслевых мероприятиях, выставках, конференциях и обучающих программах.",https://hh.ru/vacancy/124967703
Менеджер по работе с клиентами (производство B2B) / Менеджер по продажам,PASCH,200.0,,,,,От 3 до 6 лет,ТК,5/2,,,"Обработка клиентского потока из всех источников: работа с постоянными клиентами, обработка входящих заявок, холодный поиск клиентов; - Подготовка коммерческих предложений, презентаций, расчётов; - Сопровождение сделок: от первого контакта до поставки; - Работа в 1С, Excel, PowerPoint.",https://hh.ru/vacancy/124978820
Менеджер по работе с клиентами,101СКЛАД.РУ,80.0,120.0,,,,От 1 года до 3 лет,ТК,"5/7, 14/28, 2/2",,обучение,"Принимать входящие обращения (звонки, WhatsApp) и записывать на просмотр. Проводить удаленные показы складов, подбирать оптимальный размер (3,5 / 7 / 14...",https://hh.ru/vacancy/125305797
Менеджер по продажам,Драйвер,120.0,150.0,,,,Нет опыта,ТК,5/2,Ежемесячно,,Обработка горячих входящих заявок; Консультация и подбор авто согласно пожеланиям клиентов; Выполнение плана продаж; Заключение договора с клиентами.,https://hh.ru/vacancy/125384713
Менеджер по продажам,ГЕС,200.0,,,,,От 1 года до 3 лет,ТК,5/2,,,"Привлечение клиентов по готовой базе, консультация по продуктам компании; Закрытие клиента на договор; Оформление карточки лида в Bitrix24; Подготовка и выставление коммерческих предложений; Выполнение плана продаж; Поддержание лояльных отношений с клиентами. Наши пожелания к кандидатам: Опыт работы в проектных организациях будет преимуществом; Опыт холодных продаж будет преимуществом; Опыт работы в Bitrix24 системах; Умение работать без скрипта; Свободное владение Exсel, Word, и другими офисными программами; Умение работать с PDF файлами и программами для обработки и PDF; Грамотная устная и письменная речь, умение четко формулировать и излагать свои мысли;",https://hh.ru/vacancy/124788374
Менеджер отдела продаж,Фибо,150.0,,,,,Нет опыта,ТК,5/2,,"кофе, чай",Привлечение новых клиентов (базу предоставляем). Развитие имеющихся клиентов и поддержание долгосрочных отношений. Сопровождение сделки на всех этапах. Работа в AmoCRM...,https://hh.ru/vacancy/125319358
"Менеджер по оптовым продажам, торговый представитель",Смазочные материалы,50.0,,,,,Нет опыта,ТК,30/17,,,"Работа и расширение с существующей клиентской базой, продвижение новых продуктов, расширение представленности в магазинах, контроль дебиторской задолженности, мерчендайзинг, отчетность.",https://hh.ru/vacancy/125322921
Менеджер по продажам/Менеджер по работе с клиентами (без поиска клиентов) пищевое производство,Смайл Групп,120.0,,,,'10-12,От 1 года до 3 лет,ТК,"5/2, 10/12",2 раза в месяц,"питание, бесплатное питание, бонус, бонусы","Проведение переговоров и продаж по горячим заявкам Оформление заказа в AMO CRM, гугл таблицы, передача на логистику и контроль доставки, оформление такси доставки Контроль подписания договора и дебеторка с оптовыми клиентами Запрос закрывающих документов у поставщиков Ведение СРМ и отчетности согласно регламентам.",https://hh.ru/vacancy/125414653
Менеджер по транзитным продажам,ТД Монолит,100.0,150.0,,,1.0,От 1 года до 3 лет,ТК,5/2,,,"Развитие и расширение базы клиентов, работающих с товарными категориями, поставляемыми напрямую с заводов производителей (транзитом). Заключение долгосрочных контрактов на крупные объемы, Работа с действующей клиентской базой и привлечение новых клиентов, Ведение полного цикла продаж: от переговоров до контроля выполнения условий поставок (в связке со службой логистики), Анализ рынка и конкурентной среды, формирование уникальных предложений для клиентов. Ведение отчетности в CRM-системе.",https://hh.ru/vacancy/125415383
Менеджер по продажам,OREX,150.0,,,,,От 1 года до 3 лет,ТК,5/2,2 раза в месяц,обучение,Обрабатывать входящие заявки и консультировать клиентов. Проводить встречи в офисе и выявлять потребности клиентов. Организовывать показы готовых объектов. ,https://hh.ru/vacancy/124406722
Менеджер по продажам химического сырья,НЕО Кемикал,,,,,,От 3 до 6 лет,ТК,5/2,,"ДМС, форма","Личные продажи и выполнение плана: Активно продвигать нашу продукцию и достигать установленных целевых показателей (KPI) по объему продаж, маржинальности и...",https://hh.ru/vacancy/125098838
Менеджер по продажам,Палермо,80.0,250.0,,,,От 1 года до 3 лет,ТК,5/2,,,"продажа сыра в сегмент horeca, работа с шеф поварами, направление пиццерии.",https://hh.ru/vacancy/125195133
Менеджер по продажам,Геодезическое Сопровождение Строительства,80.0,250.0,,,'3-7,От 1 года до 3 лет,ТК,3/7,Ежемесячно,"бонус, бонусы, обучение","Обработка входящих ""Лидов"" и исходящие/входящие звонки по ""ТЁПЛОЙ"" базе, продажи по телефону. Подготовка коммерческих предложений. Частичное сопровождение сделок (распределение...",https://hh.ru/vacancy/125398427
Менеджер по продажам,СОНПО,80.0,150.0,,,,Нет опыта,ТК,5/2,,,Анализ рынка и конкурентной среды для выявления новых возможностей; Участие в разработке и реализации стратегий продаж; Установление первого контакта с клиентами с помощью базы и поддержки команды; Ведение переговоров и заключение договоров с клиентами.,https://hh.ru/vacancy/125433708
Ассистент менеджера продаж/ Менеджер отдела сопровождения корпоративных продаж.,ОСК,45.0,50.0,,,'2-3,Нет опыта,ТК,"2/3, 5/2",,"скидки, обучение","Заполнение всей необходимой документации для отдела продаж. Взаимодействие с Заказчиком по вопросам документооборота. Подготовка коммерческих предложений. Заполнение и вычитка договоров, нахождение рисков и передача данных рисков. Подготовка пакета документов и проведение реализации товара. Базовая претензионная работа и переписка (шаблонная). Наши",https://hh.ru/vacancy/125451823
Менеджер по продажам,ВВМ,80.0,,,,,Нет опыта,ТК,5/2,,,"Принимать входящие заявки ( телефон, почта). - Продавать металлопрокат, различные металлоконструкции. - Развивать клиентскую базу, активный поиск и привлечение новых клиентов. - ",https://hh.ru/vacancy/124832884
Менеджер по продажам,Онлайнтурс,80.0,110.0,,,1.0,От 1 года до 3 лет,ТК,5/2,Ежемесячно,"ДМС, форма, бонус, бонусы, скидки","Обработка поступающих заявок на подключение к программе (без холодных продаж) ; Презентация преимуществ программы; Ведение сделок в AmoCRM; Подключение новых партнеров, заключение договора, создание личного кабинета в системе; Регулярные контакты с подключенными партнерами с целью активировать их старт работы с программой; Контроль и и отключение неактивных личных кабинетов. Ключевые цели (KPI): Конверсия из лидов в подключение партнера; Количество партнеров, начавших работу с программой; Количество партнеров, повысивших свои объемы бронирований. Что для нас важно: Опыт работы в продажах от 1 года; Опыт работы в CRM; Способность обрабатывать обратную связь; Грамотная устная и письменная речь, вежливость; Быстрая обучаемость, внимательность и проактивность; Будет плюсом опыт работы в сфере туризма. Что у нас: Оклад 40 000 руб. на руки + бонусы, совокупный доход 80 000 - 110 000 руб. на руки; Полный рабочий день; График работы 5/2 с плавающими выходными; Удаленная работа из любой точки мира +-1ч от Мск; 50% компенсации ДМС от СберЗдоровье после испытательного срока; 50% компенсации внешних обучений и конференций; 50% компенсация на покупку техники после одного года работы в компании (после ухода техника останется у тебя); Скидки на путешествия и другие бонусы. Этапы собеседований: С HR до 30 минут. С 2 руководителями направлений 1 час.",https://hh.ru/vacancy/124837499
Специалист по работе с клиентами,AWEB SYSTEMS,50.0,,,,,Нет опыта,ТК,5/2,,обучение,Совершать звонки потенциальным/новым клиентам по подготовленной базе (клиенты B2B). Назначать встречи с с заинтересовавшимися клиентами. ,https://hh.ru/vacancy/123558641
Специалист по страхованию / Менеджер по работе с клиентами (тёплая база без поиска),АБС Страхование,90.0,,,,,Нет опыта,ТК,5/2,Еженедельно,"премии, бонус, бонусы, обучение","Ведение переговоров по телефону, с существующей &quot;теплой&quot; клиентской базой по продуктам страхования. Выявление потребности клиента Работа с входящими клиентами Расширение своей личной клиентской базы; Выполнение плановых показателей продаж Сопровождение клиента от начало до завершения сделки (по телефону) Кого мы ищем : Общительного и уверенного в себе человека; Настоящего или будущего профессионала Владение техник продаж и отрабатывать истинные возражения (будет вашим преимуществом); Кандидата, который готов развиваться и прокачивать свои таланты; Трудолюбивого и ответственного сотрудника.",https://hh.ru/vacancy/124703583
Менеджер по продажам в топ-компанию Тюмени,Гамма,100.0,200.0,,,,От 1 года до 3 лет,ГПХ,5/2,2 раза в месяц,"подарки, скидки, обучение","Поиск новых клиентов - юр. лица (Застройщики, строители, отделочники, дизайнеры и тд). Заключение договоров и ведение собственной базы. Расчёт стоимости потолков...",https://hh.ru/vacancy/125350088
Менеджер по продажам сложного оборудования,ТД Добромаш,150.0,,,,,От 1 года до 3 лет,ТК,5/2,,"форма, премии, бонус, бонусы, подарки, обучение","Выполнение плана продаж сложного, станочного оборудования; Активный поиск клиентов и проведение переговоров с ЛПР, презентация Компании и продукта; Работами с клиентскими базами компании; Обработка входящих заявок (совместно с рабочей группой) ; Выявление потребностей клиентов и оформление коммерческих предложений; Заключение договоров; Расширение клиентской базы, увеличение количества повторных продаж, работа с конверсией; Взаимодействие с клиентами на всех этапах поставки, поддержка, сопровождение; Взаимодействие со смежными отделами компании: логистика, тендерный отдел, отдел закупок, бухгалтерия; Участие в выставках, форумах, тематических мероприятиях; Анализ и отчеты о результатах работы. Навыки, качества и опыт, необходимые для работы в нашей Компании: Опыт работы в В2В, с проектными продажами; Знание продукта . Технические знания в области станков по металлообработке – будет вашим преимуществом; Аналитические способности . Энергия. Активность, внимательность, высокая готовность к обучению; Желание и Умение продавать ; Готовность работать на высокий результат ; Умение вести переговоры с ЛПР , умение «дожимать» клиента, и доводить сделку до продажи; Умение работать в команде; Опыт работы с длинными продажами будет преимуществом. Знание CRM систем, опыт удаленной работы – приветствуется; Острое и устойчивое желание зарабатывать в прогрессии. Нацеленность на результат.",https://hh.ru/vacancy/125421763
Key Account Manager/Менеджер по работе с ключевыми клиентами,МАЙБЕНБЕН,,,,,,От 1 года до 3 лет,ТК,5/2,Ежемесячно,"форма, обучение","Активное развитие и поддержка партнеров Ситилинка Озон, Яндекмаркета, Вайлберрис; Регулярное посещение клиентов, быть в курсе ситуации на рынке и поддерживать развитие партнеров Обеспечить обучение по пониманию продукции компании для выделенных партнеров Управлять ценами на товары и поддерживать рыночный уровень. Сбор предзаказов от выделенных партнеров Проведение маркетинговых активностей с выделенными партнерами Выполнение ежемесячного объема продаж; Сбор, изучение, анализ и сортировка информации об отраслевых проектах, своевременное определение актуальной информации и обмен информацией, определение целевых клиентов и действенных проектов, а также достижение целей продаж.",https://hh.ru/vacancy/125422375
Территориальный менеджер направления фармацевтических продаж,Аванта,,,,,,От 3 до 6 лет,ТК,5/2,2 раза в месяц,"ДМС, форма, обучение","Оценка потенциала клиентов и торговых точек, формирование эффективной команды, развитие отношений с партнерами (дистрибьюторы, ключевые локальные сети). Управление менеджерами по...",https://hh.ru/vacancy/125437765
Менеджер по продажам,Монолит05,90.0,170.0,,,,От 1 года до 3 лет,ТК,6/1,,,"Регулярное изучение рынка недвижимости; Активные переговоры по телефону с покупателями; Проведение встреч и показов объектов недвижимости; Устанавливание и поддерживание долгосрочные профессиональных отношений с клиентами; Сопровождение клиентов на всех этапах сделки; Работа в CRM системе Битрикс24, Авито Ведение отчетности.",https://hh.ru/vacancy/125442788
Менеджер по работе с клиентами,Сдэк-Служба Доставки Экспресс Курьер,52.0,,,,,Нет опыта,ТК,5/2,,бонус,Грамотное выявление потребностей и формирование предложения; Ведение CRM; Работать в базе теплых клиентов по заданной логике; Сопровождение клиентов на всех этапах сделки в личном кабинете; Ведение переговоров с первыми лицами компаний и их уполномоченными представителями.,https://hh.ru/vacancy/98258863
Менеджер по продажам,Школьная Лига,90.0,250.0,,,,От 1 года до 3 лет,ТК,5/2,,"премии, бонус, бонусы, обучение","✔ Продажа комплексного оснащения (IT-решения, мебель, лабораторное оборудование) ✔ Работа с госзакупками (44-ФЗ, 223-ФЗ) ✔ Ведение полного цикла продаж: от холодного звонка до подписания договора ✔ Подготовка коммерческих предложений и презентаций Идеальный кандидат: ▸ Опыт в B2B-продажах от 1 года (образование, госзакупки – плюс) ▸ Умение вести переговоры и работать с возражениями ▸ Готовность к холодным звонкам ▸ Базовый Excel (сводные таблицы)",https://hh.ru/vacancy/124891689
Менеджер по работе с клиентами/Консультант ритуального обслуживания,Государственное бюджетное учреждение Московской области Центр мемориальных услуг (ГБУ МО ЦМУ),120.0,170.0,,,,Нет опыта,ТК,1/3,,"форма, премии, обучение","Выезды на встречи с Заказчиками: вы будете первоочередным контактным лицом, которое поможет людям разобраться в вопросах организации похорон и предоставит все необходимые консультации, услуги и товары. Ведение заказа: Контроль выполнения договорных обязательств, что включает в себя фиксирование всех аспектов и пожеланий заказчика. Организация и сопровождение похоронного процесса: Этот важный этап требует чуткости и внимательности, чтобы обеспечить максимальную безболезненность для родных утраченных. Сбор документов для захоронения: вам предстоит администрировать получение всех необходимых документов. Информирование населения: Объяснение вопросов, связанных с действиями организации и проведением похорон, что позволит вам стать надежным источником информации и опорой для людей в сложный момент. Мы ожидаем от Вас: Желателен опыт работы в продажах, так как понимание потребностей заказчика и умение предложить подходящие решения будут вашей силой. Диплом об образовании, не ниже средне-специального учебного заведения; Умение выстраивать коммуникации в условиях конкурентной, и зачастую эмоционально не стабильной среде: вы будете общаться с людьми которые понесли утрату близкого, и ваша способность сопереживать и слушать станет важнейшим навыком. Мобильность в любое время суток в течение ваших смен: Работа включает в себя оперативные выезды, поэтому вы должны быть готовы к поездкам по городу и окрестностям, автомобиль организацией не предоставляется! Готовность пройти стажировку, и погрузится в аспекты новой профессии Зрелость оценок себя в плане организованности, ответственности и своих реальных возможностей. Мы готовы предложить: Работу в Государственном учреждение: Это надежная и стабильная занятость с официальным трудоустройством и полным соблюдением Трудового Кодекса Российской Федерации и карьерными перспективами. Своевременную и конкурентную заработную плату: окладная часть + премии Суточный график работы: 1/3, возможны изменения, ротация в зависимости от загруженности. Динамичную профессиональная деятельность: Работа в области, где каждый день вы оказываете поддержку людям - это возможность помогать и быть полезным. Обучение и сопровождение коллег на всех этапах работы: Мы создали центр обучения и развития, чтобы вы могли стать настоящим профессионалом в своей области Лояльное руководство и дружелюбный коллектив готовые поддержать вас на всех этапах работы. Цели / задачи ГБУ МО «ЦМУ»: консультирование и информирование граждан по вопросам погребения и похоронного дела, ритуальное обслуживание населения на территории Московской области.",https://hh.ru/vacancy/125310515
Менеджер по сопровождению продаж,Олимп Клиник,150.0,150.0,,,,От 1 года до 3 лет,ТК,5/2,,"форма, скидки","Сервисное сопровождение и поддержка; Полное ведение и поддержание отношений с действующими корпоративными клиентами (юридическими лицами) и страховыми компаниями; Консультирование партнеров по услугам медицинского центра, акциям и условиям договоров; Решение нестандартных и спорных ситуаций, работа с входящими запросами; Договорная и административная работа; Подготовка, согласование и продление договоров; Контроль платежей и задолженностей по договорам; Подготовка актов выполненных работ, счетов и счетов-фактур; Ведение первичной документации и документооборота; Аналитика и отчетность; Формирование регулярных отчетов по оказанным услугам для партнеров; Ведение учета в CRM-системе; Анализ потребностей клиентов и подготовка данных для разработки персональных предложений; Взаимодействие с бухгалтерией, call-центром и медицинскими подразделениями для координации процессов. Что мы хотим видеть в Вас: Опыт работы на аналогичной должности (менеджер по работе с клиентами, администратор, специалист отдела документооборота) от 1 года. Приветствуется опыт в медицине, страховании или сфере услуг; Грамотная устная и письменная речь — обязательное условие; Навыки уверенного пользователя ПК; Excel (обязательно уверенный пользователь): сводные таблицы, фильтры, ВПР (VLOOKUP), условное форматирование; Word: создание и оформление документов; PowerPoint: создание простых презентаций; Опыт работы с CRM-системами и 1С будет серьезным преимуществом; Внимательность к деталям, аккуратность в работе с документами и цифрами; Клиентоориентированность, умение общаться с клиентами и решать их вопросы; Исполнительность, ответственность и способность работать в команде.",https://hh.ru/vacancy/125325622
Ведущий специалист по работе с клиентами,ЖелДорЭкспедиция,48.0,48.0,,,,От 1 года до 3 лет,ТК,5/2,,"обучение, транспорт",оформление транспортных документов Приём звонков консультация клиентов кассовые операции предоставление отчетности,https://hh.ru/vacancy/125449400
Менеджер по продажам,ВТО Х,65.0,130.0,,,,Более 6 лет,ТК,5/2,,форма,"Проведение презентаций по продукту и переговоры с клиентами на вверенной территории Экспертное знание продукции Привлечение, развитие и контроль клиентов.",https://hh.ru/vacancy/124578265
Менеджер по продажам (удалённая работа),Fast magic agency,110.0,,,,,От 1 года до 3 лет,ТК,5/2,2 раза в месяц,форма,Звонить потенциальным клиентам и знакомить их с нашим продуктом. Закрывать сделки и выполнять план продаж. Вести базу в AmoCRM и...,https://hh.ru/vacancy/125288290
Менеджер по работе с клиентами,Соворотка,50.0,70.0,,,,От 1 года до 3 лет,ТК,5/2,,скидки,"Вести продажи. Отвечать на обращения клиентов: соцсети, почта, мессенджеры, звонки. Принимать и оформлять заказы, оплаты, возвраты. Вести отчетность в CRM и таблицах. Сопровождать заказы от «Привет!» до «Спасибо, супер!», собирать обратную связь.",https://hh.ru/vacancy/125238595
"Региональный менеджер по продажам по территории – ЦФО, СЗФО , ПФО , ЮФО",НЦС-ХАБАРОВСК,130.0,,,,,От 1 года до 3 лет,ТК,5/2,,"бонус, обучение","Развитие действующих клиентов (региональные сети , дистрибуторы), направление на увеличение представленности в регионе, увеличение объема продаж и прибыльности в закрепленном регионе; • Поиск и привлечение новых клиентов; • Планирование продаж; аналитика продаж; • Управление дебиторской задолженностью; • Контроль бесперебойных поставок товара клиентам;",https://hh.ru/vacancy/125382497
Специалист по работе с клиентами,ПКО НСВ,40.0,65.0,,,,Нет опыта,ТК,"2/2, 5/2",Ежемесячно,"ДМС, форма, обучение","Ведение телефонных переговоров с клиентами банка (без поиска и продаж, без холодных звонков). Консультирование по способам оплаты. Занесение информации в...",https://hh.ru/vacancy/120209415
Менеджер по работе с клиентами (брокерская деятельность),Ньютон Инвестиции,,,,,,От 1 года до 3 лет,ТК,5/2,,"ДМС, обучение","Работать как с клиентской базой брокера, так и привлекать новых клиентов Продавать инвестиционные продукты Формировать клиентский портфель Совершать звонки действующим клиентам компании Что для этого потребуется: Образование : высшее/неоконченное высшее Базовые знания рынка ценных бумаг и интерес к этой сфере Опыт продаж по телефону (финансовых продуктов - как преимущество) Активная жизненная позиция и стремление узнать что-то новое",https://hh.ru/vacancy/123136928
Менеджер по продажам (B2B),IBMM,250.0,1200.0,,,,От 1 года до 3 лет,ТК,5/2,,обучение,"Работа с исходящей теплой базой клиентов, а также в дальнейшем работа по входящим заявкам. Проведение телефонных переговоров и встреч с...",https://hh.ru/vacancy/125248272
Региональный менеджер по продажам,Штурм,230.0,,,,,От 1 года до 3 лет,ТК,5/2,,"форма, бонус, обучение","Ведение действующей клиентской базы (СЗФО, ПФО). Расширение активной клиентской базы на вверенной территории ( СЗФО, ПФО). Поиск и привлечение к сотрудничеству...",https://hh.ru/vacancy/124483491
Менеджер по оптовым продажам (автомасла),ККМ,100.0,,,,,От 1 года до 3 лет,ТК,5/2,,подарки,"Развитие и расширение клиентской базы компании; Проведение переговоров с потенциальными клиентами, заключение договоров; Ведение активных продаж продукции компании; Выполнение планов по объемам продаж и прибыли; Анализ рынка, мониторинг конкурентов и тенденций отрасли; Поддержание долгосрочных отношений с ключевыми клиентами; Участие в выставках, конференциях и других мероприятиях для продвижения продукции; Подготовка коммерческих предложений и презентационных материалов; Взаимодействие с другими отделами компании для обеспечения высокого уровня обслуживания клиентов.",https://hh.ru/vacancy/124545640
Менеджер по продажам (на входящий трафик),Delo Beauty,150.0,250.0,,,,От 1 года до 3 лет,ТК,5/2,,бонус,"Прием и обработка входящего потока заявок. -Удержание клиентов, ведение переговоров с ними, выстраивание долгосрочных деловых отношений. -Работа с существующей базой. -",https://hh.ru/vacancy/125157609
"Менеджер по продажам (онлайн, без поиска клиентов, официальное трудоустройство, оклад)",Ренессанс+,200.0,,,,,От 1 года до 3 лет,ТК,5/2,,"форма, обучение","Мониторинг и анализ рынка недвижимости; Ведение клиентов в amoCRM ( только горячие и целевые лиды ); Проведение онлайн-презентаций и участие в показах объектов; Полное сопровождение сделки: координация процесса бронирования, подбор ипотеки и оформление документов; Выполнение KPI; Ведение отчетности и соблюдение регламентов. Мы готовы рассмотреть ваше резюме, если вы: Имеете успешный опыт в прямых продажах B2C от 1 года Владеете грамотной устной и письменной речью Готовы работать строго по скриптами нашей компании Владеете ПК и любой CRM-системой (amoCRM, Bitrix24 и др.). Вашим преимуществом будет: Опыт работы в сфере недвижимости Ждем ваших откликов! Просто нажмите кнопку &quot;Откликнуться&quot; на этой странице, и мы свяжемся с вами в течение 1 рабочего дня.",https://hh.ru/vacancy/125362210
Менеджер по продажам,Маняпова Румия Равильевна,100.0,400.0,,,,От 1 года до 3 лет,ТК,5/2,,"премии, обучение","Поиск и привлечение клиентов; Презентация продуктов и услуг; Встречи и переговоры; Ведение проекта, контроль; Взаимодействие с дизайнерами и прорабами.",https://hh.ru/vacancy/125474202
Sales manager,SHCH,,200.0,,,'2-5,От 1 года до 3 лет,ТК,2/5,,,"Люди с запросом на рост и глубину, без воды и поверхностности. — Продавать. Самому. Включаться, закрывать. — Погружаться в продукт, вникать в...",https://hh.ru/vacancy/124563555
Менеджер по работе с клиентами,Вудсток,120.0,,,,,От 1 года до 3 лет,ТК,5/2,,обучение,"Работа с текущей клиентской базой (без холодных звонков и поиска); Обработка заявок по электронной почте; Консультирование по стоимости, наличию и срокам изготовления; Расчет стоимости материала; Формирование заявок в 1С; Контроль документооборота.",https://hh.ru/vacancy/125423774
"Менеджер по продажам (спецодежда, СИЗ)",СА Родияр,130.0,,,,,От 1 года до 3 лет,ТК,5/2,,"спецодежда, обучение","Развитие отношений с действующими клиентами(без холодного поиска); Проведение переговоров с клиентами; Подготовка коммерческого предложения; Проведение презентации продукта или услуг клиенту; Работа с входящими-исходящими звонками, заключение сделок; Подготовка документов по тендерным заявкам, участие в тендерных мероприятиях, оформление и сопровождение заказов в 1С, организация и сопровождение отгрузки товара со склада; Работа с CRM системой. Наши ожидания: Опыт продаж по направлению &quot;Спецодежда&quot;- будет Вашим преимуществом ; Навыки продаж и переговоров; Владение MS Office, CRM, 1C; Аккуратность, внимательность, четкость исполнения, хорошая обучаемость, готовность принимать изменения.",https://hh.ru/vacancy/123069832
Менеджер по продажам/Клиент-менеджер,Центр ДНК Тест,80.0,,,,,От 1 года до 3 лет,ТК,5/2,,бонус,"Обрабатывать «теплую» базу заявок — звонить клиентам, заинтересованным в наших услугах. Записывать клиентов на прием в лабораторию — простая и важная задача. ",https://hh.ru/vacancy/123455221
Региональный менеджер по продажам,АрБиПи,80.0,150.0,,,,От 1 года до 3 лет,ТК,5/2,,"бонус, бонусы, обучение","Работа с клиентами: поддержка постоянных региональных заказчиков и расширение сети корпоративных клиентов, активная телефонная коммуникация, ведение базы клиентов в CRM...",https://hh.ru/vacancy/124701840
Менеджер по продажам,Терра Вуд,100.0,,,,,От 1 года до 3 лет,ТК,5/2,,"подарки, обучение","Активный поиск и привлечение новых заказчиков (будете подключены к входящим лидам); Анализ перспективных направлений для расширения клиентской базы; Переговоры с заказчиками, выявление потребностей, периодические встречи с клиентами (выезды на производства); Консультации заказчиков по телефонным обращениям и прием заказов от них; Подготовка коммерческих предложений; Оформление счетов, заявок; Контроль отгрузок; Полное сопровождение сделок; Работа в программе 1С;",https://hh.ru/vacancy/124808538
Менеджер по продажам,Компания Сибпромресурс,100.0,,,,,От 1 года до 3 лет,ТК,5/2,,"форма, бонус",Активное продвижение и продажа продукции компании. Внедрение линейки трубопроводной арматуры и насосов. Проведение встреч и переговоров с клиентами. Поддержание и развитие долгосрочных отношений с клиентами. Участие в командировках для расширения клиентской базы.,https://hh.ru/vacancy/125186476
Менеджер по работе с клиентами,USTA Hotels,80.0,110.0,,,,От 1 года до 3 лет,ТК,5/2,,"питание, бесплатное питание, обучение, кофе","работа со входящими заявками на проведение мероприятия (физ и юр лица) ведение переговоров, обсуждение деталей мероприятия, составление смет, передача заявки в банкетную службу проведение презентаций и дегустаций потенциальным и постоянным заказчикам составление КП, заключение договора, контроль оплат, работа с закрывающими документами активное привлечение новых клиентов",https://hh.ru/vacancy/125192776
Менеджер по оптовым продажам,Флагман,150.0,450.0,,,,От 1 года до 3 лет,ТК,5/2,,,Развитие и поддержание долгосрочных отношений с клиентами. Поиск и привлечение новых клиентов. Проведение переговоров и заключение договоров. Анализ рынка и конкурентной среды. Подготовка коммерческих предложений и презентаций. Контроль выполнения договорных обязательств.,https://hh.ru/vacancy/125435346
Менеджер по продажам,РУСИМПОРТ,100.0,300.0,,,,От 1 года до 3 лет,ТК,5/2,2 раза в месяц,обучение,"Проведение телефонных переговоров и презентацию услуг компании потенциальным клиентам (B2B); - Обработка входящих заявок клиентов; - Сопровождение клиентов: от первого касания до повторной сделки; - Поддержание долгосрочных отношений с клиентом; - Работа в CRM - системе; - Формирование коммерческих предложений. НАШИ ПОЖЕЛАНИЯ: - Успешный опыт в продажах от 1 года; - Навыки делового общения и ведения переговоров; - Ответственность, самоорганизация, нацеленность на результат; - Уверенный пользователь ПК; - Наличие компьютера, гарнитуры, стабильного интернета, тихого рабочего места. Оставляй отклик и до встречи на собеседовании!",https://hh.ru/vacancy/124604948
Sales Manager,Латышев Евгений Витальевич,,,,,,Нет опыта,ТК,6/1,,,"Опыт в продажах от 6 месяцев (онлайн-чаты, звонки, e-commerce, услуги, колл-центр). Умение работать не только по скриптам...",https://hh.ru/vacancy/125296844
Менеджер по продажам,ПЗХ СИНЭК,100.0,150.0,,,,Более 6 лет,ТК,5/2,2 раза в месяц,,"Исследование рынка; Исследование конкурентов; Планирование рекламы, командировки, участие в выставках, форумах поиск потенциальных клиентов ведение коммерческих переговоров с клиентами участие в тендерных процедурах осуществление приема и обработки заказов клиентов, оформляет необходимые документы выяснение потребностей клиентов в продукции, реализуемой компанией, и согласование заказов с клиентами в соответствии с его потребностями и наличием ассортимента мотивация клиентов на работу с компанией в соответствии с утвержденными программами по стимулированию сбыта заключение договоров на поставку продукции",https://hh.ru/vacancy/125448045
Менеджер по работе с клиентами/Финансовый менеджер (входящие заявки),Мскинвестфинанс,150.0,350.0,,,,Нет опыта,ТК,5/2,,обучение,"Подбирать оптимальные кредитные предложения из базы партнёров; - Вести переговоры, консультировать клиентов, заключать сделки; - Сопровождать клиента до момента получения денежных средств; - Работа в Amo CRM; - Телефонные продажи. Наши преимущества: - Горячий поток клиентов – заявки ежедневно ; - Полное обучение: корпоративный университет, тренеры по продажам; - Карьерный рост – возможность стать руководителем группы; Вакансия подойдёт кандидатам с опытом работы в банковской сфере: Альфа Банк, ВТБ, Сбер, Тинькофф и другие..",https://hh.ru/vacancy/123835493
Менеджер по работе с клиентами в химчистку,Cалон-химчистка ЛАНСАДА,130.0,130.0,,,,Нет опыта,ТК,5/2,,,прием и выдача вещей работа с терминалом безналичного расчета,https://hh.ru/vacancy/124382819
Менеджер по продажам в переписке (Честный знак),Серт-Маркет,70.0,130.0,,,,От 1 года до 3 лет,ТК,5/2,2 раза в месяц,,"Консультирование клиентов по маркировке товаров (легпром, молочка, вода, обувь и др.) — 70% переписка, 30% звонки; Работа в Честном ЗНАКе: регистрация, генерация, проверка и загрузка кодов; Сбор, проверка и сопровождение документации; Поддержка клиентов до завершения процесса маркировки; Ведение данных в amoCRM и Google Таблицах. Ты нам подойдешь, если : Опыт 1+ год в маркировке товаров или работе с разрешительной документацией (обязательно!); Отличное знание Честного ЗНАКа и требований к маркировке; Умение работать с гос. системами (ФГИС, ЭДО, ОФД) и понимание полного цикла от запроса до маркировки; Навыки деловой переписки, грамотная речь, внимательность к деталям; Уверенное пользование amoCRM, Google Таблицами, ПК. Мы готовы предложить: Удалённая работа с гибким началом дня (с 8:00 до 10:00 по МСК); Фикс + % с проекта, выплаты 2 раза в месяц; Наставничество и поддержка; Возможность вырасти в методолога или руководителя направления. 👉 Отправляйте резюме с пометкой «Честный ЗНАК» и кратко расскажите о вашем опыте работы с маркировкой.",https://hh.ru/vacancy/125420434
Менеджер по продажам в интернет-магазин женской одежды,Интернет-магазин женской одежды,100.0,,,,,От 1 года до 3 лет,ТК,"2/2, 5/2, 3/2",2 раза в месяц,,Работа со входящими запросами от клиентов онлайн Оформление и ведение заказов Консультирование действующих и потенциальных клиентов об услугах компании. Взаимодействие со смежными подразделениями: логистикой и складом. Работа в шоу-руме с клиентами,https://hh.ru/vacancy/124992498
Менеджер по продажам,GIDRO+,70.0,,,,,От 1 года до 3 лет,ТК,5/2,,"форма, обучение","Вовремя и своевременно отвечать на входящие запросы; Консультация клиентов по наличию товара на складе; Создание своей клиентской базы Холодные звонки, активные продажи Подготовка коммерческих предложений, выставление счетов из программы 1С, согласование договоров, прием и оформление заказов; Планирование и контроль поставки продукции клиентам по оплаченным заказам; Аналитика информации о потенциальных клиентах и новых сегментах рынка.",https://hh.ru/vacancy/125373075
Менеджер по развитию продаж,МАК МАРТ,120.0,160.0,,,,От 1 года до 3 лет,ТК,"30/50, 5/2",,"бонус, бонусы","работа с существующей клиентской базой;, поиск и привлечение новых клиентов‚ ведение переговоров с клиентами‚ проведение презентаций и семинаров, участие в выставках‚ посещение выставок.",https://hh.ru/vacancy/125381073
Менеджер по работе с клиентами,Рудинская Елена Владимировна,80.0,180.0,,,,От 1 года до 3 лет,ТК,5/2,,обучение,"работа с постоянными клиентами компании; обработка входящих заявок ; оформление заказов покупателей в 1С; выполнение планов продаж; полное сопровождение сделок; активные продажи, расширение клиентской базы. контроль дебиторской задолженности покупателей;",https://hh.ru/vacancy/125411329
Менеджер по продажам (БЕЗ ХОЛОДНЫХ ЗВОНКОВ И ПОИСКА КЛИЕНТОВ),Подольский оконный завод,100.0,,,,,Нет опыта,ТК,5/2,,обучение,"Продажа светопрозрачных конструкций - Консультирование клиентов по товару, акциям, скидкам - Заключение договоров - Введение клиентской базы",https://hh.ru/vacancy/124527515
Менеджер по продажам мебели (входящие заявки)/Оператор,Норд-Мебель,100.0,120.0,,,,От 1 года до 3 лет,ТК,"2/2, 5/2",,"бонус, бонусы","– обработка входящих заявок на заказ мебели – консультирование клиента по телефону и в мессенджерах – представление компании с сильных сторон – выявление потребностей клиента – составление предварительного проекта – предоставление приблизительного расчета – вывод клиентов на замер – передача заявки на замер дизайнерам – контроль замеров дизайнеров – помощь дизайнерам в работе после замера (в случае непродажи повторно выйти на связь с заказчиком – не кидать клиента) Идеальный кандидат: - Имеет опыт работы от года (менеджер по продажам / оператор колл-центра); - Уверенно общается с клиентами; - Умеет эффективно работать с возражениями; - Стремится к профессиональному и карьерному росту; – желание не только продать, но и помочь клиенту; – умение работать в CRM Битрикс (будет вашим преимуществом); ​​​​​​​- Понимание и знание мебельной индустрии или смежных отраслей, желательно. Требования к оборудованию: Компьютер или ноутбук; Головная гарнитура; Стабильный интернет; Отсутствие постороннего шума.",https://hh.ru/vacancy/125269352
Менеджер по работе с клиентами,"Пивоваренный дом Бавария, ГК",,,,,,От 1 года до 3 лет,ТК,5/2,,форма,"техническая работа по заполнению шаблонов коммерческих предложений, кодировочных файлов продукции, шаблонов спецификации; контроль обновления информации по продуктам; составление и заполнение шаблонов договоров; информационная рассылка; сбор информации, формирование отчетности (в том числе в 1С); работа с потенциальными покупателями (переписка, переговоры); коммуникация с подразделениями компании; акты сверок.",https://hh.ru/vacancy/125324471
Менеджер по продажам B2B(входящие заявки),ТехноРедуктор Урал,130.0,160.0,,,,От 1 года до 3 лет,ТК,5/2,2 раза в месяц,"бонус, бонусы, обучение","Работать с входящими заявками от телемаркетинга и интернет рекламы. Работать с базой клиентов, закрывать на продажу. Контролировать получение оплаты до...",https://hh.ru/vacancy/125346284
Менеджер по продажам,Recruit Place,100.0,,,,,От 1 года до 3 лет,ТК,5/2,,форма,"Обрабатывать входящие заявки и превращать их в успешные сделки. Совершать касания с клиентами по тёплой и холодной базе, искать новых лидов. Вести переписку с клиентами в чатах (Telegram, мессенджеры, e-mail). Проводить онлайн-встречи с клиентами (Zoom), презентовать услуги агентства. Работать в CRM Bitrix24: вести сделки, задачи и документы. Кого мы ищем: Ориентация на результат: планы продаж вас мотивируют. Отличные навыки переговоров и умение отрабатывать возражения. Быстрая обучаемость, готовность к активным коммуникациям. Будет плюсом знание рынка маркетплейсов (Wildberries, Ozon). 💡 Нам важны не только цифры, но и отношения. Если Вы готовы развиваться в сфере продаж, то скорее оставляйте отклик!",https://hh.ru/vacancy/125358108
Менеджер по продажам,Ковалев Артём Алексеевич,70.0,,,,,От 1 года до 3 лет,ТК,"3/3, 2/2",,,Активные продажи мебели и оформление заказов. Ведение переговоров и консультирование клиентов по ассортименту и условиям покупки. Поддержание и развитие долгосрочных отношений с клиентами. Инвентаризация и контроль наличия товара на складе. Ведение документации и отчетности по продажам.,https://hh.ru/vacancy/125403868
Account Manager / Affiliate (iGaming),Azura Infinity,,,,,,От 1 года до 3 лет,ТК,5/2,,форма,Вести и развивать отношения с текущими вебмастерами и аффилиатами. Укреплять сотрудничество с приоритетными партнёрами. Возвращать к активности ранее работающих вебмастеров. ,https://hh.ru/vacancy/125233380
Младший менеджер по продажам на маркетплейсах,ПКК ВЕСНА,,,,,,Нет опыта,ТК,5/2,,,"Заполнение карточек в личных кабинетах на ВБ, ОЗОН Сопровождение отгрузок, взаимодействие с логистом/складом для обеспечения своевременных поставок на маркетплейсы Формирование отгрузок в личном кабинете на маркетплейсах Контроль приема поставок, работа с возвратами, актами приемки товаров Отслеживание остатков товаров на складах и формирование потребности для отгрузок Взаимодействие с тех. поддержкой маркетплейсов Выполнение поручений менеджеров по продажам на маркетплейсах",https://hh.ru/vacancy/125327651
Помощник менеджера отдела продаж,Бизнес Группа МВМ Летруа,53.0,63.0,,,1.0,Нет опыта,ТК,5/2,,,"Оформлять заказы в программе CRM (по шаблону). Подготовка договоров, счетов, актов и других документов, а также ведении документооборота. ",https://hh.ru/vacancy/125329007
Менеджер по продажам,ВЕКТОР,90.0,130.0,,,,Нет опыта,ТК,5/2,,форма,"Работа с новыми и действующими клиентами, ведение деловой переписки, переговоры по телефону. Проработка заявок клиента, работа в связке с отделом закупок. Оформлять КП, выставлять счета, заключать договора, управлять скидками для клиентов. Ведение финансового учета по своим клиентам, контроль дебиторской задолженности. Контроль отправки груза клиенту.",https://hh.ru/vacancy/125355272
Менеджер по продажам,Гидро-система,150.0,250.0,,,'2-6,От 3 до 6 лет,ТК,"5/2, 6/1",,,"Анализ рынка своего региона по нашей сфере; Установление новых контактов и налаживание отношений с действующими клиентами; Формирование партнерств. Твоим преимуществом будет, если: Есть высшее техническое образование (автомобильное — большой плюс); Знаешь устройство автомобиля; Имеешь опыт в продажах автозапчастей. Присоединяйтесь к команде единомышленников, развивайтесь и зарабатывайте вместе с нами!",https://hh.ru/vacancy/125371026
Старший менеджер/специалист по работе с клиентами,LGR Solar,190.0,,,,,Нет опыта,ТК,5/2,,форма,"Работа со входящими/исходящими заявками, поддержка и активное развитие текущей базы клиентов. Сопровождение клиентов на всех этапах: Проводить встречи, деловые...",https://hh.ru/vacancy/120363188
Менеджер по продажам,ЭКСПРУС,200.0,450.0,,,,От 1 года до 3 лет,ТК,5/2,,"бонус, бонусы","Обработка входящих заявок (тёплые клиенты) и холодные звонки (с готовыми скриптами). Работа с текущей клиентской базой. Подготовка КП и подбор экспертов из нашей базы. Почему стоит выбрать нас: Чёткая система KPI , всё видно заранее — сколько заработаешь, и за что. На старте фиксировано Вы получите от 70 000 до 110 000 — сумма зависит от того, как пройдёте финальное интервью с решением кейса. Реальный доход менеджера от 200 000 до 450 000. Дополнительно предусмотрены квартальные бонусы и 13-я зарплата по итогу года. Регулярные мотивационные конкурсы с материальными призами — от денежных бонусов до ценных подарков. Продукт с высокой конверсией — более 30 % заявок превращаются в сделки. Стабильность: зарплата всегда вовремя, ни одного сбоя за всё время работы компании. Реальный карьерный рост - возможность вырасти до руководителя отдела уже через 8 месяцев. Сильный и вовлечённый руководитель: научит, покажет, будет наставником и партнёром в твоём росте. Выездные мероприятия: не только работа, но и классные встречи, где вы реально сближаетесь с командой. Условия работы у нас: Трудовой договор - оформление с первого дня. График работы: 5/2, с 09:00 до 18:00, в пятницу с 09:00 до 17:00. Если хочешь не просто &quot;работу&quot;, а причастность — тебе к нам. Откликайся и наш менеджер свяжется в течении 40 минут!",https://hh.ru/vacancy/125313130
Менеджер по работе с клиентами,Лесовик,60.0,,,,,От 1 года до 3 лет,ТК,"5/2, 8/30",,обучение,Работать с клиентами в торговом зале. Работать с терминалом и кассой. Выкладка товара/обновление ценников на витринах. Помощь в погрузке...,https://hh.ru/vacancy/124811567
Менеджер оптовых продаж (крупный опт),К-Трейд,140.0,,,,'9-18,От 1 года до 3 лет,ТК,5/2,,"бонус, скидки","Работа с действующей (горячей) дилерской базой (за менеджером закрепляются отдельные регионы, которыми он управляет лично). Привлечение новых оптовых Клиентов (уверенные продажи круглый год за счет ассортимента (весна/лето - кондиционеры, осень/зима - тепловое оборудование)) Развитие партнерской сети в новых регионах Управление продажами вверенных регионов Ведение полного цикла продаж (поиск, подготовка коммерческого предложения, ведение переговоров, заключение договора, сопровождение клиента, контроль исполнения и оплаты) Работа в CRM (Битрикс) Продвижение брендов компании Выполнение поставленных планов и задач Улучшение лояльности Клиентов",https://hh.ru/vacancy/125376452
Менеджер по продажам,Янтарное,100.0,200.0,,,,От 1 года до 3 лет,ТК,5/2,,"бонус, бонусы, обучение, кофе","поддержание и развитие существующей клиентской базы; активный поиск новых клиентов, подключение новых торговых точек; активное продвижение продукта (разливные напитки, безалкогольные напитки) на рынке, презентация; ведение переговоров , заключение договоров на поставку продукции; сбор заявок на поставку продукции; выполнение плана продаж; контроль дебиторской задолженности.",https://hh.ru/vacancy/125386402
Менеджер по продажам автозапчастей ( Академический ),Автосервис Kardan,150.0,,,,,От 3 до 6 лет,ТК,6/1,,,Продажа автозапчастей и услуг автосервиса Работа с клиентом (ведение процесса ремонта автомобиля) Запись клиентов,https://hh.ru/vacancy/125290768
Менеджер по продажам,2Лекс,180.0,250.0,,,,От 1 года до 3 лет,ТК,5/2,,"форма, бонус, бонусы, скидки, обучение","Ты не ""холодный"" <highlighttext>продажник</highlighttext> — все клиенты уже заинтересованы в услуге (никаких холодных звонков!).  Не нужно вести клиента до конца — после...",https://hh.ru/vacancy/121746263
Менеджер по оптовым продажам (beauty),SERGEY NAUMOV BEAUTY,150.0,,,,,От 1 года до 3 лет,ТК,5/2,,кофе,"Развитие текущих и привлечение новых клиентов (холодный поиск): салоны красоты, магазины профессиональной косметики, и.т.д. Организация и проведение встреч...",https://hh.ru/vacancy/124828870
Менеджер по продажам,ADAMCHINA,100.0,170.0,,,,От 3 до 6 лет,ТК,5/2,,форма,"1. Привлечение новых клиентов • Самостоятельный поиск потенциальных клиентов через холодные контакты, соцсети, мессенджеры и другие каналы. • Использование креативных подходов для привлечения внимания и интереса к компании. 2. Ведение переговоров и продаж услуг компании • Презентация услуг: выкуп товаров из Китая, доставка карго, доставка «в белую», «карго» • Сопровождение сделки до её завершения и получения оплаты. 3. CRM и учёт клиентов • Внесение новых лидов в CRM (AMO), контроль этапов сделки. • Отслеживание прогресса по каждому клиенту, отчетность по новым контактам. 4. Креативные подходы к продажам • Создание интересных писем, звонков и сообщений для новых клиентов. • Разработка продающих сценариев общения и презентаций компании. ⸻",https://hh.ru/vacancy/125029724
Менеджер по продажам,Sound Partner,90.0,130.0,,,,От 1 года до 3 лет,ТК,5/2,2 раза в месяц,,"Обрабатывать входящий поток заявок : звонки после кол-центра, лиды с сайта, лиды от региональных менеджеров. Проводить переговоры, выявлять потребности, предлагать оптимальное решение. Совместно с нашим музыкальным менеджером подбирать жанры, плейлисты и концепцию звучания для каждого клиента. Закрывать клиентов на составление КП и сделку. Вести сделки в amoCRM: от лида до подписанного договора и запуска музыки. Согласовывать подключение и контролировать процесс запуска. Что важно для нас: Опыт в продажах от 1 года (B2B приветствуется). Умение выстраивать долгосрочные отношения с клиентами. Готовность учиться музыкальной тематике и нюансам работы с РАО/ВОИС. Уверенный пользователь ПК, Google Docs, CRM (желательно amoCRM). Энергичность, коммуникабельность, инициативность. Опыт в HoReCa, медиа или музыкальной индустрии будет плюсом, но не обязателен. Что предлагаем: Средний доход от 90 000 ₽ (оклад + % + KPI). За нового подключённого клиента — повышенный процент . Менеджер формирует собственную клиентскую базу и получает постоянный процент с её работы . Клиента платит подписку ежемесячно Выплаты 2 раза в месяц. График 5/2, 10:00–19:00, полностью удалённо. Удобная amoCRM с IP-телефонией и встроенными чатами. Продукт, за который не стыдно: стильная, легальная музыка, которую любят гости. Молодая, дружная команда и доступ к жизни нашей студии звукозаписи. Если вы дочитали до конца и чувствуете, что хотите к нам — напишите в отклике «Хочу в команду» и добавьте 3 причины, почему именно вас стоит рассмотреть . Это поможет нам понять вашу мотивацию и внимательность.",https://hh.ru/vacancy/125268308
Менеджер по продажам (отель 4*/Sales Manager),Отель Глинц,100.0,,,,,От 1 года до 3 лет,ТК,5/2,,питание,"Проведение анализа текущих показателей деятельности, прогнозирование выручки и достижение целевых показателей Сопровождение работы онлайн-каналов продаж (ОТА): заключение/продление договоров, настройка и обновление данных и фотоматериалов в личных кабинетах, проверка отчетов, решение спорных вопросов по бронированиям Активный поиск новых клиентов и партнеров, проведение встреч и инспекций отеля Подготовка коммерческих предложений и заключение/продление договоров с потенциальными клиентами, работа с входящими заявками, посещение профильных выставок, онлайн и офлайн мероприятий Ожидания от кандидата: Опыт работы на аналогичной позиции Желательно свободное владение английским языком Знание работы PMS систем (желательно Logus) Аналитический склад ума Ориентация на результат, хорошие коммуникативные навыки, умение работать в команде Продвинутый пользователь Excel",https://hh.ru/vacancy/125373043
Менеджер по продажам на производство,Глушенков Николай Владимирович,150.0,350.0,,,,От 1 года до 3 лет,ТК,5/2,,,Обработка входящих запросов Самостоятельный поиск (приветствуется) Выстраивания постоянных взаимоотношений с клиентами Подбор продукции для клиента Подбор материала для клиента Расчет стоимости Сопровождение сделки,https://hh.ru/vacancy/125431013
Менеджер по продажам В2В/IT,HR KATOMINA,500.0,,,,,От 3 до 6 лет,ТК,5/2,,"бонус, обучение","Разработка и реализация стратегии продаж, выполнение kpi и плана продаж Соблюдение регламента продаж (обработка лидов, выявление потребностей, обработка возражений, презентация продукции) Подготовка коммерческих предложений, заключение договоров Участие в выставках и конференциях (представление компании на выставках и конференциях, установление новых деловых контактов) Если вы проактивный и организованный человек, строите свою карьеру в сфере продаж, умеете погружаться в продукт и не боитесь больших денег, смело откликайтесь на вакансию!",https://hh.ru/vacancy/125303808
Менеджер по продажам,ПТК Баринофф,150.0,250.0,,,,Нет опыта,ТК,5/2,2 раза в месяц,"премии, обучение","Поддержание партнёрских отношений с дилерами компании; Развитие дилерской базы, привлечение новых дилеров в компанию; Проведение личных встреч и переговоров; Формирование коммерческих предложений; Подготовка и согласование договоров;",https://hh.ru/vacancy/125310486
Менеджер по продажам,Комплектующие и складская техника,80.0,200.0,,,,От 1 года до 3 лет,ТК,5/2,,,Подбор и продажа запчастей и оборудования для спецтехники. Активное расширение клиентской базы и поддержание долгосрочных отношений с клиентами. Увеличение объемов продаж и выполнение планов продаж. Консультирование клиентов по вопросам выбора и эксплуатации техники. Ведение отчетности и анализ продаж.,https://hh.ru/vacancy/125416339
Менеджер по продажам ж/д перевозок,Новотэк,80.0,130.0,,,,От 1 года до 3 лет,ТК,5/2,,,Отрабатывать клиентов по готовой базе и точечные холодные звонки. Работа в CRM системе. Взаимодействие с клиентом на всех этапах цикла...,https://hh.ru/vacancy/124250082
Менеджер по работе с клиентами,NERA,153.0,,,,'1-3,От 1 года до 3 лет,ТК,1/3,,"бонус, кофе, чай","стать полноценным членом команды; оперативно обрабатывать входящие заявки от клиентов в регламентированный промежуток времени (без холодных звонков); быть внимательным и ценить клиентов; проектная деятельность, работа с техническим заданием; уметь договариваться с клиентами; уверенно себя чувствовать в режиме «многозадачности»; выставлять счёт клиентам; общаться с поставщиками; проводить личные встречи с клиентами и поставщиками в нашем офисе (редкий выезд); посещать тематические выставки и конференции; постоянно подкреплять знания об ассортименте товаров, а также функциональных возможностях применения оборудования; осуществлять развитие и мониторинг своей товарной категории; уверенно работать с ПК (ОС Windows, пакет MS Office). Дополнительные преимущества: опыт работы с холодными звонками; навыки работы с 1С, AmoCRM; опыт работы в технических сетевых магазинах (такие как &quot;М.Видео&quot;, &quot;Эльдорадо&quot;, &quot;ТехноСила&quot;, &quot;MediaMarkt&quot; и т.п.); достижения на предыдущих местах работы. Важно! Высылать резюме на эл.почту.",https://hh.ru/vacancy/125162449
Менеджер по работе с клиентами/Помощник руководителя,AURI GROUP,120.0,150.0,,,,От 3 до 6 лет,ТК,5/2,2 раза в месяц,"форма, премии","Выставление счетов и подготовка коммерческих предложений для отдела продаж; Полный цикл работы в 1С:Торговля и Склад 8.1; Проверка счетов и реализационных документов; Составление заявок на производство, пополнение складского запаса; Подготовка пакета документов для заключения договоров и их подписание (ТЗ, чертеж, Протокол разногласий, Протокол согласования цены, Спецификация), подписание пакета документов с контрагентами; Сбор информации по заданию руководителя, тематический мониторинг рынка; Ведение реестра документов, размещение информации на Яндекс Диске.",https://hh.ru/vacancy/125295233
Менеджер по продажам (B2C),Кресло Релакс,150.0,,,,,От 1 года до 3 лет,ТК,50/70,,форма,"Работать с текущими лидами. Закрывать сделки через звонки, переписки, онлайн-консультации. Дожимать клиента до покупки (никаких «я подумаю» — только результат). ",https://hh.ru/vacancy/125317867
Менеджер по продажам,ЮК Заря,100.0,,,,,От 1 года до 3 лет,ТК,5/2,2 раза в месяц,обучение,"Никаких холодных звонков - клиенты сами оставляют заявки на нашем сайте. ЧЕМ НЕОБХОДИМО ЗАНИМАТЬСЯ: Работать только с теплой базой клиентов, без...",https://hh.ru/vacancy/125444905
Менеджер по работе с клиентами.,BY business group (Бизнес-Юрист),100.0,,,,,От 1 года до 3 лет,ТК,5/2,,"премии, бонус, бонусы, подарки, обучение",Что делает <highlighttext>менеджер</highlighttext> <highlighttext>по</highlighttext> <highlighttext>работе</highlighttext> <highlighttext>с</highlighttext> <highlighttext>клиентами</highlighttext>. Подключение абонентов. Регистрация паспортных и биометрических данных. Консультации по тарифам и условиям. ,https://hh.ru/vacancy/125137518
"Менеджер по работе с клиентами (Комиссара Габишева, 36)",Bright Fit,90.0,,,,,От 1 года до 3 лет,ТК,2/2,2 раза в месяц,"бонус, бонусы, скидки, обучение",Осуществлять прямые и телефонные продажи клубных карт. Презентовать клуб для новых клиентов. Сопровождать действующих клиентов. Корректно вести клиентскую базу в...,https://hh.ru/vacancy/125308316
Менеджер по продажам (Разъездной),Промышленник,150.0,,,,,От 1 года до 3 лет,ТК,5/2,,,"Поддержка и развитие продаж; Проведение переговоров с клиентами; Подготовка коммерческих предложений; Проведение презентации продукта и/или услуг у клиента; Ведение полного цикла сделки: поиск и привлечение клиентов, заключение договоров; Ведение переговоров с ЛПР; Работа с дебиторской задолженностью. Требования Высшее образование; Опыт работы от 2 лет; Знание характеристик строительного оборудования(будет преимуществом); Навыки ведения переговоров на разном уровне; Знание 1С на уровне уверенного пользователя; Владение методами активного поиска клиентов; Знание технологии продаж и развития клиентов; Готовность к ежедневной выездной работе по Москве и МО",https://hh.ru/vacancy/125469037
Менеджер по продажам в t2 (Малая Сухаревская д.12),"Армада, группа компаний",80.0,,,,,Нет опыта,ТК,"4/2, 5/2, 2/2, 3/3",,,"продажей планшетов, смартфонов и аксессуаров к ним; Продавать мобильные телефоны, аксессуары и sim карты Консультировать клиентов на торговой точке; Начать карьеру в продажах — легко! P.S. Обрати внимание, что часть торговых точек находится на ремонте и только готовится к открытию. Поэтому будь готов к стажировке на другой точке. Но не стоит переживать — как только она откроется, мы СРАЗУ переведем тебя туда!",https://hh.ru/vacancy/124485976
Менеджер по работе с клиентами (сопровождение корпоративных клиентов),Greenway,150.0,,,,,От 1 года до 3 лет,ТК,"5/2, 10/15",2 раза в месяц,,"Сопровождение корпоративных клиентов Повторные продажи , контроль маржинальности перевозок",https://hh.ru/vacancy/125461841
Менеджер по сопровождению продаж,Элесар-Групп,90.0,,,,,От 1 года до 3 лет,ТК,5/2,,"ДМС, форма, премии","Помощь <highlighttext>менеджеру</highlighttext> <highlighttext>по</highlighttext> <highlighttext>продажам</highlighttext> в подготовке предложений, отчётов и коммерческих документов. Взаимодействие с действующими клиентами: общение с потенциальными и действующими...",https://hh.ru/vacancy/125317872
Менеджер по работе с клиентами,Еремин Антон Анатольевич,60.0,,,,,От 1 года до 3 лет,ТК,"30/17, 5/2",,форма,"Без прямых продаж; - Работа с действующей базой клиентов: запрос документации, формирование счетов, актов; - Общение с клиентами через мессенджеры и эл. почту (через СРМ); - Ведение протокола телефонных переговоров; - Заполнение и отправка КП, назначение встреч для руководителя; - Поиск информации на интернет-ресурсах; - Контроль движения сделок по СРМ.",https://hh.ru/vacancy/125372114
Специалист по работе с клиентами,Группа НЛМК,,,,,,От 1 года до 3 лет,ТК,5/2,,"ДМС, страхование, форма, подарки","Заключение и согласование договоров с клиентами; Прием заказов от клиентов и размещение их в производство; Мониторинг выполнения заказов и коммуникация с клиентами; Планирование и обеспечение отгрузки заказов клиентам; Взаимодействие с производственными подразделениями, логистикой, производственным планированием, юристами и другими функциональными направлениями; Участие в развитии автоматизации и оптимизации рабочих процессов; Участие в развитии клиентского сервиса. Для нас важно: Высшее образование (Экономика/маркетинг/металлургия); Опыт работы с клиентами B2B обязателен (администрирование, сопровождение продаж); Знание основ договорной работы, авто/жд/морской логистики (договор поставки, протокол разногласия, УПД, счет фактура); Знание MS Office (Excel на уровне сводных таблиц); Желательно знание SAP ERP, производственных MES системы, SAP C4C, SAP Commerce; Желательно знание и понимание металлургического производства или готовность погружаться в данную специфику; Желателен опыт оптимизации процессов, включая автоматизацию; Личные качества: способность планировать работу для достижения поставленных целей, ответственность, честность, внимательность, коммуникабельность. Работа в группе НЛМК- это: Гибридный формат работы (3 дня в офисе, 2 дня удаленно); Работа в международной сталелитейной компании с активами в России, США и странах Европы, с развитыми корпоративными ценностями и стандартами; Декретная ставка, оформление по ТК РФ, ежегодная индексация заработной платы, прозрачная система премирования; Программы заботы о здоровье: ДМС, страхование от НС и профессиональных заболеваний, диспансеризация, вакцинация; Корпоративные льготы: корпоративная сотовая связь, бесплатный доступ к электронной библиотеке, летние путёвки для детей, новогодние детские подарки, программы лояльности от партнеров, частичная компенсация стоимости питания, материальная поддержка сотрудников в различных жизненных ситуациях; Открытая корпоративная культура для новых идей и предложений; Уникальные технологические и инновационные проекты.",https://hh.ru/vacancy/125465550
Менеджер по продажам,Kosmo_place,60.0,,,,,От 1 года до 3 лет,ТК,2/2,,обучение,"Прием входящих звонков и сообщений от пациентов, их обработка - ⁠Консультирование пациентов по услугам клиники, акциям - Работа с существующей клиентской базой (без холодных звонков)",https://hh.ru/vacancy/124973355
Менеджер по работе с клиентами,Хорошие продукты,140.0,,,,,От 1 года до 3 лет,ТК,5/2,2 раза в месяц,"ДМС, питание, бесплатное питание, скидки","Сопровождение клиентов компании (без поиска); Подготовка и заключение договоров, дополнительных соглашений, коммерческих предложений. Просчет рентабельности заключаемых контрактов; Осуществление контроля исполнения договоров. Детальная проработка и согласование с клиентом ассортимента, условий и периодов поставки; Решение спорных вопросов с клиентами, работа с претензиями; Отслеживание прихода денежных средств от заказчиков, контроль дебиторской задолженности, возврата денежных средств, внесённых в качестве обеспечений заявок и исполнения контрактов. Наши пожелания: Высшее образование; Опыт работы на аналогичной должности от 2-х лет в части сопровождения клиентов; Работа в сфере продуктов питания будет вашим преимуществом; Уверенный пользователь ПК (знание Excel, желательно 1С: Управление торговлей); Отличные коммуникативные навыки, навыки ведения деловой переписки; Клиентоориентированность, умение устанавливать доверительные отношения с заказчиком.",https://hh.ru/vacancy/125286510
Менеджер по работе с клиентами,АМ-Развитие,100.0,130.0,,,,Нет опыта,ТК,5/2,,,Обработка заказов клиентов в 1С Ведение отчетности Сопровождение сделок до их закрытия Работа в СRM,https://hh.ru/vacancy/125421715
Менеджер по продажам,Новый дом,100.0,,,,'20-17,От 1 года до 3 лет,ТК,"5/2, 20/17",,"форма, бонус, бонусы, подарки, скидки, обучение",Продажи по телефону и в мессенджерах по готовой базе; Работа в CRM-системе; ✔️,https://hh.ru/vacancy/125468488
Менеджер по продажам,Совкомбанк Страхование,92.0,150.0,,,,Нет опыта,ТК,5/2,,ДМС,Придумывать креативные предложения для Клиентов — прояви свою фантазию. Поддерживать связь с Клиентами и помогать им решать вопросы — стань для них...,https://hh.ru/vacancy/121881538
Менеджер по работе с клиентами / менеджер по продажам в бьюти-индустрии,Медицина Рядом,90.0,150.0,,,,От 1 года до 3 лет,ТК,5/2,,форма,"Продажа услуг салона (эпиляция, перманент, аппаратный массаж, косметология и другие) Работа с входящими лидами по телефону и в мессенджерах (преимущественно мессенджерах). Проведение консультации по услугам потенциальным клиентам. Работа с текущей клиентской базой, совершение повторных продаж, продление абонементов.",https://hh.ru/vacancy/125002752
Менеджер по продажам в онлайн-школу,Love Cake,85.0,,,,,От 1 года до 3 лет,ТК,5/2,,"форма, обучение",Продавать обучение в нашей онлайн школе по горячей и тёплой базе в формате звонков и переписок. - Выполнять личный план по...,https://hh.ru/vacancy/125295205
Менеджер по продажам,Втк-Казань,90.0,,,,,Нет опыта,ТК,5/2,,обучение,"Работа с существующей базой клиентов и поиск новых клиентов Выявление потребностей, формирование ТКП, контроль оплаты и поставки товара. Подбор продукции под запросы клиента, предложение аналогов, работа с проектными организациями, заложение оборудования в проект. Подписание и ведение документации Работа в CRM",https://hh.ru/vacancy/125354661
Менеджер по работе с клиентами в офис / Офис менеджер,Дентал Бэйс,60.0,80.0,,,,От 1 года до 3 лет,ТК,5/2,Ежемесячно,"бонус, бонусы, подарки, обучение","Прием заказов от клиентов по телефону, WhatsApp, электронной почте Работа с существующей клиентской базой Информирование клиентов о текущих акциях компании, увеличивая лояльность Контроль первичной документации Составление маршрутных листов для курьеров Контролировать дебиторскую задолженность Выполнение поручений руководства Мы ожидаем от вас: Отличные коммуникативные навыки, умение находить общий язык с разными людьми Внимательность к деталям, ответственность, исполнительность Грамотная устная и письменная речь Владение программами Word и Excel на уровне уверенного пользователя Знание программы 1С УТ будет вашим преимуществом",https://hh.ru/vacancy/125375648
Координатор отдела продаж / менеджер сопровождения сделок,Иннерс Групп,70.0,100.0,,,,От 1 года до 3 лет,ТК,"15/45, 5/2",,"форма, бонус, обучение","Сопровождение сделки на всех этапах: - Формировать КП, Договоры и иную сопутствующую документацию по сделкам Взаимодействие с поставщиками, партнерами компании и торговыми организациями: - Запросы коммерческих предложений, оформление документации - Согласование скидок и индивидуальных условий поставки Обеспечение оперативного документооборота с клиентами и поставщиками: - Контроль подписания документов - Контроль возврата оригиналов документов Ведение CRM-системы (Bitrix24): - Скрупулезно контролировать ход процессов - Напоминание менеджерам о задачах Участвовать в работе команды: - Помогать менеджерам по продажам, следить за структурой сделок. - Участвовать в проектных задачах отдела продаж - Выполнение поручений руководителя От будущего коллеги мы ожидаем: Наличие опыта работы с документами от 1 года Знание программ Bitrix24 и 1С Отличные устные и письменные коммуникативные навыки, знание деловой этики Умение работать с большим объемом информации Организованность и внимание к деталям Законченное высшее образование Если вы готовы к новым вызовам и стремитесь совершенствовать качество здравоохранения, присоединяйтесь к нашей команде и вместе мы сделаем медицину лучше!",https://hh.ru/vacancy/125397851
Менеджер по продажам B2B,Аквилон,150.0,,,,,От 1 года до 3 лет,ТК,5/2,2 раза в месяц,"бонус, обучение, развозка","Активный поиск и привлечение новых клиентов, развитие долгосрочных партнерских отношений; Работа с входящими клиентами; Выход на ЛПР в компаниях потенциальных клиентов; Проведение коммерческих переговоров, заключение договоров; Обработка заказов клиентов по существующей клиентской базе, поддержание отношений с клиентами; Вести полный цикл сделки (в т.ч. в CRM Битрикс24); Анализ рынка и конкурентов, поиск новых возможностей для развития продаж; Вести отчеты о результатах своей работы; Контроль оплат и дебиторской задолженности. Ждем ваш отклик!",https://hh.ru/vacancy/117972403
E-Commerce Account Manager / E-commerce менеджер,Procter & Gamble,170.0,,,,,Нет опыта,ТК,5/2,Ежемесячно,"страхование, форма, бонус","Ведение переговоров с клиентами по расширению ассортимента, выкладке продукции и стратегиям продаж. Проведение регулярных обзоров результатов и реализация долгосрочных планов...",https://hh.ru/vacancy/120244643
"Менеджер по продажам B2B (IT-оборудование, без холодных звонков)",Карма Групп,300.0,350.0,,,,От 1 года до 3 лет,ТК,5/2,,"форма, бонус, обучение, кофе","Продвижение и продажа инфраструктурных аппаратных IT-решений (серверы, системы хранения данных, системы резервного копирования, сетевые решения). Работа в ""теплой"" клиентской...",https://hh.ru/vacancy/123320764
Менеджер по продажам,Снабсервис МС,250.0,750.0,,,1.0,Нет опыта,ТК,5/2,2 раза в месяц,,"НАРАБОТКА СВОИХ КЛИЕНТОВ по нашей готовой базе; Поддержание партнерских отношений с постоянными клиентами; Переговоры с клиентами, заключение договоров; Контроль и ведение оплаченных счетов;",https://hh.ru/vacancy/124490571
Региональный менеджер по продажам,7ЦВЕТОВ,150.0,,,,,От 1 года до 3 лет,ТК,5/2,,"ДМС, скидки, обучение, проезд","Активный поиск и привлечение профильных клиентов (звонки, разъезды по ПФО); Анализ рынка, мониторинг конкурентной среды; Подготовка коммерческих предложений, проведение переговоров, заключение договоров о поставках; Презентация компании с акцентом на её преимущества; Консультирование клиентов по ассортименту компании; Оперативное решение всех возникающих вопросов с клиентами;",https://hh.ru/vacancy/125328195
Менеджер по работе с клиентами,Райден,100.0,,,,,Нет опыта,ТК,2/2,,"премии, бонус, бонусы","Консультация клиентов по услугам аренды автомобилей (входящий поток клиентов, без поиска) - Выдача и прием автомобилей - Оформление документов, прием оплаты. Условия работы: Сменный график работы (2/2), с 9:00 до 21:00 Место работы: аэропорт Домодедово Оформление по ТК РФ с первого рабочего дня Конкурентный уровень ЗП (оклад, бонусы, ежегодная индексация, дополнительные премии) Тренинги Запланированный карьерный рост Богатая корпоративная жизнь! Ожидания от соискателя: - ЛЮБОВЬ К КЛИЕНТАМ /АВТОМОБИЛЯМ - знание английского языка будет преимуществом",https://hh.ru/vacancy/125169848
Менеджер по подбору и продаже запасных частей,СТАР-ПРОЕКТ,100.0,160.0,,,,От 1 года до 3 лет,ТК,5/2,,,"Подбор запасных частей по каталогу, учитывая индивидуальные потребности клиентов. Составление и оформление заказов покупателей. Ведение отчетности и документации. Поиск и взаимодействие с поставщиками при необходимости. Продажа запчастей и консультирование клиентов по ассортименту.",https://hh.ru/vacancy/125442357
Менеджер по продажам,ВЕСТЕРОС,150.0,300.0,,,,От 1 года до 3 лет,ТК,5/2,2 раза в месяц,"обучение, транспорт","работа с входящими запросами и привлечение новых клиентов проведение переговоров и прямые продажи подготовка коммерческих предложений и договоров сопровождение клиентов и решение возникающих вопросов контроль дебиторской задолженности выполнение плана продаж (месяц, квартал)",https://hh.ru/vacancy/124440840
Менеджер по продажам / Руководитель представительства,ГК Юником,100.0,140.0,,,,От 1 года до 3 лет,ТК,5/2,,"подарки, скидки","Управление операционной деятельностью обособленного подразделения (10% рабочего времени); Развитие продаж на вверенной территории (85% времени работа в полях); Ежедневные встречи с клиентами, в полях (15 клиентов в день); Активный поиск и привлечение новых клиентов, переговоры; Проведение презентаций‚ переговоров‚ подготовка коммерческих предложений; Заключение договоров‚ отслеживание условий их выполнения; Планирование продаж; Контроль поставок‚ оплаты‚ дебиторской задолженности; Выполнение планов продаж;",https://hh.ru/vacancy/125304489
Менеджер по работе с клиентами,Джи Эф Си,70.0,,,,,От 1 года до 3 лет,ТК,5/2,,"форма, подарки, скидки, обучение","Обработка заказов от действующих клиентов (рестораны, кафе) - телефон, почта, мессенджеры. Выполнение плана продаж. Консультирование клиентов по продукции компании (продукты питания). Контроль отгрузок, выставление счетов, ведение документооборота. Работа с дебиторской задолженностью.",https://hh.ru/vacancy/125365891
Региональный менеджер по оптовым продажам,Юнайтед Термо РУС,150.0,,,,,От 3 до 6 лет,ТК,5/2,,обучение,Поиск и привлечение новых клиентов на закрепленной территории (СЗФО) Проведение переговоров и заключение договоров с ключевыми клиентами Анализ рынка и конкурентной среды Разработка и реализация стратегий увеличения продаж Выполнение плана продаж Контроль дебиторской задолженности Подготовка отчетности и аналитики,https://hh.ru/vacancy/125406856
Менеджер по работе с клиентами,Чеки из Аптеки,,,,,'7-8,От 1 года до 3 лет,ТК,7/8,,"бонус, бонусы","Активное привлечение клиентов в фарма цевтическом сегменте; Организация встреч онлайн и оффлайн, участие в мероприятиях и конференциях; Презентация продукта, ведение коммуникации с клиентами на первоначальных этапах; Заключение сделок, передача проектов в клиентский отдел; Ведение базы клиентов. Что мы ожидаем от тебя: Уверенное владение техниками холодного поиска и привлечения клиентов с нуля; Понимание специфики фарма цевтического рынка и его ключевых игроков; Наличие своей базы клиентов в отрасли будет огромным плюсом.",https://hh.ru/vacancy/124729947
Менеджер по продажам / проектные продажи В2В,Фронтсайд,154.0,,,,,От 1 года до 3 лет,ТК,5/2,,"форма, бонус, бонусы, обучение","Формировать воронку продаж.  Анализировать рынок, оценивать риски и возможности, принимать обоснованные решения.  Управлять полным циклом продаж: от презентации до закрытия...",https://hh.ru/vacancy/123844415
Менеджер проектных продаж,Фабрикант,110.0,200.0,,,'3-4,От 1 года до 3 лет,ТК,"5/2, 3/4",,"ДМС, обучение",Встречаться с клиентами онлайн и офлайн. Представлять компанию на конференциях и выставках. Вести полный цикл продаж: от поиска клиента до...,https://hh.ru/vacancy/124239900
Помощник менеджера по продажам растений,Питомник растений «Hvoya»,90.0,,,,,От 1 года до 3 лет,ТК,5/2,,"кофе, чай",Компания ХВОЯ  в поисках помощника <highlighttext>менеджера</highlighttext> <highlighttext>по</highlighttext> <highlighttext>продажам</highlighttext> наших растений.,https://hh.ru/vacancy/124451882
Менеджер по продажам в магазин премиального шоколада,Горохов Владимир Вячеславович,70.0,200.0,,,,От 1 года до 3 лет,ГПХ,5/2,2 раза в месяц,"питание, форма, премии, обучение",Стабильно выполнять планы продаж по работе с текущими клиентами. Выполнять нормативы по звонкам (обрастать новыми клиентами). Сопровождать клиентов и сохранять...,https://hh.ru/vacancy/125069486
Менеджер по работе с клиентами (юридические лица),Ретрак Центр,100.0,250.0,,,,От 1 года до 3 лет,ТК,5/2,,обучение,Поиск и привлечение новых клиентов для сотрудничества; Заключение договоров на обслуживание Составление коммерческих предложений Взаимодействие с клиентами (претензионные работы) Ведение дебиторской задолженности;,https://hh.ru/vacancy/125252347
Менеджер по продажам,MANEKEN BRAND,90.0,140.0,,,,От 1 года до 3 лет,ТК,5/2,,скидки,Обрабатывать входящие обращения в CRM Битрикс и по телефону: консультировать клиентов по товарам и сопровождать лидов по воронке продаж. — ,https://hh.ru/vacancy/124622130
Менеджер по работе с клиентами,Rost-Line,80.0,150.0,,,,От 1 года до 3 лет,ТК,"6/1, 5/2",2 раза в месяц,"форма, обучение","Первичная работа с заказчиком ( переписка , консультация в телефонном режиме ) -Просчет во внутренней программе ( обучение) -работа в программах Word, Excel",https://hh.ru/vacancy/125123920
Менеджер по работе с клиентами,ПромВестНадзор,80.0,,,,,Нет опыта,ТК,5/2,,"премии, бонус, бонусы, кофе, чай","Работа с существующей базой клиентов и поиск новых; Ведение переговоров по телефону, заключение договоров; Ведение документации; Работа с клиентами CRM и BITRIX системе",https://hh.ru/vacancy/125316662
Менеджер по продажам в производственную компанию,Филанко,120.0,200.0,,,,От 1 года до 3 лет,ТК,"5/2, 60/70",,"ДМС, форма, подарки, обучение","Продажи кабельно-проводниковой продукции 60-70% - входящий поток; Формирование и ведение клиентской базы (работа с существующей базой клиентов, активное качественное и количественное развитие клиентской базы); Сбор информации о клиентах и обеспечение ее ввода в электронные базы данных; Проведение встреч/переговоров, презентаций, участие в выставках; Анализ цен и конкурентной продукции; Участие в маркетинговых мероприятиях компании; Осуществлять сбор информации о спросе на товар, причинах его изменения; Выполнение плана продаж; Получение запросов и формирование коммерческих предложений; Ведение сделки от начала и до завершения (формирование и согласование договора, выставление счетов, контроль прихода денежных средств, формирование заказов поставщикам, контроль прихода и отгрузки продукции); Подготовка отчетов о проделанной работе, аналитических докладов по запросу руководителя. Наши ожидания: Знание техники продаж, правил установки деловых контактов; Умение ставить цели и достигать их; Умение находить общий язык с разными людьми; Хорошо поставленная речь; Уверенный пользователь ПК (пакета Microsoft Office -Word, Excel, Outlook, PowerPoint, 1С) Способность работать с большим объёмом информации; Стрессоустойчивость.",https://hh.ru/vacancy/124702128
Менеджер по продажам в офис застройщика,Компания Альянсинвестстрой,60.0,200.0,,,,От 1 года до 3 лет,ТК,5/2,,"форма, обучение",Обрабатывать входящие заявки; Договариваться с клиентами о встрече; Проводить презентации по скрипту компании; Выполнять план продаж.,https://hh.ru/vacancy/125344188
Региональный менеджер по продаже электротехнической продукции,"Провенто, ГК",150.0,,,,,От 3 до 6 лет,ТК,64/27,2 раза в месяц,"питание, корпоративное питание, форма, бонус, обучение","Развитие существующих и привлечение новых клиентов на территории Проектные продажи – регистрация проектов, защита и реализация Продвижение решений в проектных организациях и отделах партнеров Управление менеджерами дистрибьюторов на территории с постановкой задач Проведение тематических презентаций, семинаров и обучения сотрудников партнеров Участие в выставках и рекламных мероприятиях по продвижению продукции Сбор информации о рыночной конъюнктуре, конкурентах и продуктах на территории, подготовка отчетной документации по итогам работы.",https://hh.ru/vacancy/125345989
Менеджер по работе с клиентами,Новгородский фонд поддержки малого предпринимательства,80.0,,,,,От 1 года до 3 лет,ТК,5/2,,,"поиск клиентов и предоставление услуг Центра экспортерам; - организация и проведение телефонных переговоров, презентаций, встреч с первыми лицами компаний; - консультирование по вопросам ведения и поддержки экспортной деятельности; - подготовка аналитических материалов, справок и отчетов.",https://hh.ru/vacancy/125433942
Онлайн - менеджер по продажам в современный бренд женской одежды,Tatikawear,50.0,75.0,,,,От 1 года до 3 лет,ТК,2/2,,"форма, подарки, скидки","обеспечивать качественное персональное обслуживание для наших любимых клиентов; составлять красивые образы под запрос клиента; совершать доп. продажи (у нас для этого есть все условия, ведь из ассортимента T A T I K A можно создать целый капсульный гардероб); реанимировать старых клиентов - мы очень любим свою клиентскую базу и стараемся поддерживать с ней постоянные отношения; Пожелание к кандидату: чувство стиля и умение находить подход к каждому клиенту; желание развиваться в сфере моды; знание и владение техникой продаж (желательно); грамотная речь и отличные коммуникативные навыки, желательно навык продаж в переписке; опыт работы в fashion-retail будет преимуществом; опыт работы в AmoCrm и Мой Склад Если тебе откликнулось описание нашей вакансии, обязательно оставляй свой отклик и мы с тобой свяжемся Отклики с сопроводительным письмом рассматриваем в приоритетном порядке - будет здорово, если ты напишешь, чем тебе откликается данная вакансия",https://hh.ru/vacancy/124487829
"Администратор VR-клуба / Менеджер по работе с клиентами (ТРЦ ""Хорошо!"" и ТРЦ ""Город Косино"")",Рубикон,60.0,70.0,,,,Нет опыта,ТК,2/2,,бонус,"Встречать и провожать наших гостей; Консультировать и помогать на протяжении всей игровой сессии; Следить за исправностью оборудования; Расчет клиентов по кассе и ведение отчетности (всё очень просто, обязательно научим); Поддерживать чистоту и порядок на островке. Присоединяйся к нашей дружной команде Реальной Виртуальности и мы вместе будем зажигать яркие эмоции!!!",https://hh.ru/vacancy/124708205
Региональный менеджер по продажам,Мед ТеКо,,,,,,От 3 до 6 лет,ТК,5/2,Ежемесячно,чай,"Развитие региональной дистрибуции – поиск и сопровождение работы партнеров на территории региона Северно-Западного федерального округа; Планирование продаж оплат и отгрузок продукции компании партнерам на ежемесячной основе; Сопровождение партнеров в работе над проектами – поставка оборудования потребителю; Проведение обучения торгового персонала партнеров по ассортименту компании на регулярной основе; Развитие качественной дистрибуции – расширение ассортимента продукции компании в продуктовом портфеле партнеров; Совместное участие с партнерами в переговорах с ЛПР, конференциях, профильных мероприятиях, выставочных проектах; Обеспечение систематических поставок продукции компании в ключевые города региона; Обеспечение выполнения плана продаж региона; Контроль платежей и поставок продукции партнерам. Наши пожелания: Высшее образование (предпочтительно медицинское или техническое); Опыт работы в продажах не менее 5 лет, желательно на фарм рынке и/или в продажах медицинского оборудования; Опыт работы с тендерами по 44-ФЗ, 223-ФЗ желательно; Опыт ведения проектных продаж, на любом рынке; Знание рынка медицинской техники региона, как большой плюс; Уверенный пользователь ПК (Word‚ Excel‚ Power Point, 1С, Битрикс24, amoCRM ); Знание техники продаж и умение работать с возражениями; Грамотная письменная и устная речь.",https://hh.ru/vacancy/125399762
"Менеджер по продажам цифровой техники ""Цифромаркет"", г. Жуковка",Цифромаркет,45.0,,,,,Нет опыта,ТК,"5/2, 4/2",,премии,"Консультировать клиентов, демонстрировать возможности цифровой техники. Активно продвигать услуги и продукцию Компании. Следить за чистотой и порядком в торговом зале. Хочешь работать в комфортных условиях, развиваться профессионально и получать достойную зарплату? Стань частью нашей команды!",https://hh.ru/vacancy/120620838
Менеджер по продажам (без холодных звонков),Кондитерская студия CakeTime,70.0,,,,,От 1 года до 3 лет,ТК,2/2,,,Обработка входящих заявок и консультирование клиентов по ассортименту продукции. Проведение переговоров и заключение сделок. Поддержание долгосрочных отношений с клиентами и...,https://hh.ru/vacancy/124729370
Менеджер по продажам,Техно Трейд,160.0,,,,,От 1 года до 3 лет,ТК,5/2,Ежемесячно,"бонус, обучение, транспорт, кофе, чай","Продажа премиальной полуприцепной техники: самосвалы, тралы, газовозы, зерновозы, шторные, цементовозы и другие виды. Активное развитие клиентской базы: поиск новых клиентов (B2B и B2C), работа с входящими заявками, выстраивание долгосрочных отношений. Консультации клиентов: помощь в выборе техники, объяснение её технических преимуществ. Сопровождение сделок на всех этапах: от первого звонка до отгрузки и оплаты. Участие в отраслевых выставках и маркетинговых мероприятиях.",https://hh.ru/vacancy/124325301
Менеджер по работе с клиентами (ПИТЕР ФМ),M10Media,80.0,150.0,,,,От 1 года до 3 лет,ТК,5/2,,"ДМС, премии, обучение","активный поиск новых рекламодателей; переговоры по продаже рекламных возможностей; подготовка, создание и проведение презентаций; формирование коммерческих предложений; разработка спецпроектов и промо-акций; выполнение плановых показателей.",https://hh.ru/vacancy/124774613
Менеджер по продажам,Инновация,60.0,110.0,,,'7-15,От 1 года до 3 лет,ТК,"7/15, 2/2",2 раза в месяц,обучение,Мы работаем ТОЛЬКО С ТЕПЛОЙ БАЗОЙ и со входящими заявками потенциальных клиентов. КЛЮЧЕВАЯ ЗАДАЧА - подбирать программы обучения по запросу клиента. ,https://hh.ru/vacancy/125390199
Account Manager / Аккаунт Менеджер,Юмнико,70.0,110.0,,,,От 1 года до 3 лет,ТК,5/2,,форма,"Управлять переподпиской. Вести коммуникацию с клиентами (по телефону и мессенджерах), отвечать на запросы и помогать в работе с продуктом. ",https://hh.ru/vacancy/125246284
Менеджер по продажам,Движение-КОМИ,80.0,150.0,,,,От 1 года до 3 лет,ТК,5/2,,форма,"поиск и привлечение новых оптовых клиентов по двум направлениям: г. Киров а так же Кировская область; анализ рынка и сбор информации о клиентах; поддержание и развитие отношений с существующими клиентами; консультирование клиентов по продукции, участие в разработке и проведении презентаций, мотивационных и рекламных акций; работа с возражениями; расширение ассортимента у клиентов; составление и заключение договоров, работа с документацией; контроль дебиторской задолженности; отчетность.",https://hh.ru/vacancy/125367458
Менеджер по работе с клиентами,Акрон-Металл,70.0,,,,,От 3 до 6 лет,ТК,5/2,,,"Приём входящих звонков и писем от клиентов Подготовка и отправка коммерческих предложений Получение обратной связи, финализация КП Выставление счетов, контроль оплаты Подписание договоров и спецификаций Размещение заказов в производство Ответы на уточняющие запросы Подготовка документов на отгрузку, согласование способов доставки Контроль получения продукции и закрывающих документов Расширение базы заказчиков, партнеров.",https://hh.ru/vacancy/125466129
Менеджер по продажам в теннисный клуб,Tennis Capital,,210.0,,,,От 1 года до 3 лет,ТК,2/2,,"бонус, бонусы",Дорогой будущий коллега! Вести активную работу с действующими клиентами (после продажи мы клиента не бросаем до следующей продажи). Вести отчетность.,https://hh.ru/vacancy/123850082
Менеджер по работе с клиентами,Товарищ Трубопроводчиков,90.0,,,,,Нет опыта,ТК,5/2,,,"обработка входящих запросов от клиентов, просчет стоимости, выставление предложений. - общение по эл. почте и телефону. - полная проработка заявки (согласования, замены...",https://hh.ru/vacancy/125405576
Региональный менеджер по продажам. Челябинская область.,Дербентский коньячный комбинат,,115.0,,,,От 1 года до 3 лет,ТК,5/2,,"форма, скидки","Выполнение ключевых показателей: объем/дистрибуция Реализация сбыта на вверенной территории; Работа с торговыми сетями на вверенной территории; Контроль дебиторской задолженности; Аудит рынка, анализ продаж, мониторинг; Контроль дебиторской задолженности; Контроль ценообразования; Подключение новых партнеров; поддержание и развитие клиентской базы; Развитие всех каналов продаж (увеличение количественной и качественной дистрибуции); Согласование коммерческих условий и ценообразования; Расширение ассортимента у действующих партнёров; Контроль согласования договоров поставки; Содействие в проведении ТММ на вверенной территории; Постановка целей и контроль деятельности отделов продаж партнеров; Планирование и анализ отгрузок дистрибуторов; Документооборот и отчетность; Работа с торговыми сетями на вверенной территории. Наши ожидания: опыт в сфере продаж алкоголя от 2 лет (обязательно FMCG); знание алкогольного рынка (торговых сетей и дистрибуторов); четкость и оперативность в выполнении поставленных задач; умение анализировать информацию; знание Excel – сводные таблицы, функция ВПР; умение оценить рентабельность и эффективность планируемых проектов. Личностные характеристики: хорошие коммуникативные навыки; стрессоустойчивость; инициативность; нацеленность на результат.",https://hh.ru/vacancy/125455501
Менеджер по продажам,ИТС-Консалт,100.0,150.0,,,,От 1 года до 3 лет,ТК,5/2,,"форма, обучение",Совершать исходящие звонки и вести телефонные переговоры. Проводить встречи с руководителями клиентов (в офисе или видеовстречи). Презентовать услуги компании (аренда...,https://hh.ru/vacancy/124357605
Помощник менеджера по продажам,Цветочная мастерская Бирюза,40.0,45.0,,,,Нет опыта,ТК,"5/2, 24/7",,кофе,"Изучать ассортимент и сезонность цветов, быть в курсе основных процессов компании; -Помогать в ответах на сообщения и заявках от клиентов, особенно в часы пик; -Подготавливать и оформлять заказы: распечатывать доставки, готовить записки и открытки; -Фотографировать букеты, снимать видео (а иногда и фотографироваться с ними 😉), отправлять фото, видео заказчикам для согласования; -Взаимодействовать с курьерами и флористами, чтобы все заказы были выполнены вовремя и на высоком уровне; -Принимать и корректно оформлять заказы, в том числе индивидуальные; -Поддерживать порядок в документах, базах и коммуникациях; -Участвовать в жизни студии, помогая создавать атмосферу уюта и профессионализма. Мы ищем человека, который: -Грамотно говорит и пишет, легко и приятно общается с людьми; -Внимателен к деталям (в нашем деле даже подпись на записке может изменить настроение клиента); -Ответственный, организованный, умеет работать в команде; -Быстро включается в режим многозадачности; -Уверенно работает с компьютером, мессенджерами, документами; -Интересуется эстетикой и хочет работать в сфере флористики; -Опыт в клиентском сервисе, продажах или административной работе будет преимуществом, но не является обязательным. Почему стоит выбрать именно нас? -Мы — опытная команда, которая работает с эмоциями и красотой каждый день. -У нас нет скучной рутины — каждый заказ уникален. -Мы умеем совмещать строгую организацию с творчеством. - Мы проводим обучения 💌 Если ты хочешь работать там, где твой труд напрямую дарит радость людям — присылай резюме с пометкой «Мне интересно, хочу себя проявить!»",https://hh.ru/vacancy/125107073
Менеджер по продажам (премия 30% от продаж),Роском БЮРО,110.0,200.0,,,,Нет опыта,ТК,"20/30, 3/5, 1/2, 2/3, 6/12",,"бонус, бонусы, обучение","Полный цикл продаж: от первого касания до закрытия сделки. Работа в Bitrix24, CRM полностью автоматизирована — лишнего нет, только продажи. ",https://hh.ru/vacancy/125305372
Менеджер по работе с клиентами,Фрост,70.0,100.0,,,,Нет опыта,ТК,5/2,,,"Ваша основная задача— выстраивать долгосрочные и доверительные отношения с нашими клиентами. Для этого ваши обязанности : Обработка сообщений и запросов клиентов через WhatsApp Формирование заказов в системе 1С Информирование клиентов о наших акциях, новинках и актуальных предложениях Наша цель — быть рядом, понять потребности и создать комфортное взаимодействие для каждого клиента.",https://hh.ru/vacancy/125310538
Менеджер по работе с клиентами,ЭТК Электрик,80.0,,,,,От 1 года до 3 лет,ТК,5/2,,"подарки, обучение","Работать с действующей клиентской базой. Работать в 1С с первичными документами (накладные, УПД, ТТН, ТН, возвраты, перемещения и др.). ",https://hh.ru/vacancy/125415977
Менеджер по продажам КонсультантПлюс (без поиска),ПРАВО-Конструкция,150.0,250.0,,,,От 1 года до 3 лет,ТК,5/2,,"форма, обучение","Продавать справочно-правовую систему КонсультантПлюс потенциальным клиентам B2B (без поиска клиентов, предоставляем базу). Проводить презентации продукта, акцентируя внимание...",https://hh.ru/vacancy/124693531
